ca,155
na,126
vā,114
vuttaṃ,104
hi,88
pana,80
tattha,71
attho,66
hoti,63
evaṃ,59
viya,58
taṃ,50
yathā,48
āha,48
tathā,44
eva,41
tena,39
hotīti,37
so,35
jhānaṃ,33
tesaṃ,32
tassa,32
tasmā,30
tasmiṃ,29
idha,28
cittaṃ,28
yaṃ,27
katvā,27
jhānassa,26
nāma,25
tenāha,23
dassetuṃ,23
yasmā,22
tato,22
ettha,21
adhippāyo,21
kho,20
daṭṭhabbaṃ,20
te,20
hutvā,18
nimittaṃ,17
cittassa,16
kathaṃ,16
vutto,16
pubbe,15
sambandho,15
sā,15
kasmā,15
bhāvanāya,14
veditabbā,14
yadi,14
vāti,14
sati,13
avitakkaṃ,13
paṭhamaṃ,12
sandhāya,12
ayaṃ,12
sukhaṃ,12
sammadeva,12
attano,12
ārammaṇe,12
tatthāti,11
daṭṭhabbo,11
dhammānaṃ,11
dassento,11
manasi,11
iminā,11
siyā,11
atha,11
visuṃ,11
yo,11
vadanti,11
sakkā,10
visesato,10
idaṃ,10
yena,10
suṭṭhu,9
nayo,9
ārammaṇaṃ,9
ādisaddena,9
viyāti,9
vitakkavicārānaṃ,9
idāni,9
vuttā,9
tehi,9
viseso,8
yadā,8
puna,8
ekaṃ,8
jhāne,8
labbhati,8
sabbaso,8
vinā,8
pītiyā,8
samaṃ,8
tadā,8
sandhāyāha,8
dhammā,8
cettha,8
tāni,7
cetaso,7
pīti,7
gahitaṃ,7
pathavīkasiṇaṃ,7
vuttanti,7
saha,7
yattha,7
karoti,7
vuttattā,7
pavattati,7
ye,7
assa,7
sampayuttadhammānaṃ,7
dutiyaṃ,7
uppajjati,7
tatiyaṃ,7
bhāvanā,7
appanā,7
yasmiṃ,7
ito,7
imassa,7
anu,6
vuccati,6
gahetvā,6
pākaṭo,6
saddhāya,6
paññāya,6
veditabbaṃ,6
ajjhupekkhanā,6
saddhindriyaṃ,6
tanti,6
etthāti,6
vūpasamo,6
visesaṃ,6
vatvā,6
abhāvato,6
sampasādanaṃ,6
vihāro,6
dukkhaṃ,6
satipi,6
paṭhamajjhāne,6
kātabbaṃ,6
catutthaṃ,6
honti,6
domanassaṃ,6
yadipi,6
kammaṭṭhānaṃ,6
pañcakanayo,6
samādhi,6
yogino,6
vitakko,6
vīriyaṃ,6
pāḷiyaṃ,6
jhānakkhaṇe,6
dasseti,6
tassā,6
kiñci,5
samena,5
appanaṃ,5
ākārā,5
vihāre,5
ceva,5
akusalā,5
jhānasamaṅgī,5
etaṃ,5
sammā,5
eseva,5
tasseva,5
tesu,5
saṅgaṇhāti,5
vattuṃ,5
paṭisaṃvedetīti,5
viharatīti,5
cittanti,5
pañcamaṃ,5
natthi,5
tañca,5
veditabbo,5
upekkhāvasena,5
pañcakanaye,5
samādhijaṃ,5
kiṃ,5
jhānato,5
yojanā,5
upekkhā,5
sampahaṃsanā,5
tayo,5
panātiādi,5
nu,5
pathavīti,5
tadabhāvato,5
vasena,5
kālaṃ,5
kāmā,5
atthaṃ,5
āvajjanāya,5
pahānaṃ,5
atthato,5
vacanaṃ,5
yāthāvato,5
paccayo,5
kāmānaṃ,5
vattabbaṃ,5
pavattaṃ,5
yesaṃ,5
pathavī,5
sātisayaṃ,5
tasmāti,5
ñāṇaṃ,5
nanu,5
bhāvanāvasena,4
sabbattha,4
bhagavā,4
avicāranti,4
vitakkena,4
aṭṭhakathāyaṃ,4
evāti,4
sāmivacanaṃ,4
katthaci,4
pariyosānanti,4
esa,4
sarūpato,4
upasampajja,4
appanāya,4
paṭilābhatthāya,4
satthu,4
samathanimittaṃ,4
kālena,4
kāmehi,4
pavatti,4
nimittanti,4
samādhissa,4
ete,4
punappunaṃ,4
uppādaṃ,4
ekodibhāvanti,4
kāmaṃ,4
vitakkassa,4
etena,4
etenāti,4
oloketvā,4
etesu,4
atthīti,4
pahīyanti,4
atthi,4
tatthassa,4
pākaṭaṃ,4
pajahati,4
nāmakāyena,4
ñāṇassa,4
ime,4
sarīraṃ,4
dutiyajjhāne,4
jhānaṅgāni,4
paricayena,4
jhānāni,4
upari,4
itare,4
bahulaṃ,4
saṅgaho,4
vīriyādīnaṃ,4
ummīletvā,4
ko,4
padaṃ,4
balavabhāve,4
saddhāpaññānaṃ,4
balavabhāvato,4
tīṇi,4
heṭṭhā,4
sallakkhetvā,4
sampayuttadhamme,4
pavattamānā,4
saddhiṃ,4
tatrāti,4
vedanāya,4
vūpasamāti,4
panettha,4
vuttāti,4
cakkhunā,4
karotīti,4
cāti,4
nissaraṇaṃ,4
cattāri,4
nāpi,4
svāyaṃ,4
vatthukāmā,4
paññā,4
siyāti,4
yāva,4
kātabbanti,4
nīvaraṇāni,4
pañca,4
panāyaṃ,4
vicārassa,4
savisesaṃ,4
sappaṭibhāgā,4
vivicceva,4
kataṃ,4
khaṇaṃ,4
sabhāvato,4
balavaṃ,4
vicāramattaṃ,4
sukhanti,4
nimittassa,4
vibhaṅge,4
yā,4
paraṃ,4
kusalā,4
vuttoti,4
vāsaddo,4
pubbenāparaṃ,4
tassāti,3
uppajjeyya,3
taṇhāppahānaṃ,3
domanassassa,3
paccekaṃ,3
kilesakāmehi,3
pavattiyā,3
dhāraṇena,3
tatopi,3
labbhatīti,3
disvā,3
vipassanaṃ,3
pavattanti,3
vināpi,3
pavattassa,3
kilesakāmā,3
samāhitaṃ,3
pavatto,3
dosassa,3
sakkoti,3
lahuṃ,3
vaṇṇo,3
upacārakkhaṇe,3
bhikkhu,3
nimitte,3
atīte,3
bhāvetīti,3
attānaṃ,3
bhāveti,3
sabbepi,3
nimittaggahaṇaṃ,3
bhāvanācittassa,3
bhāvanācittaṃ,3
rūpaṃ,3
balavatī,3
vasī,3
āvajjanavasī,3
purimasmiṃ,3
niddhāraṇe,3
upāyāsaṃ,3
upekkhaṃ,3
upekkhānubrūhanā,3
āyatiṃ,3
āyasmā,3
uppattīti,3
ayampi,3
uppādakkhaṇe,3
rattiṃ,3
nayena,3
avisesena,3
uppajjanti,3
rūpagataṃ,3
nirassādaṃ,3
saddhindriyassa,3
cakkhuṃ,3
tāva,3
tāya,3
appanācittaṃ,3
lakkhaṇaṃ,3
appanākosallaṃ,3
daṭṭhabbā,3
dassitaṃ,3
dassetvā,3
tenākārena,3
teneva,3
appanāyaṃ,3
vicikicchāya,3
ṭhānaṃ,3
vicāro,3
nuppajjatīti,3
ṭhāne,3
ṭhānesu,3
majjhimaṃ,3
pītisukhaṃ,3
majjhattākāro,3
nissāya,3
catukkanaye,3
cetaṃ,3
samādhivīriyānaṃ,3
pisaddo,3
ārohati,3
vegena,3
vibhattaṃ,3
cittekaggatāya,3
therā,3
lobho,3
vedanā,3
jhānapāṭhe,3
uppajjatīti,3
dutiyanti,3
evameva,3
kātuṃ,3
imaṃ,3
pākaṭataraṃ,3
yassā,3
imamatthaṃ,3
imāni,3
kāyaṃ,3
etesanti,3
vuttanayena,3
kāyassa,3
etāyāti,3
etassāti,3
imehi,3
vitakkādīnaṃ,3
kāyena,3
indriyānaṃ,3
kevalaṃ,3
ānetvā,3
samaye,3
keci,3
eko,3
ādāsatale,3
evampi,3
visuddhaṃ,3
addhā,3
yathāpaccayaṃ,3
satīti,3
suppamatte,3
paṭipakkhadhammānaṃ,3
suppamattaṃ,3
sambandhitabbaṃ,3
sātaṃ,3
satthārā,3
gahaṇaṃ,3
āhananaṃ,3
paṭhamanti,3
karonto,3
gatā,3
paṭhamajjhānikānaṃ,3
soṇattherassa,3
hāpetabbanti,3
pathavīmaṇḍalaṃ,3
pathavīmaṇḍale,3
kasiṇamaṇḍalaṃ,3
gaṇhāti,3
paṭhamajjhānassa,3
ajjhupekkhatīti,3
vuccatīti,3
kassaci,3
sesesupi,3
hettha,3
pāḷiyā,3
gahaṇe,3
icchā,3
adhippetā,3
adhippetaṃ,3
adhiṭṭhānaṃ,3
passati,3
gahitanti,3
sukhañca,3
ādito,3
paṭibhāganimittassa,3
kaṇhā,3
suggahitaṃ,3
kātabboti,3
ādīnavaṃ,3
yathāvuttehi,3
paṭipajjati,3
jātiṃ,3
santato,3
tadubhayaṃ,3
kadāci,3
ekajjhaṃ,3
abhāvena,3
yebhuyyena,3
dve,3
jhānasamaṅgino,3
paripanthato,3
yehi,3
pageva,3
yenākārena,3
tadeva,3
javanaṃ,3
javanāni,3
samappavattiyā,3
abhāvatoti,3
dvidhā,3
aññathā,3
santāne,3
kiccaṃ,3
sarāvamattaṃ,3
jhānānaṃ,2
mandakiccatāya,2
naṭṭhe,2
hītiādi,2
hīnā,2
uggaṇhātīti,2
jhānampi,2
upacārabhūmiyaṃ,2
upabrūhanaṃ,2
sace,2
bojjhaṅgupekkhā,2
byādhiṃ,2
santike,2
sampayuttānaṃ,2
bhūtaṃ,2
ayamattho,2
bojjhaṅgo,2
saparicchede,2
kammaṭṭhānanti,2
senāsane,2
maraṇaṃ,2
bhummavacanaṃ,2
bhūtanti,2
bhuñjanākāraṃ,2
bhuñjitvā,2
sampayuttaṃ,2
santiṭṭhanā,2
ujuvipaccanīkatāya,2
sāsaṅkaṃ,2
hetu,2
jhānanti,2
karontassa,2
sampajānoti,2
gocaraṭṭhānato,2
gotrabhuṃ,2
sīghaṃ,2
catasso,2
sampasādanayogato,2
candalekhā,2
karaṇaṃ,2
kāraṇabhūtena,2
sādhāraṇato,2
siddhā,2
byāpāraṃ,2
avisade,2
manāpiyā,2
hāpanavidhi,2
byāpādassa,2
sampayuttā,2
rañjanaṭṭhena,2
kaṅkhaṃ,2
uppādeti,2
rattiyaṃ,2
ñatvā,2
manasikārena,2
upacārajjhānaṃ,2
hāyati,2
āvuso,2
natthīti,2
mandabhāvo,2
savitakkaṃ,2
upādāya,2
kammaṃ,2
indriyesu,2
saṅkhepattho,2
balavā,2
upaṭṭhānaṃ,2
satiyā,2
upaṭṭhāsi,2
jātaṃ,2
upaṭṭhāti,2
upapattiṃ,2
ñāṇakiccabhūtā,2
bhāvanamanuyuñjantassa,2
sabbaṃ,2
nāmaṃ,2
nanti,2
rukkho,2
sañcaraṇahattho,2
saṅgahetvā,2
iriyāpathe,2
upaṭṭhahanti,2
bālo,2
balavataro,2
iti,2
balavataranti,2
saṅkhārupekkhāsu,2
jaraṃ,2
satiṃ,2
saṅgahito,2
balavabhāvo,2
bhante,2
sarāvamatte,2
nānāsabhāvehi,2
rūpūpapattiyā,2
saṅkhepato,2
me,2
imasmiṃ,2
naṃ,2
bhāvetabbanti,2
icchitā,2
upekkhāya,2
jhānadhammānaṃ,2
ayañhettha,2
jhānādhigamassa,2
upadhāreti,2
ayañca,2
bhaveyya,2
kāle,2
sabhāgāya,2
hutvāti,2
jhānena,2
hontīti,2
icceva,2
napuṃsakaniddeso,2
icchitabbāti,2
jhānacittassa,2
javanavārā,2
sappāyaṃ,2
upekkhānubrūhanāti,2
āyūhanaṃ,2
upalabbhati,2
imā,2
jhānacitte,2
sattānaṃ,2
sabbatthikā,2
ijjhissatīti,2
sattesu,2
satthā,2
idanti,2
sabbena,2
upekkhāti,2
ghaṇḍābhighāto,2
gantvā,2
catukkanayavasena,2
dinnanayena,2
samānādhikaraṇaniddeseneva,2
kusalo,2
suttantadesanāyapi,2
dīpetuṃ,2
ekattena,2
samatthatā,2
ekattagataṃ,2
kevalampi,2
khandhānaṃ,2
khaṇe,2
samatho,2
tasminti,2
diṭṭhādīnavattā,2
tasmiṃyeva,2
samathavīthipaṭipattiyā,2
ekaṃsena,2
ekaṃsato,2
khandhapañcakaṃ,2
tāsaṃ,2
samameva,2
samavāhitabhāvena,2
desitaṃ,2
desitāni,2
tattheva,2
etasmiṃ,2
etanti,2
dhammaṃ,2
ekodiṃ,2
dhammasabhāvapaccavekkhaṇena,2
tathāpi,2
tatramajjhattupekkhāya,2
tatramajjhattupekkhā,2
tatramajjhattatāya,2
ekodibhāvaṃ,2
laddhāsevanaṃ,2
dhammesu,2
dhammeti,2
samāhitākāraṃ,2
laddhaṃ,2
samādhiyati,2
etassa,2
tadadhimuttatāti,2
kusalādīnaṃ,2
kira,2
taṃsampayuttānaṃ,2
dūrato,2
kiccato,2
kiccavasena,2
dutiyena,2
kiñcāpītiādi,2
kiñcāpi,2
dukkhindriyaṃ,2
dutiye,2
kilesasaṃsaggaṃ,2
tampi,2
dutiyajjhānaṃ,2
dutiyajjhānameva,2
dutiyajjhānassa,2
takkāhataṃ,2
tamevatthaṃ,2
takkanato,2
kilesehi,2
divā,2
dukkhāya,2
samarasaṃ,2
divasaṃ,2
tadaggena,2
ekaggataṃ,2
samathanimittanti,2
ekaggatā,2
dosaṃ,2
khobhaṃ,2
khuddikā,2
samāpajjanavasī,2
kosajjapātato,2
samantato,2
samataṃ,2
koci,2
dvayaṃ,2
dvattiṃsa,2
samatā,2
samarasatāya,2
samāpajjanaṃ,2
kosajjapakkhe,2
sūpaṭṭhitaṃ,2
lahutaraṃ,2
tayidaṃ,2
cintetabbo,2
katā,2
ciraparicitaṃ,2
maggaṃ,2
cito,2
kātabbo,2
samādhiādīnaṃ,2
sukhā,2
gaṇhanto,2
citte,2
cittekaggatā,2
sukhadukkhāni,2
cittekaggatāti,2
cittena,2
therassa,2
gahitoti,2
samādhiṃ,2
samādhimhi,2
gamitā,2
codanaṃ,2
tiracchānakathāti,2
samappavattaṃ,2
caturaṅgikaṃ,2
karonti,2
tividhāya,2
cāyaṃ,2
sodhetvā,2
gato,2
sokaṃ,2
cetasoti,2
soṇḍī,2
karontīti,2
gatiṃ,2
gati,2
chando,2
tīsupi,2
karoto,2
chaṭṭhaṃ,2
garuṃ,2
tīsu,2
cetiyaṅgaṇaṃ,2
codanāyaṃ,2
ṭhatvā,2
gahito,2
gacchati,2
evarūpe,2
evanti,2
evañhi,2
evañca,2
evamidhāpi,2
dassitā,2
sukkā,2
tenassa,2
telena,2
evametehi,2
katvāti,2
evamāgatā,2
desanā,2
kāyacittānaṃ,2
sambojjhaṅgo,2
ettakameva,2
etissāti,2
dassite,2
kattha,2
kato,2
tesaṃyeva,2
gahite,2
samādhinā,2
dakkhiṇāgirīti,2
sammasanavasena,2
ṭhapanaṃ,2
ṭhāniyo,2
ṭhāniyā,2
sammāsambuddho,2
samādhipaññānaṃ,2
gahitanimittaṃ,2
gahitā,2
sukhāya,2
gahetvāti,2
dandhāyitattaṃ,2
saṃkileso,2
līnaṃ,2
dasa,2
teyeva,2
sukheneva,2
udāhu,2
dutiyajjhānikānanti,2
ñāṇanti,2
aṭṭhasamāpattilābhino,2
vitakkādīhi,2
ārammaṇassa,2
anusetīti,2
puggalā,2
vitakkādīnaṃyeva,2
adhimattataṃ,2
pavattayeti,2
vināsaṃ,2
anuyogaṃ,2
vitthārato,2
passaddhiyā,2
paribbhamanaṃ,2
no,2
nimmīletvā,2
veditabbāti,2
parato,2
vitakkaṃ,2
vitakkanaṃ,2
vitakkappahānena,2
vuttākārena,2
āpajjati,2
vimuttattā,2
vuttamadhukarādayo,2
nipphajjamānā,2
adhippāyenāha,2
pathavīdhātuyā,2
piṇḍassa,2
vuttamatthaṃ,2
pubbaparikammavasena,2
adhippeto,2
vepullaṃ,2
paccavekkhitvā,2
ajjhāsayavasena,2
vitakkavicāresu,2
nimittabhāvena,2
nimittābhimukhaṃ,2
aṭṭhānappayutto,2
visuddhi,2
pahīnattā,2
anupavisitvā,2
vūpasamoti,2
paricchedaṃ,2
yathākkamaṃ,2
vakkhati,2
pariccajanā,2
pavattatīti,2
paṭipakkhaṃ,2
yathāha,2
alīnaṃ,2
puggalānaṃ,2
attani,2
paṇītā,2
adhigantabbattā,2
vitakkādayo,2
puggalādhiṭṭhānena,2
adhigatakkhaṇe,2
vaṇṇaṃ,2
pavattapārihāriyapaññāvasena,2
ahosīti,2
yassa,2
yathāhātiādi,2
oḷārikattā,2
pāpuṇituṃ,2
paṇītatarā,2
asādhāraṇato,2
vikkhambhitāni,2
paṭhamajjhānaṃ,2
paṭhamajjhānameva,2
olokento,2
vaṭṭamūlakaṃ,2
vitakkoti,2
āgamanavasenāti,2
vuttavipariyāyena,2
āgamato,2
asakkuṇeyyaṃ,2
vikkhambhanaviveko,2
api,2
pītisukhānaṃ,2
paṭipadāvisuddhi,2
pītisambojjhaṅgo,2
vuttattāti,2
vatthu,2
pītisambojjhaṅgaṭṭhāniyā,2
vikkhambhanavasena,2
appanācittassa,2
asambhavato,2
ovaditvā,2
vuttappamāṇaṃ,2
pītisambojjhaṅgassa,2
vitakkavicāravūpasamavacaneneva,2
vitakkavicārehi,2
vuttappakārāya,2
payogaṃ,2
aparāparaṃ,2
vuṭṭhānaṃ,2
āsevanābahulassa,2
pākaṭā,2
adhiṭṭhānavasī,2
yadatthi,2
vitakkavicāradvayarahite,2
adhivacananti,2
nirantaraṃ,2
nirantaranti,2
yadaggena,2
appanāsamādhinā,2
assāti,2
vatvāpi,2
anantaketi,2
paññābyāpārassa,2
asādhāraṇaṃ,2
anāgate,2
paccanīkadhammānaṃ,2
ādīnavadassanaṃ,2
aparisesaṃ,2
niṭṭhitā,2
viharantassa,2
viharanto,2
paṇṇantiādīsu,2
anadhimattatāya,2
pavattitoti,2
paṭiladdhassa,2
nirujjhatīti,2
pītisukhanti,2
paṭipadāvisuddhīti,2
paṭhamābhinipāto,2
oḷārikato,2
appākiṇṇaṃ,2
adatvā,2
vīriyassa,2
uppilāvitaṃ,2
parittanti,2
anirassādatāya,2
aññepi,2
yogī,2
paṭisandhiyā,2
padese,2
ussāho,2
yogāvacaro,2
paṭisandhiṃ,2
paṭibhāganimittaṃ,2
puriso,2
visayabhūte,2
ussukkāpetvā,2
paṭṭhāya,2
akusalo,2
vīriyasamatāyojanavasena,2
vibhūtabhāvato,2
ākārena,2
antarantarā,2
pañcaṅgavippahīnaṃ,2
pati,2
yathārahaṃ,2
pahānena,2
nivāretuṃ,2
paṭisaṃvedeyya,2
abhidhānaṃ,2
yāvadatthaṃ,2
akusalehi,2
rāgo,2
nekkhammanti,2
rakkhatīti,2
appeti,2
visabhāgehi,2
panāti,2
rakkhantī,2
uppannaṃ,2
uppannanti,2
aññamaññānativattanādayo,2
visabhāgasaddo,2
akhettaññū,2
aññamaññaviraho,2
vivicca,2
akate,2
paggahaniggahasampahaṃsanesu,2
pattaṃ,2
pañcahi,2
abhibhūtattā,2
vivekajanti,2
uppatti,2
appasaddaṃ,2
rājagehaṃ,2
avicāraṃ,2
vīriyindriyassa,2
vivekajaṃ,2
nibbattiṃ,2
visākha,2
paṭisaṅkhā,2
āvajjitabbaṃ,2
niddeso,2
niddiṭṭhā,2
avirodho,2
vipulabhāvāya,2
purimapade,2
anukkamena,2
paccupaṭṭhapetīti,2
aṅgāni,2
paccupatiṭṭhati,2
atthoti,2
pavattamānaṃ,2
vipassanāpaññā,2
vidhinā,2
nīvaraṇappahānena,2
achaḍḍento,2
aṅgaṃ,2
pahīnampi,2
vūpasamanaṃ,2
vevacanāni,2
atthe,2
vakkali,2
paṭipakkho,2
appanāti,2
visodhitattā,2
paccayavisesato,2
atthavaṇṇanā,2
oḷārikatā,2
paridevaṃ,2
atthassa,2
pathavīkasiṇe,2
vaḍḍheti,2
parihīnaṃ,2
pavattā,2
vadati,2
abyatto,2
paṭilabhati,2
pathaviyanti,2
padānaṃ,2
pañcasu,2
purimā,2
pañcannaṃ,2
yatra,2
virajjanaṃ,2
ākāraṃ,2
pathaviyā,2
āvahati,2
pariyogāhetvā,2
vidatthicaturaṅgulavitthāraṃ,2
vaḍḍhetabbaṃ,2
vibhattoti,2
āvajjentassa,2
anuddhataṃ,2
niggacchanti,2
paṭilābhabhūmiyanti,1
sammāpavattassāti,1
paṭilābhasamaye,1
paṭiladdharasānubhavananti,1
paṭijaggissāmāti,1
paṭipadā,1
paṭiladdhe,1
paṭilābhavasena,1
saṃkilesavigamena,1
paṭighānusayo,1
paṭinivattena,1
sammāpaṭipattiyā,1
paṭilābhatuṭṭhīti,1
paṭilabhatīti,1
saṃkilesavodānesūti,1
pāṭihāriyañāṇena,1
saṃkilesavatthuppahānaṃ,1
saṃkilesavodānesu,1
saṃkiliṭṭhaṃ,1
paṭicchādanavasena,1
rakkhituṃ,1
paṭipakkhabhāvadassanato,1
paṭipadaṃ,1
paṭisandhihetubhūtaṃ,1
paṭisandhi,1
samatikkamā,1
samatikkamapaṭipadābhāvato,1
patirūpato,1
paṭipūjanā,1
paṭipattiyā,1
samatikkamāti,1
samathavīthipaṭipannañca,1
paṭipattikkamaṃ,1
samatikkamātiādi,1
samatikkamavasena,1
samatikkamāya,1
samatikkamo,1
paṭipanno,1
samatthe,1
paṭipannattāti,1
samatthetuṃ,1
paṭipāṭiyā,1
paṭipannassa,1
samathavīthipaṭipannaṃ,1
samathassevetamadhivacananti,1
samathabhāvāpattiyevāti,1
samathabhāvūpagamanenāti,1
samathakammaṭṭhānaṃ,1
samathakammaṭṭhānikassa,1
patituṃ,1
samathanimittamanasikārādīti,1
patiṭṭhāsi,1
patitaṃ,1
samathavipassanaṃ,1
paṭisiddhattā,1
paṭisaṅkhāya,1
samathanimittassa,1
paṭisaṅkhārakattā,1
samathanimittassāpi,1
samathapaṭipadaṃ,1
paṭisandhinti,1
samathapaṭipattitathattupagamanañca,1
samathapaṭipattiyā,1
paṭisaraṇaṃ,1
samavāhitabhūtā,1
samavāhitameva,1
paṭipakkhena,1
paṭipādaye,1
samenāti,1
saṃhārimanti,1
saṃharitabbaṃ,1
paṭipādayato,1
paṭipadāya,1
paṭipadāvisuddhiyā,1
sāmiatthe,1
paṭipādento,1
samijjhissati,1
paṭipadāvisuddhiādike,1
paṭipadāvisuddhiādi,1
sāminaṃ,1
samīpacārī,1
samīpacārittā,1
paṭipadāti,1
samīpaṭṭhena,1
samīpe,1
paṭipadāvisuddhipakkhandatādi,1
saṃbhuñjatītiādīsu,1
paṭipajjamānattā,1
paṭipajjanākāro,1
paṭipakkhavidhamanapaccayūpasaṃhāravasena,1
paṭipakkhassa,1
samayeti,1
sambandhe,1
sambandhitabbo,1
sambhārenāti,1
paṭipakkhadūrībhāvo,1
paṭipakkhabhūtanti,1
sambharīyati,1
paṭipakkhabhāvato,1
sambhāro,1
sambhāvanāvasena,1
paṭipakkhā,1
paṭipākatikaṃ,1
paṭipajjituṃ,1
paṭipajjitabbā,1
paṭipajjanatoti,1
paṭipajjanaṃ,1
sambhavati,1
samitāti,1
sammappadhānapaccavekkhaṇatāti,1
paṭhamavīriyaṃ,1
sammāsambuddhena,1
pasaṃsanākārapucchā,1
saṅgho,1
pasādasinehābhāvena,1
saṇhasukhumatañca,1
sañjātacchandena,1
sañjātamattaṃ,1
saṅkappanavasena,1
pasādanīyasuttantā,1
pariyupāsitvā,1
saṅkappanavaseneva,1
pasaṃsantīti,1
pariyosāne,1
saṅkappeti,1
saṅkappo,1
saṅkhāralakkhaṇavicinane,1
pariyosānāvatthāya,1
saṅkhāramajjhattatāti,1
saṅkhārānaṃ,1
saṅkhārapavatti,1
saṅkhāresu,1
saṅkhārūpasamaṃ,1
saṅkhārupekkhā,1
saṅkapparāgoti,1
pariyodātasippoti,1
pāsāṇapāṇikāgatikāva,1
pasattho,1
saṃvegavatthu,1
passaddhisamādhiupekkhāhīti,1
passaddhiādidhamme,1
passaddhiādibhāvanāya,1
passaddhiādayo,1
passaddhi,1
saṃvejanapamodanādiṃ,1
saṃvejanapubbakapasāduppādanena,1
saṃyojanānaṃ,1
passaddhakāyā,1
pasanno,1
sañcaraṇena,1
saṅgāhako,1
saṅgahe,1
saṅgahetuṃ,1
passaddhākāraṃ,1
passaddhādīti,1
passaddhādibhāvanāya,1
saṅgahitaṃ,1
saṅgahitamevāti,1
saṅgahitanti,1
pasīdati,1
passaddhākārasallakkhaṇādiākārehi,1
saṅkhārupekkhāñāṇassa,1
pariyodapanā,1
pariyodāpakassāti,1
parittagottaṃ,1
sāntake,1
sāntaketi,1
parittagottābhibhavanatoti,1
parittacittuppādesu,1
santaṃ,1
paritoso,1
parito,1
pārisuddhiupekkhāya,1
pārisuddhīti,1
parittakālā,1
pārisuddhi,1
parisuddhāti,1
parisuddhapakati,1
santānassa,1
parisuddhaṃ,1
parissayavinodanatthaṃ,1
parissayādirahitamaggatāya,1
parissayābhāvavīmaṃsanatthaṃ,1
parissamo,1
parissamaṃ,1
santānena,1
santānamhi,1
santadhammasamaṅgitāya,1
parittamahaggatabhāvabhede,1
parittappamāṇabhedasaṅgaṇhanatthaṃ,1
pariyāyaladdho,1
pariyattidhammasaṅkhāto,1
pariyāhatañca,1
pariyāhanananti,1
pariyāhananaṃ,1
pariyādāyāti,1
parivuddhiṃ,1
saṅkocanti,1
saṅkucitaṃ,1
saññajanti,1
saññānukūlaṃhoti,1
parivisantoti,1
saññattiṃ,1
sannipatitadevaparisāya,1
sannisādemi,1
parivattetvā,1
paritussanalakkhaṇā,1
parittassa,1
sannisīdantīti,1
sannisinnā,1
sannisinnāva,1
sanniṭṭhānavasena,1
sanniṭṭhāpakacetanābhāvena,1
saṃvegavasena,1
saṃvattanti,1
saṃvaṇṇanā,1
passaddhisambojjhaṅgassa,1
pathavīkasiṇaniddesavaṇṇanā,1
pathavīkasiṇādivasena,1
pathavīkasiṇādikassāti,1
pathavībhāge,1
samatāyapīti,1
sampahaṃsane,1
sampahaṃsitattā,1
sampajānātīti,1
sampajaññaṃ,1
sampajaññampi,1
pathavīkasiṇanti,1
paṭhamavikappe,1
sampajjeyyāti,1
sampannalakkhaṇattā,1
sampāpuṇātīti,1
paṭhamato,1
sampasādābhāvena,1
paṭhamasamannāhāre,1
sampasādananti,1
sampasādanasaddo,1
sampasādanato,1
paṭhamappanā,1
sampajjatīti,1
pathavīkasiṇasaṅkhātassa,1
sampahaṃsanāva,1
pathavīkasiṇasannissayatāya,1
paṭibhāganimittuppattiyā,1
paṭibhāganimittuppatti,1
sammasanepi,1
paṭibhāganimitteyeva,1
sammāsaṅkappena,1
paṭibhāganimitte,1
paṭibhāganimittasseva,1
sammavaṇṇitā,1
sammohapaṭipakkho,1
sammussanapaṭipakkho,1
samosaraṇenāti,1
paṭibhāganimittābhimukhaṃ,1
pāṭhoti,1
sampādayato,1
sampādeyyāti,1
pathavītiādinā,1
pathavīnimittaṃ,1
sampāditappayogassāti,1
sampahaṃsanaṃ,1
sampahaṃsanapaññā,1
sampahaṃsanatāti,1
pathavīkasiṇasaññite,1
sampahaṃsanāti,1
sampasādanena,1
paṭicca,1
sampasādanīyasuttādayo,1
paṭhamampīti,1
pātetvā,1
patatīti,1
samucchedavivekādīnaṃ,1
samudāyopalakkhaṇanayena,1
samuddasāmuddikanadīnissitaṃ,1
patati,1
patantaṃ,1
samūhato,1
samujjalatīti,1
samuttejanavasena,1
samuccayo,1
samuṭṭhānaṃ,1
passatīti,1
samuṭṭhāpanena,1
samuṭṭhapeti,1
samuṭṭhāpetuṃ,1
samuṭṭhāya,1
passasukhaṃ,1
passaddhiyeva,1
samuṭṭhitena,1
passaddhisambojjhaṅgo,1
saṃvaḍḍhanaṃ,1
passatītiādinā,1
pāṭhagato,1
paṭhamābhinipāte,1
saṃsayuppattiyā,1
sampasādayatīti,1
sampasādo,1
sampaṭicchitvā,1
paṭhamajjhāneti,1
sampavattatīti,1
paṭhamajjhānepi,1
sampayogaṃ,1
paṭhamajjhānasamādhito,1
paṭhamajjhānampissa,1
paṭhamajjhānādike,1
sampayuttadhammesu,1
paṭhamajjhānādīhi,1
paṭhamajjhānādayovettha,1
paṭhamajavanaṃ,1
sampayuttesu,1
sampiṇḍanaṃ,1
sampiṇḍane,1
sampiyāyanalakkhaṇāti,1
paṭhamadutiyajjhānānipi,1
paṭhamādīni,1
paṭhamacetanā,1
sampuṇṇajavanavīthi,1
saṃsaggavasena,1
paṭhamanayo,1
paṭivijjhanavasena,1
samāpajjanampettha,1
samatanti,1
sadarathakāyacittā,1
sādayatīti,1
saddahanātiādinā,1
pubbapadeyeva,1
saddahanto,1
pubbaṅgamo,1
pubbaṅgamaṭṭhena,1
pubbabhāgiyo,1
pubbabhāge,1
saddahantoti,1
pothujjanikaṃ,1
saddhādayo,1
saddhādayopi,1
saddhādhimuttatāya,1
saddhādīni,1
posakanti,1
porāṇaṭṭhakathāyaṃ,1
saddhāhīnāya,1
saddhaṃ,1
saddhāpaññādvayaṃ,1
piyaṭṭhāniyesupi,1
saddhāpaññāvīriyasamādhayo,1
saddhāsaṃvegavasenāti,1
pubbevāti,1
saddhāvasena,1
pucchakabhāvo,1
pucchantassa,1
sabbesu,1
puggalasseva,1
sabbiriyāpathesu,1
puggalajjhāsayo,1
puggalajjhāsayato,1
sabbo,1
sabhāgāti,1
sabhāvadhammānaṃ,1
sabhāvalakkhaṇassa,1
sabhāvarasato,1
sabhāvasāmaññalakkhaṇapaṭivedhavasenāti,1
sabhāvasāmaññalakkhaṇapaṭivijjhanādiākārehi,1
puggalādhiṭṭhānā,1
sabhāvāvibhāvato,1
sabhāvena,1
sabhāvoti,1
sabhayaṃ,1
sāca,1
pucchāyaṃ,1
saccaṃ,1
pucchati,1
saccametaṃ,1
saccapaccayākārādidīpanānaṃ,1
saccapaṭiccasamuppādādīsu,1
sabbesaṃ,1
piṭṭhipāsāṇe,1
pītiyeva,1
sahajātadhammesu,1
sahajātānaṃ,1
sahapavattamānānaṃ,1
sahāpi,1
sahassadhanuppamāṇaṃ,1
sahātikkamantassa,1
sahāyabhūtavicārāvūpasamena,1
sahāyapaccayavekallato,1
sahāyavirahena,1
saheva,1
sahitanti,1
sākahārikāti,1
sākahāriniyo,1
sakalārammaṇakaraṇaṭṭhena,1
sakalassapi,1
pītisambojjhaṅgasampayuttā,1
sakalaṭṭhenāti,1
pītipharaṇenāti,1
pītipāmojjaṃ,1
sakaṃ,1
pītiṃ,1
sakkaccaṃ,1
sakkhiṃsūti,1
sahajātadhammānanti,1
saddhāvīriyapaññānanti,1
pītisampayuttameva,1
pītisamuṭṭhānānaṃ,1
pītiyaṃ,1
saddheyyavatthuno,1
saddheyyavatthusmiṃ,1
pītivirāgādivacanānaṃ,1
pītivigamena,1
pītītiādinā,1
pītīti,1
pītisukhesu,1
pītisukhattañca,1
pītisukhasaddato,1
saddhindriyena,1
saddo,1
sādhanadvayampi,1
sādhāraṇavacanenāti,1
pītisukhāni,1
sādhetvāti,1
pītisukhameva,1
sādhitattā,1
sādhukaṃ,1
sadisānupassanāva,1
saggamokkhānaṃ,1
pītisukhādayo,1
pītisaṅkhātassa,1
sahacārīsu,1
puggalavasena,1
pūjābhihārānaṃ,1
sabbāvayavavantaṃ,1
puttadārādipariggahavivekadīpanato,1
reṇuādīsu,1
reṇumhi,1
reṇumhītiādi,1
reṇumhītiādinā,1
pūtikāyena,1
rittanti,1
rogo,1
purisotiādi,1
ruccanavasena,1
ruccitvā,1
rukkhā,1
purisassātiādi,1
rukkhapāṇikāti,1
purisassa,1
rukkhaphalūpamā,1
purimenāti,1
purimena,1
purimataresu,1
rukkhasākhāsu,1
purimasminti,1
purimapadeyeva,1
rundhanti,1
pūvavaḍḍhanaṃ,1
rūpā,1
pūvikassa,1
rāgappaṇidhiyā,1
rameti,1
rakkhati,1
rameyya,1
rakkhantoyeva,1
rakkhaṇakosallaṃ,1
rasānubhavanasamaye,1
ratanattayavisayaṃ,1
rathassa,1
rakkhaṇā,1
rattipi,1
rattiyā,1
rājavallabhaṃ,1
rajanatthāya,1
rajanapacanaṭṭhānaṃ,1
rajanabhājanāni,1
rājamanussā,1
rājakathādike,1
rājakammesu,1
rattiyameva,1
rattiyāti,1
rāvaṇagaṅgā,1
reṇu,1
rāgassa,1
rāgānusayo,1
rūpādipañcakāmaguṇavisesavisayassa,1
purimaṃ,1
purimakammapaccayā,1
pupphahārikāyo,1
puññavatoti,1
sabbakusalānaṃ,1
sabbākusalapaṭipakkhasabhāvattā,1
sabbākusalāpi,1
sabbākusalappahāyakaṃ,1
sabbalakkhaṇavicinane,1
sabbampi,1
sabbaṅgapaccaṅgapalibhañjanaṭṭhena,1
sabbantimanti,1
puṇṇavallikavihāre,1
sabbapaccanīkadhammaparisuddhāya,1
puññaṃ,1
sabbapaccanīkaparisuddhā,1
punappunabhāvāya,1
sabbassa,1
sabbathā,1
sabbathāpi,1
sabbatthāti,1
punadeva,1
sabbatthiyā,1
sabbatthiyāva,1
sabbāvantanti,1
pupphaṃ,1
sabbakammiko,1
sabbakammaṭṭhānavasenāti,1
pupphaphalasākhādiavayavavinimutto,1
rūpādīsu,1
purimakā,1
purimajavanesu,1
purimacitteti,1
rūpakavasena,1
rūpakāyadassanappasuto,1
purimacittanti,1
rūpakāyassa,1
rūpakāyo,1
pūretīti,1
rūpārūpāvacarasattānampi,1
pītiādisamatikkamā,1
pūreti,1
rūpataṇhādivasena,1
rūpena,1
ruppanalakkhaṇādikampi,1
santanti,1
pupphavante,1
saantake,1
sabbā,1
sabbadāpi,1
sabbadukkhasamatikkamassa,1
pupphasañcayaṃ,1
puppharāsinti,1
puretaraṃ,1
paṭivinodenti,1
pīṭheti,1
pīṭhato,1
pavattetabbanti,1
samānanti,1
pavattento,1
pavattāya,1
pavattavitakkabhāvanāsaṅkhātena,1
pavattavīriyaṃ,1
samānaphalattā,1
pavattateva,1
samānatañca,1
pavattapadānaṃ,1
pavattantīti,1
samānayogakkhemattā,1
samāne,1
pavattāni,1
pavattanato,1
samānītā,1
samannāgatassa,1
samannāgatattā,1
samannāgato,1
pavattanakacittuppādavasenevaṃ,1
samannāharitabbaṃ,1
samannāharitabbanti,1
sāmaññalakkhaṇassa,1
pavattetabbassa,1
sāmaññalakkhaṇeneva,1
samānakiccā,1
samānākārasannissito,1
samādhiyatīti,1
samadhuratāya,1
pavattiṭṭhānabhāvato,1
samāhaṭāti,1
pavattisaṅkhātassa,1
samāhitabhāvaṃ,1
samāhitabhāvūpagamanena,1
pavattisabbhāvato,1
pavattinivāraṇato,1
pavattiṃ,1
pavattiākāroyeva,1
samāhite,1
samāhito,1
pavattiākāro,1
pavattiākāravasena,1
pavattiākārassa,1
pavattiākāraṃ,1
pavattiākārā,1
samaṇadhammaṃ,1
samānadhammattāpi,1
samaṇadhammo,1
pavatteti,1
samānagatikaṃ,1
pavattetabboti,1
pavattituṃ,1
pavattamānassa,1
sāmaññaniddesovāyaṃ,1
paṭṭhapetvā,1
samappamāṇaṃ,1
samappamāṇāni,1
paṭṭhapesi,1
samappamāṇena,1
patthanīyeti,1
paṭṭhānapāḷiyā,1
patthanākārena,1
pattavaḍḍhanayuttiyā,1
samappavattihetutāya,1
samappavattikāle,1
pattavaḍḍhanayogena,1
pattānīti,1
samappavatto,1
pattādīnampi,1
samappayogo,1
pattacīvarādīsu,1
samarasataṃyeva,1
samāsapadanti,1
pattabbattā,1
pattā,1
paṭivinodetvāti,1
paṭivinodentīti,1
patthetabbe,1
pavattamanasikāroti,1
samāpattivelaṃ,1
patto,1
samaññāti,1
pavattamanasikāro,1
sāmaññato,1
pavattamānānaṃ,1
samāpajjanā,1
pavattacittaṃ,1
samāpajjanasamatthatā,1
patvā,1
samāpajjitabbanti,1
paṭutarenāti,1
samāpajjitukāmatānantaraṃ,1
paṭutarasabhāvappattiyā,1
samāpajjitvā,1
samāpannassa,1
paṭutarāni,1
paṭutarabhāvena,1
paṭupaṭutarādibhāvappattaṃ,1
paṭukiccabhāvāvahena,1
samāpatti,1
samāpattikosallābhāvena,1
pātubhavanti,1
samāpattiṃ,1
samāpattito,1
pattiyā,1
pavattiyaṃ,1
pavattiyanti,1
samādhivīriyānañca,1
samādhibhāvanāpi,1
pīṇanarasāti,1
samādhibhāvanāya,1
samadhigamo,1
samādhigarūtiādi,1
samādhiggahaṇena,1
pīṇanaṃ,1
phuṭo,1
phuṭe,1
samādhikammaṭṭhānassa,1
samādhikammaṭṭhāniko,1
phuṭattāti,1
samādhikammikassa,1
samādhikammikassāti,1
phuṭattā,1
phuṭasarīrassāti,1
phuṭasarīrassa,1
phuṭaṃ,1
phusitumpi,1
phusitāti,1
phusanādikassa,1
phoṭṭhabbātiādinā,1
samādhindriyassa,1
pīṇayatīti,1
samādhinibbattane,1
piṇḍāpacāyanatāti,1
samādhātuṃ,1
sakkotīti,1
sakoṭiyetiādīnipi,1
sallakattaācariyassa,1
sallakattaantevāsikesūti,1
piṭakānaṃ,1
pīṇeti,1
sallakkhayaṃ,1
sallakkhento,1
sallakkheti,1
piṇḍapātapaṭikkantenāti,1
sallakkhetvāti,1
samabhāvadassanākāro,1
samabhāvakaraṇanti,1
samabhāvāyāti,1
samabhāvenāpīti,1
samabhāveneva,1
samādahāmi,1
piṇḍapātaparibhogato,1
piṇḍapātabhuttāvinā,1
samādhānakiccena,1
samādhānassa,1
samādhānato,1
samādhānāya,1
samādhiadhimuttatāti,1
samādhinimittassa,1
samādhinimitte,1
samādhino,1
payojanaṃ,1
payogo,1
samādhītiādi,1
payogena,1
samādhītiādinā,1
samādhittayāpadesena,1
payogasuddhi,1
payogasampattisambhavāti,1
samādhiupekkhāsambojjhaṅgānaṃ,1
payogasamatādīnaṃ,1
pavuccareti,1
pavivitteti,1
paviveko,1
pavivekasukharasassāti,1
paviṭṭhapaviṭṭhānaṃ,1
paviṭṭhamatte,1
samādhivasena,1
pavisitvātiādi,1
pavisati,1
samādhivīriyadvayañca,1
pavicayo,1
pavesaparibhogasamaye,1
pavattiyoti,1
pekkhantassa,1
peṭakaṃ,1
peṭake,1
phalakkhaṇoti,1
samādhipadhānattā,1
phoṭesu,1
pheggu,1
samādhipakkhiyattā,1
phāsuvihāro,1
phāsuhotīti,1
phassādīnaṃ,1
samādhiparipanthānaṃ,1
phassādayo,1
pharantī,1
pharaṇarasattā,1
sakkonti,1
samādhiparipanthānanti,1
samādhipi,1
samādhisambojjhaṅgādīsupi,1
pharaṇarasāti,1
pharaṇā,1
phalesu,1
phalena,1
samādhisambojjhaṅgaṭṭhāniyānaṃ,1
samādhisampayogaṃ,1
phalasamāpattiyā,1
samādhisaṃvattanikā,1
samādhisaṃvattaniyabhāvena,1
samādhiparipantheti,1
abahigatena,1
suññatavihāraanimittavihāravasena,1
santappetīti,1
vibandhabhūte,1
vibhajitvā,1
vibhaṅgapāṭhena,1
vibhaṅgepi,1
vibhaṅgeti,1
vibhattānīti,1
vibhāvane,1
vibhāvanena,1
vibhāvetukāmo,1
vibhāvitā,1
vibhūtākārā,1
vibhūtaṃ,1
vicalanayutto,1
vicāramattampi,1
vicāramattarahitepi,1
vicārappahānena,1
vicārasseva,1
vidatthicaturaṅgulapādake,1
vidatthicaturaṅgulaṃ,1
vīciyo,1
vicitrākārena,1
vicinaneti,1
vicinane,1
vibādhitanti,1
vicikicchāṭṭhāniye,1
vicāreti,1
vicārena,1
vicārayato,1
vicāravūpasameneva,1
vicāravūpasamā,1
vicārato,1
vicayo,1
vidhamanasamatthaṃ,1
vevacanavasena,1
vepullāyāti,1
vattamānā,1
vattamānāya,1
vattamāne,1
vattamānena,1
vattamānesu,1
vaṭṭamūlakadukkhāni,1
vattantaṃ,1
vattanti,1
vaṭṭanti,1
vaṭṭati,1
vaṭṭatīti,1
vaṭṭatiyeva,1
vatthaṃ,1
vatthassa,1
vatthukāmakilesakāmesu,1
vatthukāmavivekena,1
vatthukāmehi,1
vegenāgantvā,1
veditabbanti,1
veditabbāni,1
vedanaṃ,1
vavatthapeti,1
vatthuyeva,1
vevacanaṃ,1
vatthuvisadakiriyatoti,1
vatthūti,1
vatthuno,1
vatthūnīti,1
vatthūni,1
vatthūnaṃ,1
vatthukāmehipīti,1
vatthuvisadakiriyā,1
vidhamatīti,1
vidhi,1
vidhuraṃ,1
vimokkhā,1
vimokkhavasena,1
vimuccanakiccena,1
vimuccanasampattiyā,1
vimuccanavasena,1
vimuccati,1
vimuttatādinā,1
vimuttattāti,1
vimutti,1
vimuttiñāṇadassananti,1
vimuttirasenāti,1
vinābhūto,1
vināsato,1
vinassati,1
vinaṭṭhe,1
vinayadharā,1
vinayassa,1
vipassanābhāvanā,1
vipassanā,1
vipākasantānassa,1
vipākappavattiyā,1
vīṇovādena,1
vinodetvā,1
vīmaṃsati,1
viññāyāti,1
vinivattasabhāvattā,1
vinivattaṃ,1
vinipātetuṃ,1
vinicchayadānena,1
vineyyajjhāsayato,1
vindantassa,1
vinivijjhanaṭṭhena,1
vīmaṃsanena,1
vīmaṃsā,1
vikūlaṃ,1
vijjamānākāranipphādikāti,1
vijānitvā,1
vihiṃsāya,1
vihātabbanti,1
viharati,1
viharatā,1
vijjamānānaṃ,1
vihārassa,1
viharāmīti,1
vigatantakatā,1
vigacchanti,1
vidūrī,1
vidūratarāti,1
viduggaṃ,1
vihārasāmantā,1
vaṭṭalekhaṃ,1
vijjamānāyapi,1
vijjhanakāle,1
vikkhepo,1
vikkhepena,1
vikkhepāvaho,1
vikkhepapaṭipakkho,1
vikkhambhitavitakkavicārataṇhassa,1
vikkhambhitāneva,1
vijjati,1
vikkhambhetvāti,1
vikkhambhanena,1
vikkhambhane,1
vikkhambhanavaseneva,1
vikasanakkhaṇeyeva,1
vijjhatīti,1
vijjhanto,1
vikkhambhantītiādi,1
vipassanākammikānaṃ,1
vattabbe,1
vattabbassa,1
uppannakilamatho,1
uppannantipi,1
uppannapubbā,1
uppannassāti,1
uppannattā,1
uppannattāti,1
uppannāvajjanānantaraṃ,1
uppannāya,1
uppannesu,1
uppanno,1
uppattiṃ,1
uppattimāha,1
uppattipaṭipāṭi,1
uppattivasenāti,1
uppattiyā,1
uppīḷanahattho,1
uppīḷanahatthoti,1
uṭṭhitesupi,1
uṭṭhāya,1
uṭṭhānaphalūpajīvino,1
uttarena,1
uttarapadepītiādi,1
uttarapadepi,1
uppannajavanacittuppādo,1
uttarapadalopenetaṃ,1
uttānīkaronti,1
ussukkanāyāti,1
ussannabhāvena,1
ussadavasena,1
uppilāvitanti,1
uppilavañca,1
uttarapadalopena,1
utubhāvanānimittādīnampi,1
uppalapatte,1
uppajjitabbaṃ,1
upayogaṃ,1
upayogatthe,1
upecca,1
upekkhako,1
upekkhānimittaṃ,1
upekkhānimittanti,1
upekkhānubrūhanāya,1
upekkhāsahagatāva,1
upekkhāsatipārisuddhinti,1
upekkhāsatipārisuddhīti,1
upekkhīyatīti,1
uppādādayo,1
uppādādilakkhaṇattayānupaviṭṭhaṃ,1
uppādakā,1
uppādakamanasikāroti,1
uppādakkhaṇeyevāti,1
uppādanā,1
uppajjissatīti,1
uppajjanavasena,1
uppajjanakatuṭṭhi,1
uppajjamānena,1
uppajjamānassa,1
uppādetuṃ,1
uppalapattanti,1
uppādentoti,1
uppādassa,1
uppādanti,1
uppādane,1
uppādanatthāya,1
uppādanato,1
uppādanañcettha,1
uppādāyāti,1
utusappāyaṃ,1
uyyānaṃ,1
vacananti,1
vaṇṇasaṇṭhānavantaṃ,1
vaṇṇato,1
vaṇṇavantaṃ,1
vaṇṇavasenettha,1
vaṇṇayanti,1
vaṇṇena,1
vāre,1
vāriyamānā,1
vāsaddena,1
vasanakasusiraṃ,1
vasanaṃ,1
vasananiyāmena,1
vasanaṭṭhānaṃ,1
vasantassa,1
vasantesu,1
vasavattibhāvanivāraṇatthaṃ,1
vasavattitāti,1
vattabbanti,1
vātiṅgaṇakaḷīrādimissehi,1
vatimetiādinā,1
vātiādīsu,1
vātiādinā,1
vātiādi,1
vaṇṇādivantaṃ,1
vātaṃ,1
vātādīhi,1
vata,1
vasiyoti,1
vasitvā,1
vasīti,1
vasibhāvappattiyā,1
vātādiphoṭṭhabbe,1
vañcito,1
vanantaṃ,1
vanameva,1
vaḍḍhitvā,1
vaḍḍhitaṃ,1
vaḍḍhetvāti,1
vaḍḍhetvā,1
vaḍḍhetabbanti,1
vaḍḍhentassa,1
vaḍḍhiyā,1
vaḍḍhati,1
vaḍḍhanā,1
vadantena,1
vācuggatakaraṇena,1
vacībhedopi,1
vaccho,1
vacanato,1
vaḍḍhanampi,1
vattabbataṃ,1
vāhayatīti,1
vakkalīti,1
vanacchāyādīnaṃ,1
vālavedhīti,1
vālavedhī,1
vālassa,1
vālaṇḍupakaṃ,1
vālaṃ,1
vajjetvā,1
vākyesu,1
vakkhamānavisese,1
vakkhamānavisesaṃ,1
vakkhamānavidhinā,1
vakkhamānavibhāgassa,1
vakkalittheravatthūti,1
vakkalittheravatthu,1
vakkhamānesu,1
vipassanāvasena,1
vipassanāvīthiṃ,1
vipassanāya,1
vuttappamāṇanti,1
vuttassevatthassa,1
vuttāvasesā,1
vuttavidhi,1
vuttavidhinā,1
vuttavidhināva,1
vuttavipākappavattiṃ,1
vutte,1
vuttena,1
vuttenāti,1
vuṭṭhahantassa,1
vuṭṭhahissāmīti,1
vuṭṭhānaadhiṭṭhānapaccavekkhaṇāvasiyo,1
vuṭṭhānakusalatāti,1
vuṭṭhānañca,1
vuṭṭhānasamakālaṃ,1
vuṭṭhānasamatthatā,1
yakkhena,1
yādiso,1
yadicchakaṃ,1
yadeva,1
yadeke,1
yadatthīti,1
vuttappakārena,1
yadassa,1
vuttovāyamattho,1
vuttiādīni,1
vuṭṭhitopi,1
vuṭṭhātunti,1
vuṭṭhātuṃ,1
vuṭṭhānavasī,1
yācitakūpamā,1
yamakamahāpāṭihāriye,1
vuttappakārāyāti,1
vuttappakārānevāti,1
voharīyatīti,1
vuccamānāni,1
vuccamāne,1
vuccamāno,1
vuccate,1
vuddhiṃ,1
vuḍḍhiṃ,1
vuddhippattiyā,1
vūpasamā,1
vūpasamādike,1
vūpasamādivacanaṃ,1
vūpasamahetu,1
vūpasamanato,1
vūpasametuṃ,1
vūpasametvā,1
vūpasantasītalasabhāvattā,1
vūpasantāti,1
vuttapamāṇaṃ,1
vuttapakkhe,1
vuttañhi,1
vuttañhetanti,1
vuttanayenevāti,1
vuttanayattā,1
vuttappakārāniyeva,1
vuttampi,1
vuttamadhukarasallakattaantevāsisuttākaḍḍhakaniyāmakatelapūrakā,1
vuttagāthādvaye,1
vusīyati,1
vūpasantoti,1
vūpasantopi,1
vūpasantattā,1
vuttamevatthaṃ,1
yamatthaṃ,1
yamicchatīti,1
yaṃjhānahetūti,1
yato,1
yatthāti,1
yatthicchakaṃ,1
yāvadicchakaṃ,1
yāvāti,1
yāya,1
yenassudaṃ,1
yenāvaraṇena,1
yogā,1
yogasaddo,1
yogyaṃ,1
yojayetha,1
yojayethāti,1
yojento,1
yojetabbaṃ,1
yojetabbo,1
yoniso,1
yuttito,1
yuttidassanamukhena,1
yuttarūpattā,1
yuttappayuttatā,1
yuttanti,1
yuttaṃ,1
yāti,1
yujjatīti,1
yuge,1
yuganaddhaṃ,1
yuganaddhadhammāti,1
yuganaddhā,1
yonisomanasikāroti,1
yonisomanasikārādike,1
yujjamānatthantarasamuccayattho,1
yathicchitaṃ,1
yathāvuttato,1
yathāvuttappamāṇaṃ,1
yathāladdhañhi,1
yathāladdhaṃ,1
yathājātaṃ,1
yathādhigataṃ,1
yathādesite,1
yathādassitassa,1
yathānisinnova,1
yathābhūtaṃ,1
yasmātiādimāha,1
yasmāti,1
yāsīti,1
yanti,1
yantanti,1
yāni,1
yasmiñhi,1
voharīyati,1
yathānulomadesanā,1
yathāruci,1
yathāvuttānaṃ,1
yathāvuttamatthaṃ,1
yathāvuttaṃ,1
yathāvuttakkhobho,1
yathāvuttakkhaṇaṃ,1
yathāvuttabhāvanāpayogasampattisamuṭṭhānā,1
yathānusiṭṭhaṃ,1
yathāvuttā,1
yathāupaṭṭhite,1
yathāti,1
yathāsukhaṃ,1
yathāsamāhitākāraṃ,1
yathāsakaṃ,1
yathāruciṃ,1
yathāvajjitajhānaṅgārammaṇāni,1
vodānanti,1
vodānaṃ,1
viyātiādi,1
visabhāgavaṇṇaṃ,1
visabhāgavaṇṇena,1
visabhāgena,1
visabhāgenāti,1
visabhāgo,1
visadabhāvakaraṇaṃ,1
visadabhāvakaraṇato,1
visadañāṇatāya,1
visadāyāti,1
visade,1
visadena,1
visajjento,1
visamākārena,1
visamanisajjāya,1
visamāsanupatāpo,1
visaṅkhāraninnattā,1
visayabhedena,1
visodhentena,1
visodhanānabhiññātāya,1
visodhanamāha,1
visodhanaṃ,1
visesoti,1
visesena,1
visabhāgārammaṇāni,1
visesavibhāvanāvasena,1
visesāvahā,1
visesanadvayaṃ,1
visesakāraṇaṃ,1
visayo,1
visayavasena,1
visayasabhāvaṃ,1
visesavatī,1
visabhāgānaṃ,1
virūḷhiṃ,1
viruḷhiṃ,1
vīriyañca,1
vīriyameva,1
vīriyādibhāvanā,1
vīrassa,1
virasaṃ,1
virāgo,1
vīriyārambho,1
virāgātiādīsupi,1
vipulampi,1
vipphāravāti,1
vippahīnasaddassettha,1
vippahīnanti,1
vipassanupekkhāya,1
vipassanupekkhā,1
vipulāyāti,1
visodhetabbatādīnaṃ,1
vīriyasamatābhāvena,1
vīriyasamatāya,1
virujjhati,1
viruddhanti,1
virodho,1
vīriyupekkhā,1
vīriyāyattassa,1
vīriyāyatta,1
vīriyasamataṃ,1
vīriyasseva,1
vīriyasambojjhaṅgaṭṭhāniyānaṃ,1
vīriyasambojjhaṅgassa,1
vīriyasambojjhaṅganimittānaṃ,1
vīriyasamatāyojanena,1
vīriyasamatāyojanavidhiṃ,1
vīriyasamatāyogatoti,1
vīriyasambojjhaṅge,1
upāyo,1
visodhitakoṇapariyantaṃ,1
visuddhattātiādi,1
vitakkenātiādinā,1
vīthipaṭipannā,1
vīthipaṭipannaṃ,1
vīthipaṭipannāya,1
vitthāyitattaṃ,1
vivaranti,1
vivare,1
vivarituṃ,1
vivaṭṭūpanissayasaṃvaḍḍhanena,1
vivecanaṃ,1
vivecetabbatādīpanena,1
vivecitoti,1
vivekā,1
vivekadvaye,1
vivekajaṃpītisukhanti,1
vivekajapītisukhanti,1
vivekasaddassa,1
vivittoti,1
vivittanti,1
vivittaṃ,1
vividhaṃ,1
viviccitvāti,1
viviccevātipi,1
vitakkayato,1
viviccevāti,1
viveko,1
viveketi,1
vivekavacanena,1
vivekavacanatoti,1
vivekāti,1
vivekassa,1
viviccāti,1
vitakkavūpasamā,1
vitakkavicārehītiādi,1
vitakkavicāravūpasamavacanena,1
vitakkārammaṇāneva,1
vitakkarahite,1
vitakkāhatanti,1
vitakkāhataṃ,1
vitakkādithūlaṅgatāya,1
vitakkādīsu,1
vitakkavicārā,1
vitakkādīni,1
vitakkabaleneva,1
vitakkabalena,1
visujjhatīti,1
visujjhanaṃ,1
visujjhanākāro,1
visuddhipaṭipadattā,1
vitakkādiaṅgavinimuttaṃ,1
vissajjanepi,1
vitakkavicārābhāvamattasaṅkhātassa,1
vitakkavicārābhāvo,1
vitakkavicāravūpasamavacanassa,1
vitakkavicārāti,1
vitakkavicārasampayogo,1
vitakkavicārasamatikkamavacanaṃ,1
vitakkavicārasamatikkamavacanādike,1
vitakkavicārasamaṅgitādassanena,1
vitakkavicārabhāve,1
vitakkavicārarahitaṃ,1
vitakkavicārapītisukhasamatikkamavacanāni,1
vitakkavicārapaccayepīti,1
vitakkavicārānanti,1
vitakkavicārānañca,1
vitakkavicārakkhobhena,1
vitakkavicāradvayarahitaṃ,1
vitakkavicārappaccayatā,1
santappanaposanappasuto,1
upāyabhūte,1
upaṭṭhite,1
sukhokkanto,1
sukhumā,1
sukhumacchiddakaṃ,1
sukhumālaṃ,1
sukhumāneva,1
sukhumatāya,1
sukhumattāti,1
sukkābhijātihetuto,1
sukkapakkho,1
sukkāpi,1
sukkāti,1
sukkehi,1
sukkhabhāvaṃ,1
sukkhatakkaviluttacitto,1
sukumārassa,1
sukusalo,1
sukusaloti,1
suppaṃ,1
supinakūpamā,1
sūpeyyassa,1
sūpehīti,1
suparisuddhataṃ,1
suparisuddhapariyantaṃ,1
sukhena,1
suparisuddhanti,1
supākaṭaṃ,1
sūpadhāritaṃ,1
suññatāvihārasamāpattatthāya,1
parisodhentenāti,1
suññatāpaṭisaṃyuttānaṃ,1
sundaro,1
suparisuddhā,1
suppasannanti,1
sukhe,1
sukhavisesānaṃ,1
soṇḍiṃ,1
soṇḍinti,1
soṇḍisahito,1
sopacārā,1
sosaṃ,1
sositāti,1
sotaṃ,1
sotāpattimaggaṃ,1
sotāpattiphalasamāpattatthāya,1
sotena,1
suddhantagatoti,1
sūdenāti,1
sudiṭṭhattā,1
sugatiyaṃ,1
suggahitakaraṇādinā,1
sukhabhañjanīyanti,1
sukhādayo,1
sukhavirāgabhāvanābhāvato,1
sukhāvahāni,1
sukhassa,1
sukharasassa,1
sukhapaṭisaṃvedanāti,1
sukhapaṭisaṃvedanaṃ,1
sukhayatīti,1
sukhapāramippattiyaṃ,1
sukhanisinnena,1
sukhanirodho,1
sukhanirodhapadaṭṭhānā,1
sukhanaṃ,1
sukhādīnaṃ,1
sukhādighātenāti,1
sukhanisinnenāti,1
suppasarāvāni,1
suppaṭipanno,1
suppatiṭṭhitatāya,1
tadaññameva,1
tadanuguṇaṃ,1
tadārammaṇajhānampi,1
tadatthadīpakanti,1
tadatthaṃ,1
tadāyattavuttito,1
tadayuttaṃ,1
tadekadesatā,1
tadekaṭṭhatāya,1
tadekaṭṭhehi,1
tādisā,1
tādisaṃ,1
tādisassa,1
tādisāya,1
tādise,1
tādiseneva,1
tādisoyeva,1
taṃnivāraṇatthaṃ,1
taṃhetu,1
tamevārabbha,1
taṃdīpakatā,1
taṃdīpakaṃ,1
taṃākāraṃ,1
tadaṅgavivekādayo,1
takko,1
tahiṃ,1
taggatikāva,1
tadupasamaṃ,1
tadubhayanti,1
tadubhayadassanatthanti,1
tādisoyevāti,1
takāraṃ,1
tadaṅgavikkhambhanasamucchedappaṭipassaddhinissaraṇavivekā,1
tadanantaraṃ,1
tadadhigamāyāti,1
suttapadamakāraṇaṃ,1
suttantesu,1
suttante,1
suttantānaṃ,1
suttantadesanāti,1
suttantadesanāsu,1
suttasuttānulomaācariyavādehi,1
suttageyyādi,1
sutaṃ,1
sūriyappabhāya,1
sūriyappabhābhibhavāti,1
sūriyābhimukhabhāvanivāraṇatthanti,1
surakkhitañca,1
suppaṭividdhattā,1
suttābhidhammasaṅkhātassa,1
soṇḍavā,1
sutte,1
suvisadā,1
tadābhogatāya,1
tadabhāvā,1
tabbivekena,1
tabbipariyāyena,1
tā,1
svāyamimāsaṃ,1
suvavatthitaṃ,1
svāyamattho,1
svākkhāto,1
suvisuddhasippo,1
suvisuddhanti,1
suvisodhitattāti,1
suvisadenāti,1
suvisadāni,1
svāyamatisayo,1
tampīti,1
sommasabhāvā,1
somanassindriyaṃ,1
sarūpeneva,1
sasambhārapathaviyaṃ,1
sasambhāriko,1
sasambhāro,1
sasampayuttaṃ,1
sasampayuttassa,1
sasesasampayuttadhammanti,1
sassaṃ,1
sassānaṃ,1
sātalakkhaṇaṃ,1
sāṭheyyapakkhaṃ,1
sāti,1
satiādidhammasāmaggisaṅkhātāya,1
satiggahaṇena,1
satiggahaṇeneva,1
satimā,1
satisamādhipaññindriyesupi,1
sattamajavanacetanā,1
sattahi,1
sattā,1
satoti,1
sato,1
satiyeva,1
sarūpena,1
sātisayo,1
sātisayattā,1
sātisayathāmappattehi,1
sātisayassa,1
sātisayappavattiyā,1
satisampajaññakiccaṃ,1
satisampajaññabyāpāroti,1
sātisayāva,1
sattamajjhattatāti,1
sarīrāvatthaṃ,1
sarīrakhedena,1
santatarā,1
santāti,1
santatiyā,1
sante,1
santepīti,1
saṇṭhānavantaṃ,1
saṇṭhapemi,1
santi,1
santuṭṭhi,1
saparikkhāraṃ,1
saparipphando,1
sapaṭibhayaṭṭhenātiādinā,1
saphaloti,1
sāpi,1
sappasirūpamā,1
sappaṭibhāgāti,1
sappāyāhārasevanādiākārehi,1
sāriputtassa,1
sarena,1
sarāvañca,1
sarāvādigatena,1
saratīti,1
sarasaṃ,1
sarīrassa,1
saraṇaṃ,1
sārambhanimittassa,1
sāraddhapuggalā,1
sāraddhakāyataṃ,1
sapuppho,1
sapubbabhāgo,1
sappāyo,1
saraṇalakkhaṇā,1
sattamampi,1
sattamañca,1
sattamepi,1
setu,1
sevitaṃ,1
seyyasukhādianuyuñjanakānaṃ,1
seyyasukhaṃ,1
seyyathāpi,1
sīdanti,1
siddhaṃ,1
siddhattāti,1
siddhāva,1
siddhāya,1
siddhovāyamatthoti,1
sīghanti,1
sīghasotāya,1
sīghatarā,1
sīhaḷadīpe,1
sijjhatīti,1
sikhāppattiyā,1
somanassassa,1
somanassanti,1
somanassaṃ,1
sodhetuṃ,1
sithilatādinā,1
sītavane,1
seṭṭhopi,1
sīse,1
siniddhapuggalā,1
sīmānissitañca,1
sīlasamādhiādiguṇasampanno,1
sīlādiguṇasampannoti,1
sīlādiguṇānaṃ,1
sīla,1
sirāvedhanādisatthakammaṃ,1
sesindriyesupi,1
sesesupīti,1
sesesu,1
savanadassanasamaye,1
sāvakehi,1
sāvajjā,1
sāvadhāraṇañhetaṃ,1
saussāhopi,1
saupacārassa,1
savicāranti,1
sattito,1
satthakammanti,1
sātthakabhāvaṃ,1
sattasu,1
sattasantatiyaṃ,1
sattasaṅkhārānaṃ,1
sattasaṅkhārakelāyanaṃ,1
sattisūlūpamā,1
sommabhāvena,1
savicārantiādinā,1
savipphāro,1
sesaṭṭhānesūti,1
sesāti,1
sesānīti,1
sesāni,1
sesākāre,1
sesadhammānaṃ,1
savipphārapavattito,1
sesā,1
sedamalaggahitaṃ,1
sayameva,1
savitakkasavicāro,1
savitakkasavicāratāya,1
savisesañhi,1
savisesañca,1
senāsanaṃ,1
taṃsabhāvattāti,1
taṃsaddappavatti,1
taṃsahacaraṇato,1
uggahanimittato,1
uggahanimitte,1
uggahetvā,1
uggaṇhantoti,1
uggaṇhantotiādimāha,1
ūhananti,1
uhaññīti,1
ujjāletukāmoti,1
ujuṃ,1
ujupaṭipakkhena,1
ujuvipaccanīkabhāvato,1
ujuvipaccanīkabhāvena,1
ujuvipaccanīkabhūtā,1
ujuvipaccanīkabhūtanti,1
ukkūlaṃ,1
ukkuṭṭhiṃ,1
uḷāratādiguṇe,1
upacārasamādhināti,1
upacārasamādhinā,1
upacārantiādi,1
upacārāni,1
upacārakkhaṇeyeva,1
upacārakkhaṇeti,1
uggahanimittassa,1
upacārajjhāne,1
upacārabhūmiyanti,1
upacārabhāvanāya,1
unnataṭṭhānaṃ,1
ummīlati,1
ūmiyo,1
ulliṅgeti,1
upacārajjhānādīni,1
upacārasamādhipūrikā,1
uggahanimittaṃ,1
uggahanimittabhāvena,1
ubhayampi,1
ubhayato,1
ubhayesampi,1
ubhinnaṃ,1
ubhinnanti,1
udaggabhāvo,1
udakamissaṃ,1
udakapaṭṭanaṃ,1
udakathālagateti,1
udakathāliyaṃ,1
udakavāranti,1
udakavātaṃ,1
udakena,1
udarāvadehakaṃ,1
uddānato,1
uddeso,1
uddhaccakukkuccaparetanti,1
uddiṭṭhānīti,1
uddissa,1
uddisitvā,1
uddhatanti,1
uddharitvā,1
uddhaṃ,1
uggahanimittabhūtaṃ,1
uddhaccapātato,1
uddhaccapakkhikānaṃ,1
uddhaccanīvaraṇaṃ,1
uddhaccamiddhanti,1
uddhaccaṃ,1
uddhaccakukkuccena,1
uddhaccakukkuccassa,1
uddhaccapakkhiye,1
upacārasamaññā,1
upacāratā,1
upacārāvatthāyaṃ,1
upaparikkhitvā,1
upapatti,1
upapattinti,1
upapattito,1
upapattitoti,1
uparijhānaṃ,1
uparijhānaṅgāni,1
uparijhānassa,1
uparimaparicchedena,1
uparūpari,1
upasaggena,1
upasamantīti,1
upasamasukhādhigamena,1
upasamasukhaṃ,1
upasamasukhassa,1
upasampādayitvātiādi,1
upasampajjāti,1
upaṭṭhitassāti,1
upaṭṭhitassa,1
upaṭṭhitasatitāya,1
upaṭṭhāpanaṃ,1
upaṭṭhānato,1
upaṭṭhānākāramattanti,1
upapannassāti,1
upaṭṭhānādikiccavisesaṃ,1
upatiṭṭheyya,1
upasantā,1
upasaṅkamanaṃ,1
upasaṅkamanādinā,1
upasaṅkamanā,1
upasaṃsaddā,1
upaṭṭhākaṃ,1
upapannassa,1
upapajjavedanīyāditā,1
upapajjavedanīyā,1
upahataṃ,1
upagantvātiādiṃ,1
upagantvā,1
upagaccheyyāti,1
upagacchati,1
upadhāritaṃ,1
upahatanti,1
upadhāreyya,1
upadhārento,1
upaddavo,1
upacchinditvā,1
upacāroti,1
upacāro,1
upacāre,1
upadhāretvā,1
ubhato,1
upakārakattena,1
upalakkhetvā,1
upanissayeti,1
upanissayena,1
upanissayasampannassāti,1
upanijjhāyato,1
upanijjhāyanato,1
upanibandhatīti,1
upakāritā,1
upaneyya,1
upanayanaṃ,1
upanāmentoti,1
upamūpameyyatthavibhāvanā,1
upamāvasena,1
upamāsaṃsandanaṃ,1
upamābhāvena,1
upanetvā,1
ubbegato,1
tveva,1
tunnakammaṃ,1
taruṇasamādhimhi,1
tasmātiādi,1
tassattho,1
tāsu,1
tathabhāvaṃ,1
tathābhūto,1
tathānimittassa,1
tathāpaggahitaṃ,1
tathāpaṭipatti,1
tathāpavattaṃ,1
tathāpavattanaṃ,1
tathāpavatto,1
tathattaṃ,1
tathattanti,1
tathattupagamanena,1
tathāuppannassa,1
tatheva,1
tatthāyaṃ,1
tatraṭṭhameva,1
tatraṭṭhakanti,1
tatrāpi,1
tatramajjhattupekkhāva,1
tatramajjhattatā,1
tārenti,1
tatoti,1
tatiyantigaṇanānupubbatāti,1
tatiyañca,1
tatiyamaggādhigamāya,1
tatiyajjhānasukhaṃ,1
tatiyādīni,1
tatiyādiadhigamadīpakatā,1
tatiyavedanāya,1
taraṅgā,1
tappeti,1
tappaṭipakkhato,1
taṇhā,1
taṃyogā,1
taṃṭhānappamāṇamevāti,1
taṃtaṃsabhāvalakkhaṇādikassa,1
taṃtaṃjhānakkhaṇe,1
taṃsamuṭṭhānena,1
taṇhādisaṃkilesānaṃ,1
taṃsampayuttadhammānampi,1
taṃsambandhinaṃ,1
taṃsamatikkamā,1
taṃsamaṅgīpuggalaṃ,1
taṃsamaṅgino,1
taṃsahitaphassādīnañca,1
taṃsahagatānañca,1
taṃsampayuttā,1
tatthevāti,1
taṇhāsahagatāya,1
taṇhuppādo,1
tappaṭipakkhatā,1
tappaṭibaddharāgappahānaṃ,1
tappaṭibaddhāni,1
tappaṭibaddhacchandarāgappahānena,1
tappaṭhamatāya,1
tappanaṃ,1
taṇhāsaṃkilesasodhanena,1
tappaccanīkanīvaraṇavacanaṃ,1
tantacchedādīsu,1
tannissitaṃ,1
tannissaraṇaṃ,1
tannimittaṃ,1
tannibbattaṃ,1
tānīti,1
tantiādi,1
upāyabhūtapaccayadassanatthaṃ,1
tāvakālikaṭṭhena,1
tayoti,1
thiraṃ,1
ṭhitaṃ,1
ṭhitepi,1
ṭhitikkhaṇato,1
ṭhitikkhaṇe,1
ṭhito,1
thūlaṃ,1
thūlāni,1
thusakharahadayā,1
tikkhāni,1
tikkhindriyassa,1
tilakkhaṇabbhāhatanti,1
tilakkhaṇasampannañca,1
tīṇīti,1
tintassa,1
tiṇukkūpamā,1
tiracchānabhāvato,1
tosanā,1
tividhampi,1
tividhā,1
tivaṅgikaṃ,1
tivaṅgamevetaṃ,1
titthiyasāvakā,1
thirabhāvappattiyā,1
tiṭṭhatīti,1
tiṭṭhanakaṃ,1
tiṭṭhamānā,1
tittakaggādīsupi,1
tīraṇaṃ,1
tiracchānakathikānaṃ,1
tiracchānakathā,1
tiṭṭhati,1
thirabhāvappatti,1
thirabhāvappattāya,1
thinañca,1
ṭhānametaṃ,1
ṭhānacaṅkamameva,1
thāmajātānīti,1
thāmagatāyāti,1
thalapaṭṭanaṃ,1
thaddhalakkhaṇaṃ,1
ṭhānasaddāpekkhāya,1
tenevettha,1
tenavālavedhinā,1
tenātiādi,1
tenāti,1
telanāḷiṃ,1
tehīti,1
tebhūmakasaṅkhāragataṃ,1
tenevāha,1
tāyati,1
ṭhānuppattikakaosallayogena,1
ṭhapessāmīti,1
thinamiddhavinodanakusītapuggalaparivajjanaāraddhavīriyapuggalasevanatadadhimuttatā,1
thinamiddhassa,1
thinamiddhanīvaraṇaṃ,1
thinamiddhādīhi,1
theropi,1
thero,1
ṭhapanavasena,1
thāvarañca,1
ṭhātabbo,1
ṭhapite,1
ṭhapetunti,1
ṭhapetuṃ,1
ṭhapetīti,1
ṭhapetabbaṃ,1
thāvaraṃ,1
parisodhakassa,1
pacchā,1
paripūraṇatthāya,1
bhāvanāsevanā,1
bhāvanāsaññāya,1
bhāvanāsaññājanitaṃ,1
bhāvanārambhavasena,1
bhāvanāpi,1
bhāvanāpavattito,1
bhāvanassādarahitassa,1
bhāvanānukūlatā,1
bhāvanānayo,1
bhāvanāñāṇena,1
bhāvanāmayapuññavato,1
bhāvanāmanasikāraṃ,1
bhāvanāmānasaṃ,1
bhāvanaṃ,1
bhāvanānukkamena,1
bhāvanāti,1
bhāvanatoti,1
bhāvanāvaseneva,1
bhaveyyāti,1
bhāvetabbā,1
bhāventassa,1
bhāvato,1
bhāvasādhanataṃ,1
bhāvasādhanameva,1
bhavapaccayā,1
bhavantīti,1
bhavanti,1
bhavaṅgesu,1
bhavaṅgaṃ,1
bhavaṅgadvayantaritā,1
bhavaṅgacittuppattiyeva,1
bhāvanāyāti,1
bhāvanāvidhiṃ,1
bhāvanākkamena,1
bhavitabbaṃ,1
bhāvanākammassa,1
bhāvanācitte,1
bhājanadārudoṇikādīnīti,1
bhagavatā,1
balībaddoti,1
balehi,1
balavatiyā,1
balavatā,1
bhajanti,1
balavasaddho,1
balava,1
balappattiyā,1
balappattavitakko,1
balappattaṃ,1
bālabhāvo,1
bahuvacananti,1
balavabhāvenāti,1
bhajati,1
bhaṅgakkhaṇe,1
bhantatāpaccupaṭṭhāno,1
bhāvanācittasampayuttena,1
bhāvanācittanti,1
bhāvanābalena,1
bhāvanābalaṃ,1
bhaṭṭhoti,1
bhaṭṭho,1
bhattavetanādīhi,1
bhattavaḍḍhanaṃ,1
bhattassa,1
bhattasammadaṃ,1
bhattāranti,1
bhattapakkhipanaṃ,1
bhattanikkhittakākamaṃsanikkhittasunakhasadisānaṃ,1
bhattakārena,1
bhassaṃ,1
bhāvanākāle,1
bahussutā,1
bhāvo,1
bhedoti,1
byāpanato,1
byāpanarasā,1
byāpādavivekavacanena,1
byāpādanīvaraṇassa,1
byāpādakukkuccanīvaraṇāni,1
byāpādādīnanti,1
byāpārābhāvato,1
byantikatāti,1
byaggo,1
byaggapaṭipakkhoti,1
bujjhatīti,1
bujjhati,1
buddhiñca,1
buddhi,1
byañjanehi,1
byāpārassa,1
byāpitattāti,1
byatto,1
catujavanacittā,1
catubbidhasammappadhānānubhāvassa,1
catubbidhāpi,1
cattāriyeva,1
cattālīsavidhassa,1
cāṭipidhānappahonakanti,1
cātiādi,1
cassa,1
caritabbānaṃ,1
carantīti,1
caraṇayoggaṃ,1
caṅkamena,1
cakkhuviññāṇena,1
cakkhu,1
cakkhādīsu,1
buddhasāsane,1
bhedo,1
buddhādīsu,1
buddhadhammasaṅghaguṇānussaraṇena,1
bhinnassa,1
bhinnā,1
bhinditvāti,1
bhinditvā,1
bhīmoti,1
bhīmaseno,1
bhinnāti,1
bhikkhūtiādi,1
bhikkhū,1
bhikkhāya,1
bhikkhavetiādinā,1
bhikkhave,1
bhesajjasamuṭṭhito,1
bherītalasadisaṃ,1
bhikkhunā,1
bhinnāvajjane,1
bhiyyobhāvāyāti,1
bhojanādayo,1
brahmavihārupekkhā,1
bojjhaṅgaggahaṇena,1
bodhiyā,1
bodhino,1
bodhiaṅgaṇādīsu,1
bodhetīti,1
bhūtassa,1
bhummaṃ,1
bhūmantarapariyāpannaṃ,1
bhūmantaraṃ,1
bhojento,1
bhojanasappāyādayoti,1
bhojananimittaṃ,1
bhojanaṃ,1
bhojanādigate,1
buddhādīnaṃ,1
catukkajjhāneti,1
bahupāyāsātiādinā,1
bahūni,1
āvajjayatoti,1
āvajjanena,1
āvajjanavasiyā,1
āvajjanavasīsiddhi,1
āvajjanavasīnibbattanakāle,1
āvajjanavasiṃ,1
āvajjento,1
āvajjanavasībhāvāya,1
āvajjanatapparatāya,1
āvajjanappavattiyā,1
āvajjanāpi,1
āvajjanānantarānīti,1
āvajjanamevettha,1
āvahantehi,1
āvajjanāvasena,1
āvajjetabbānīti,1
āvajjitukāmatādiatikkamova,1
āvajjituṃ,1
avatvā,1
avatthusmiṃ,1
avaṭṭhānassa,1
avatthāmukhena,1
avatthābhedo,1
avatthābhedavasena,1
āvaṭattā,1
avassutakiccena,1
avasiṭṭhaphassādidhammasahitaṃ,1
āvāsesu,1
āvāse,1
āvāsasappāyādilābhena,1
avasāne,1
āvaraṇavirahitaṃ,1
avanatipaṭipakkhakiccāti,1
avadhāraṇavacanaṃ,1
avayavena,1
avadhāraṇassa,1
avaḍḍhetvāti,1
atthadīpanā,1
aṭṭha,1
attanoti,1
attanomatimattanti,1
attanā,1
attalābhavelāyameva,1
aṭṭhakathāpāḷiṃ,1
ativiya,1
atiummīlanaatimandālocanāni,1
atītabhavepītiādimāha,1
atisukhumaṃ,1
atisithilavīriyatādīhīti,1
atisayavacanicchāvasena,1
atisayappahānavaseneva,1
ativibhūtaṃ,1
aṭṭhakathāpāṭhassa,1
aṭṭhakathāpāṭhe,1
aṭṭhakathāya,1
avaḍḍhetvā,1
avabujjhanavasena,1
aṭṭhikaṅkalūpamā,1
atthiatthavisesato,1
atthetabbā,1
atthena,1
atthāya,1
atthavikappeti,1
atthāvaho,1
atthasiddhi,1
atthasambhavatoti,1
atthappakāsanena,1
atthaparipucchāya,1
atthaṅgatāti,1
aṭṭhamaṃ,1
avadhāraṇaṃ,1
bahuparissayaṃ,1
aveccappasanno,1
āveṇikarūpaṃ,1
āyasmato,1
ayampīti,1
ayamidha,1
ayameva,1
ayamatthoti,1
ayaṃanurūpo,1
ayogyanti,1
āyadvārabhūtaṃ,1
avuttasiddhā,1
avuttākārānampi,1
avūpasante,1
avūpasantaṃ,1
avūpasamānutāpasabhāvassa,1
avivaṭañceva,1
avutthaavutthaṭṭhāne,1
ayonisomanasikāro,1
āyūhananti,1
ayuttakālo,1
bahūnaṃ,1
bahunā,1
bahulīkātabbaṃ,1
bahulīkārena,1
bahulīkāravasena,1
bahulacārinī,1
bahukārattā,1
bahudukkhā,1
bahucetasikatāyāti,1
bahu,1
bāhiresu,1
bahale,1
bahalarāgo,1
baddhā,1
ayuttaṃ,1
avīthipaṭipattiyā,1
avekkhaṇā,1
avitakkattaṃ,1
avitakkañca,1
avikkhepaṭṭhena,1
avikkhepalakkhaṇe,1
avijjānīvaraṇantiādīsu,1
avijjamānopi,1
avijjamānampi,1
avijjā,1
avikkhepāvaho,1
avihatattā,1
avicārattā,1
avicārañcāti,1
avibhūtatāya,1
avibhūtapaccupaṭṭhānāti,1
avibhūtaṃ,1
avibhūtākāropaṭṭhānā,1
avicchinnassa,1
avikkhepāya,1
avikkhepo,1
avikkhittā,1
avitakkaavicāravacanena,1
avitakkaavicārabhāvahetudīpakena,1
avissajjetvā,1
aviseso,1
avisesetvā,1
avisesavacanena,1
avisadatāya,1
avisadañāṇo,1
avirattaṃ,1
avirajjhitvā,1
avirādhetvāti,1
avippayogībhāvena,1
aviparītamanasikāratāya,1
aviparītadhammadesanattā,1
avinassante,1
avitakkattā,1
atisayapahānatthaṃ,1
catukkanayanissito,1
catukkanayassa,1
dūrībhāve,1
dūreti,1
dūrataretiādi,1
duppaññapuggalaparivajjanā,1
duppaññānaṃ,1
dukkhindriyanti,1
dūrībhāvena,1
dukkhavidhuraṃ,1
dukkhappahānādayoti,1
dukkhappahānādayo,1
dukkhanti,1
dukkhādipubbantādibhedavisayassa,1
dukkhādīnaṃ,1
dukkhābhāvenāti,1
dukkhasukhapaṭikkhepavacanena,1
dusamuṭṭhāpayanti,1
dussavaḍḍhanaṃ,1
dutiyabhāvo,1
dutiyampi,1
dutiyajjhānūpacāre,1
dutiyajjhānikānaṃ,1
dutiyajjhānikaṃ,1
dutiyajjhānepi,1
dutiyajjhānena,1
dutiyajjhānapīti,1
dutiyajjhānapakkhikaṃ,1
dutiyajjhānakkhaṇe,1
dutiyajjhānādiadhigamūpāyadīpakena,1
dutiyajjhānādhigamāyāti,1
dutiyādijjhānakkhaṇeyeva,1
dutiyādiadhigamadīpakānīti,1
dutiyādhigamadīpakena,1
dutiyacetanā,1
dukkhā,1
dutiyañceva,1
dukkaraṃ,1
duddammassāti,1
diṭṭhimānaahirikānottappādīnaṃ,1
diṭṭhena,1
diṭṭhasovattikattayassa,1
diṭṭhārammaṇavasenāti,1
diṭṭhalakkhaṇattayassa,1
diṭṭhādīnavassa,1
diṭṭhoti,1
diṭṭhādīnavānaṃ,1
dīpitoti,1
dīpito,1
dīpitā,1
dīpetīti,1
dīpeti,1
dīpakapallikavaṭṭitelāni,1
diṭṭhadhammavedanīyā,1
divasabhāgampi,1
divasabhāge,1
divase,1
duccintitacintitādi,1
dubbinivedhatāya,1
dubbalo,1
dubbalattā,1
dubbalāni,1
dosoti,1
dosopi,1
dosena,1
dosato,1
domanussuppatti,1
domanassindriyassāti,1
domanassindriyanti,1
domanassindriyaṃ,1
domanassena,1
diyaḍḍhakosaṃ,1
duggatiyañca,1
dīpakaṃ,1
dutiyapadena,1
dutiyatatiyajjhānakathāhi,1
ekatā,1
ekasseva,1
ekassāti,1
ekasmiṃyeva,1
ekasantatipariṇāmanayenāti,1
ekasaddo,1
ekattakāyanānattasaññīsattāvāsaphalatāya,1
ekasabhāve,1
ekarasatāvaseneva,1
ekarasabhāvena,1
ekarasā,1
ekapaṭalikūpāhanāgahaṇaṃ,1
ekantaniyyānikattā,1
ekantalakkhaṇanti,1
ekarasaṭṭhena,1
ekattaṃ,1
ekattanayavasena,1
ekattārammaṇeti,1
ekodimhi,1
ekodibhāve,1
ekodibhāvatāya,1
ekodibhāvasaddo,1
ekissā,1
ekībhāvoti,1
eketi,1
ekekassa,1
ekekasmiṃ,1
ekavīthiyanti,1
ekavīthiyaṃ,1
ekāvajjanūpacāre,1
ekāvajjanūpacāramāha,1
ekāvajjano,1
ekattāvahe,1
ekaṅgulamattampi,1
dutiyassa,1
ekaṅgulādivasena,1
ekaṃsikavisayatāya,1
dvayappahānādhigatasamānadhammattā,1
duvūpasamayanti,1
duviññeyyā,1
duvidho,1
duvidhena,1
duvidhe,1
dvepi,1
duvidhassāpi,1
duvaṅgikaṃ,1
duṭṭhassāti,1
duṭṭhapayogassa,1
dutiyenāti,1
dutiyavikappe,1
dutiyatatiyajjhānāni,1
duvaṅgikameva,1
dveti,1
dvīhākārehīti,1
dvīhi,1
ekameva,1
ekākībhi,1
ekajjhañca,1
ekāhaṃ,1
ekaggatāya,1
ekaggatāsaṅkhāte,1
ekaggatābhāvato,1
ekadesamārammaṇaṃ,1
ekadesabhūtaṃ,1
ekā,1
ehi,1
edisī,1
edisesu,1
dvīsu,1
dvinnaṃ,1
ekaṃyeva,1
catukkanayasambandhini,1
dinnoti,1
dhuriyadhammesu,1
cittekaggatāni,1
cittavivekenāti,1
cittavivekādivivekajassa,1
cittavivekādayo,1
cittataṃsampayuttadhammānaṃ,1
cittappavattiākāraṃ,1
cittekaggatānimittassāti,1
cittañca,1
cittacetasikesu,1
cittacetasikānaṃ,1
cittābhinīhārassa,1
cittabhāvanāvepullatthanti,1
cittabhāvanāvepullatthañca,1
citrageṇḍuko,1
cittakāyaupadhivivekā,1
cittekaggatāsaṅkhātassa,1
cittekaggatātiādi,1
cittuppādā,1
daḷhaṃ,1
dakkhiṇena,1
dakāro,1
dakārassa,1
dahanato,1
dadhisampannanti,1
dadhiādīsu,1
dadeyyāti,1
dabbūpakaraṇayoggā,1
dabbūpakaraṇarukkhā,1
cuppannaṃ,1
codanā,1
codakena,1
cīvarādīni,1
cittuppādamattenapi,1
cirāyitattaṃ,1
daḷhaparakkamānaṃ,1
ciraṭṭhitiyā,1
ciratarappabandhavatī,1
cetasikasukhaṃ,1
cetasikakāyikasukhapaṭisaṃvedanasaṅkhātaṃ,1
ce,1
catutthaparicchedavaṇṇanā,1
catutthapañcamesuyevātiādi,1
catutthajjhānūpacāro,1
cetasikasukhameva,1
catutthajjhāne,1
catūsu,1
caturambilādimissehi,1
catupañcacittaparimāṇāya,1
catunnaṃ,1
catukkapañcakanayavasena,1
catukkapañcakajjhānānīti,1
catutthajjhānaṃ,1
cetiyavandanaṃ,1
chaḷaṅgupekkhātiādi,1
chandādīhi,1
cintetabbaṃ,1
cintanaṃ,1
ciṇṇavasināti,1
chinnataṭaṭṭhāne,1
chinditvāti,1
chinditvā,1
chindanavasena,1
cheko,1
chaṭṭhepi,1
chaṭṭhasattamānaṃ,1
chaṭṭhasattamaṃ,1
chaṭṭhacetanā,1
chattamattampi,1
chandarāgo,1
chandanaṭṭhena,1
ciraṭṭhitikattā,1
dinne,1
daḷhīkammaṃ,1
dānamayaṃ,1
dhammatthaññutādike,1
dhammato,1
dhammāti,1
dhammassavanañca,1
dhammassa,1
dhammasenāpatiādīnaṃ,1
dhammavasena,1
dhammasabhāvapaccavekkhaṇenāti,1
dhammānanti,1
dhammakoṭṭhāsesu,1
dhammadhātuyā,1
dhammadharā,1
dhammadesanāyaṃ,1
deyyavatthupariccāgena,1
dhammaparipucchāya,1
dhammavicayasambojjhaṅgādayo,1
dhammavicayasambojjhaṅgo,1
dhammavicayo,1
dhuriyadhammabhūtānaṃ,1
dhovanaphalakanti,1
dhitisabhāvatāya,1
dhāvituṃ,1
dhātūti,1
dhātuniddesatāya,1
dhanujiyāsarānaṃ,1
dhanuggahoti,1
dhaññakaraṇaṭṭhāne,1
dhaññakaraṇaṭṭhānaṃ,1
dhaññā,1
dhammo,1
dhammikaṃ,1
dhammehīti,1
dhammavinayānaṃ,1
desitattā,1
dammo,1
desetabbattā,1
desanāya,1
dassanasīlatā,1
dassanakiccaṃ,1
dasavidho,1
dasapi,1
dasakathāvatthunissitanti,1
dasaccharāmattaṃ,1
dassanato,1
dārunissitena,1
dārumayadoṇikā,1
dāru,1
dānena,1
dandhābhiññassa,1
dandhābhiññaṃ,1
dānasīlāni,1
dārunāti,1
dassanatthaṃ,1
dassanatthañca,1
dassane,1
desanāvilāso,1
desanāvilāsato,1
desanāvilāsappatto,1
desanaṃ,1
desanākkamaṃ,1
dāyakānaṃ,1
dātabbaudakavāraṃ,1
dassitoti,1
dassito,1
dassitāti,1
dassitapāṭhe,1
dassetunti,1
dassetabbanti,1
dassentoti,1
dassentena,1
desesīti,1
ekodissa,1
atisayanirodho,1
atipaṇītena,1
ākārehīti,1
ākārehi,1
ākāre,1
ākārāti,1
ākāranti,1
akāraṇaṃ,1
ākārenāti,1
akaraṇaṃ,1
akammanīyaṃ,1
akāloti,1
ākaḍḍhanaṃ,1
ajjhupekkhitvā,1
ajjhupekkhitākārañca,1
ajjhupekkhati,1
akammaññanti,1
ākārenātiādi,1
ākāreti,1
akāro,1
ākoṭentassa,1
akkantapadānanti,1
akkamanavasena,1
akkamanato,1
ākiñcaññāyatanasaññaṃ,1
akilantakāyo,1
akilamantoyevāti,1
akhettaññūti,1
akatvā,1
akateti,1
akatattā,1
akātabbato,1
akasirena,1
ākāsacetiyanti,1
akarontoti,1
ajjhupekkhantī,1
akusalabhāvasāmaññena,1
ajjhupekkhantasseva,1
ajjhupekkhanatāti,1
āhāravasenāti,1
āhārapariyeṭṭhimūlakañca,1
āhananapariyāhananavasena,1
āhananapariyāhananakiccena,1
ahaṃ,1
agyāhitoti,1
āhāre,1
agocaraññū,1
aggivessana,1
aggamaggassa,1
aggaṃ,1
aggaḷaanuvātaparibhaṇḍadānādinā,1
aggahitāti,1
aggahitaggahaṇenātiādi,1
āghātavatthubhedādivisayānanti,1
āharitabbaṃ,1
āhāro,1
āhārūpajīvino,1
ajjhupekkhanaṃ,1
ajjhattikesu,1
ajjhattikabāhirānantiādi,1
ajjhattasampasādanatāya,1
ajjhattameva,1
ajjhattaṃ,1
ajjhattajjhattādi,1
ajjhāsayavisodhanaṃ,1
ajjhāsayassa,1
ajjhānadhammehi,1
ajhānasamaṅgikāle,1
ajānantānaṃ,1
āhitasaddassa,1
āhāti,1
āhataṃ,1
ajjhupekkhanāva,1
aggahitā,1
akusalasaddena,1
akusaloti,1
anativattanādīti,1
anativattanādisādhakassa,1
anativattanādibhāvasādhanameva,1
anāsevanāya,1
anariyaṃ,1
anāpādikattā,1
anatthaṃ,1
ananuyuñjanto,1
ananurūpānīti,1
ānantariyā,1
anantaritaṃ,1
anantarapaccayabhūtaṃ,1
anantarapaccayabhāvino,1
anantarapaccayabhāvena,1
ananuyuñjanatoti,1
anatthasaṃhitantiādinā,1
anatthāvaho,1
anavajjā,1
anekappabhedo,1
anekantikattā,1
anekakkhattuṃ,1
anekākāravokāraṃ,1
anekadhā,1
anekabhedoti,1
anekabhedatotiādi,1
andhakāre,1
andhakārābhibhavo,1
añchanādi,1
ānayanaṃ,1
anavaṭṭhānato,1
anavaṭṭhānaraso,1
anavasesanti,1
anavajjasukhavipākādikassa,1
anantarameva,1
akusalehīti,1
anantarabhāvena,1
anajjhupekkhitvā,1
amanasikārena,1
alopo,1
ālokasaññādīnañca,1
ālocanākārena,1
alobhādosappadhānāni,1
alīnatāya,1
amanasikārenāti,1
alīnānuddhatatāya,1
alīnantiādīsu,1
alasānaṃ,1
aladdhāsevanāpi,1
aladdhāsevanaṃ,1
alābho,1
alābhena,1
alīnānuddhatā,1
amateneva,1
ambilaggehīti,1
ambilaggehītiādi,1
anāgatāpi,1
anādīnavadassino,1
anadhiṭṭhānato,1
anadhigatassa,1
anaccāsannopi,1
anaccantasaṃyogaṃ,1
anābhogarasāti,1
anabhisaṅkhato,1
amuñcitvāti,1
aṃsuṃ,1
amohappadhānā,1
āmisapūjāya,1
ambilarasā,1
ambilaṃ,1
ambilakoṭṭhāsehi,1
anāmasanto,1
anekāvajjane,1
aggahetvāti,1
aggabhūtā,1
acarīti,1
abyāvaṭāya,1
abyāvaṭatā,1
abyāvaṭā,1
abyattaṃ,1
abyāpārataṃ,1
ācariye,1
abyāpārapaccupaṭṭhānāti,1
abyāpārabhūtā,1
abyāpārabhāvena,1
abyaggo,1
abyagganimittanti,1
ābhujitvā,1
ābhogo,1
abyāpāraṃ,1
ācariyena,1
accantānaccantasaṃyogitāya,1
accantasaṃyogamāha,1
addhānaparicchedoti,1
aḍḍhagāvutato,1
ādāyāti,1
adāsi,1
ādāsatalassa,1
ādāsamaṇḍalūpamādīhi,1
ādānaṃ,1
acintetvā,1
ācikkhantītiādīni,1
achekoti,1
accharāmattanti,1
accharāmattaṃ,1
accāraddhavīriyatāya,1
accāraddhavīriyatādīhīti,1
accāraddhaṃ,1
ābhogena,1
aḍḍhateyyahatthantare,1
abhisitto,1
abhisaṅkhatattāti,1
abhibhūtaṃ,1
abhibhavatīti,1
abhibhavati,1
abhibhavanato,1
abhedo,1
abhede,1
abhibhuyya,1
abhayagirivāsino,1
abhāveneva,1
abhāvattho,1
abhāvanāya,1
abhāvamattaṃ,1
abbhatthaṅgatāti,1
abahulīkārena,1
abhāvo,1
abhibhuyyamānattā,1
abhidhamme,1
abhidhammeti,1
abhisaṅkhārakā,1
abhiruhi,1
abhiruciṃ,1
abhiññāpādakassa,1
abhiññācittaṃ,1
abhiniruḷhaṃ,1
abhiniropanākāro,1
abhiṇhaṃ,1
abhimukhena,1
abhimukhaṃ,1
abhiharati,1
abhihārānanti,1
abhighātajo,1
abhighātaggahaṇena,1
abhidheyyabhūtena,1
abhisaṅkhateti,1
aggahetvā,1
ādhārabhūte,1
adhigamakāraṇanti,1
adukkhaṃ,1
ādiyanto,1
ādīti,1
ādisaddo,1
adīpitattā,1
ādīnavo,1
adukkhamasukhā,1
ādīnavanti,1
ādimajjhapariyosānavasenāti,1
ādimajjhapariyosānavasena,1
ādikalyāṇañceva,1
ādiārambhavasena,1
ādiāghātavatthubhedavisayassa,1
ādi,1
ādimhi,1
adukkhamasukhāya,1
adukkhamasukhāyacetovimuttiyāti,1
adutiyo,1
āgato,1
āgatesu,1
āgatāti,1
āgatāneva,1
āgataṃ,1
āgatāgamā,1
āgatā,1
āgantukatāya,1
āgamo,1
āgamitabhāvena,1
āgamissati,1
āgamanupekkhā,1
āgamanassa,1
āgamanaṃ,1
āgacchati,1
adho,1
adhigacche,1
ādhiyatīti,1
adhiṭṭhānavuṭṭhānavasīdassanatthaṃ,1
adhimattaṃ,1
adhimattādhimattatarānaṃ,1
adhikuṭṭanaṭṭhena,1
adhikavacanaṃ,1
adhikappamāṇanti,1
adhikabhāvena,1
adhimattatā,1
adhigatanti,1
adhigantuṃ,1
adhigamo,1
adhigamena,1
adhigamāya,1
adhigamāvatthāyaṃ,1
adhigamassa,1
adhigataṃ,1
adhimattatāpi,1
adhimattatāya,1
adhimattattā,1
adhiṭṭhānasamatthatā,1
adhippetattā,1
adhippetanti,1
adhippetāni,1
adhippāyoti,1
adhippāyenāti,1
adhippāyena,1
adhippāyato,1
adhippāyassa,1
adhimutti,1
adhimuttabhāvena,1
adhimuccanavasena,1
adhimuccanassa,1
adhimokkho,1
adhimokkhakiccassa,1
adhiṭṭhāya,1
atiracchānakathikoti,1
anekāvajjano,1
anena,1
arahattamaggaṃ,1
arahattaṃ,1
āraddho,1
āraddhavīriyapuggalasevanatāti,1
āraddhavīriyānaṃ,1
āraddhaṃ,1
arahattaphalasamāpattatthāya,1
āraddhakammaṭṭhānassa,1
ārabbha,1
appitāti,1
appicchotiādīsu,1
appicchatā,1
appicchakathādīnaṃ,1
apphuṭanti,1
āraddhā,1
arahatte,1
ārakkhā,1
ārakkhābhāvena,1
ārammaṇesu,1
ārammaṇarasassa,1
ārammaṇabhūtena,1
ārammaṇābhiruhaṇaṃ,1
ārammaṇābhiniropanalakkhaṇo,1
ārammaṇābhimukhaniropanaṭṭhena,1
ārammaṇabhāvoti,1
ārambhamajjhapariyosānavasena,1
ārambhakāle,1
ārambhadhātūti,1
ārambhadhātumanasikārādīti,1
ārakkhapaccupaṭṭhānātiādi,1
ārakkhapaccupaṭṭhānā,1
ārakkhamhītiādi,1
ārakkhaṃ,1
appetīti,1
ārammaṇeti,1
appesīti,1
appavatti,1
appanāsamādhissātiādimāha,1
appanāsamādhissa,1
appanāsamādhipūrikā,1
appanāppattāyātiādimāha,1
appanāpattiyā,1
appanāpattilakkhaṇāni,1
appanāsamādhivasena,1
appanāpattānaṃ,1
appanāparivāsaṃ,1
appanāpaññāya,1
appanākosallāya,1
appanākosallakathāyaṃ,1
appanākkhaṇeyevātiādi,1
appanākāle,1
appanāpattacittaṃ,1
appanāsamādhiyevāti,1
appanāsampayuttāva,1
appanāvahā,1
appattassa,1
appaṭipattinimittattā,1
appassādā,1
appasannā,1
appasaddo,1
appaṇihitavimokkhavasena,1
appanigghosanti,1
appanigghosaṃ,1
appanāvīthiyanti,1
appanāvīthiyañhi,1
appanāvīthiyaṃ,1
appanāvīthi,1
appanāvisuddhi,1
appanāvasena,1
appanāvārato,1
appavattito,1
appanācittakkhaṇe,1
ārammaṇūpanijjhānaṃ,1
araññapabbatanadīdīpakathā,1
assāma,1
assaddhiyādīnaṃ,1
assādaṃ,1
asmiṃ,1
asisūnūpamā,1
āsevitavasinā,1
asubhamanasikāranekkhammānisaṃsapaccavekkhaṇādīni,1
āsevitabbaṃ,1
āsevanāya,1
āsevanāpi,1
āsevanapaccayena,1
āsevanapaccayattābhāvato,1
āsevanapaccayalābhena,1
āsevanapaccayalābhassa,1
āsevantassa,1
asukhanti,1
aṭavimukhādinissitaṃ,1
atekiccho,1
atimandaṃ,1
atimadhuratā,1
atimadhuraṃ,1
atikkhatāya,1
atikkamo,1
atikkamitvā,1
atiittarakhaṇatāya,1
atigāḷhaṃ,1
atidūraṃ,1
atidhāvanto,1
aticiraṃ,1
atibhāsurañca,1
atiāsannaṃ,1
athettha,1
athānena,1
āsevanapaccayabhāvīnaṃ,1
ārammaṇūpanijjhānatoti,1
āsevanaṃ,1
āsayaposanaṃ,1
asahāyo,1
asahāyatthopi,1
asabhāvassa,1
arūpe,1
aruṇavaṇṇo,1
aruṇavaṇṇāyāti,1
asamatthabhāvato,1
aruṇavaṇṇāya,1
aruṇavaṇṇā,1
aruṇappabhāvaṇṇāyāti,1
aruṇanibhāya,1
ārohatīti,1
ārohanāya,1
ariyānaṃ,1
aruṇavaṇṇassa,1
asāmatthiyato,1
asaṃkiliṭṭhasabhāvattā,1
asammoho,1
āsayanti,1
āsayaṃ,1
asati,1
asappāyesu,1
asappāyena,1
asappāyañca,1
āsannattāti,1
āsannattā,1
āsannanīvaraṇapaccatthikā,1
āsaṅkanīyattābhāvena,1
asaṃsaggo,1
asamphuṭṭhaṃ,1
asammuyhanaṃ,1
asammussanarasā,1
asammussanaṃ,1
āsevanā,1
anekehīti,1
appanābyāpārassāti,1
appakasireneva,1
aññenāti,1
aññena,1
aññehi,1
aññathāpīti,1
aññatarenāti,1
aññatarenāpi,1
aññesaṃ,1
aññataraṃ,1
aññasmiṃ,1
aññārammaṇato,1
aññāpohananayenāti,1
aññapadatthasamāso,1
aññamaññūpatthambhanato,1
aññamaññānativattanavasena,1
aññassa,1
aññesampi,1
anokāsāva,1
anoḷārikānaṃ,1
anubrūhentī,1
anubrūhanā,1
anubhavananti,1
anubhavanalakkhaṇā,1
anubandheyyāti,1
anubalappadānaṃ,1
antonītaṃ,1
antoappanāyanti,1
antevāsikesu,1
antarāyoti,1
antarāyakaraṇato,1
antānaṃ,1
antadvayapātābhāvena,1
anoḷārikattā,1
anoḷārikaṅgattā,1
aññamaññānativattanaṃ,1
anubrūhite,1
aññamaññaṃ,1
aniyamo,1
aniccādilakkhaṇattayaṃ,1
aniccādilakkhaṇassa,1
aniccādikassa,1
anibbattassa,1
aṅguliphoṭamattaṃ,1
aṅgulipadapāṇipadādiko,1
aniccādivasena,1
aṅgehi,1
aṅgārakāsūpamā,1
aṅgapātubhāvenāti,1
aṅgapātubhāvena,1
aṅganti,1
aṅgameva,1
aṅgadubbalāti,1
aṅgasamudāyabhāvato,1
aniccānupassanādīhi,1
aniccatādilakkhaṇattayaṅkitaṃ,1
animittavihārasamāpattatthāya,1
aniyame,1
aniyamattho,1
anīvaraṇasabhāvo,1
anīvaraṇasabhāvassa,1
anīvaraṇānaṃyeva,1
aniṭṭhe,1
aniṭṭhāni,1
aniṭṭhānaṃ,1
anissajjanaṃ,1
ānisaṃso,1
ānisaṃsaṃ,1
ānisaṃsadassāvītiādīnaṃ,1
ānisaṃsadassāvitādassanaṃ,1
anirassādanti,1
anirassādaṃ,1
aññaṃ,1
appamāṇamevāti,1
anudahanaṭṭhena,1
anuddhatatāya,1
aparisuddhabhāvāya,1
aparimāṇacittakkhaṇatāya,1
aparihīnameva,1
aparihīnajjhānamārammaṇaṃ,1
aparicchinditvāva,1
aparicchinditvā,1
aparisuddhaṃ,1
apariccattapemassa,1
aparāpariyavedanīyā,1
aparamatthasabhāvattā,1
āpannanti,1
apakkamitvāti,1
āpajjanaṃ,1
apabhassarabhāvakaraṇā,1
aparibyattaṃ,1
aparisuddhatā,1
aparisuddhe,1
aparisuddhena,1
appakasirenāti,1
appakaṃ,1
appahīnabhāvadassanatthaṃ,1
appaguṇatāya,1
appaḍaṃsamakasavātātapasarīsapasamphassanti,1
appabhāvena,1
apicātiādi,1
apekkhanti,1
apāyadukkhaṃ,1
apāyādīti,1
apāyādibhayapaccavekkhaṇādayo,1
āpāthamāgacchatīti,1
apasakkitvāti,1
aparo,1
apārisuddhi,1
anuyutto,1
anuddhaṭāni,1
anuyuñjantassa,1
anuyogavasenāti,1
anuparibbhamanaṃ,1
anupagamanena,1
anūnānadhikabhāvaṃ,1
anūnādhikabhāvakaraṇaṃ,1
anuminitabbasabhāvattā,1
anumātabbā,1
anuparipphuṭanti,1
anumasanaṃ,1
anumajjanaṃ,1
anumajjanākāro,1
anumajjanaanuyojanavasena,1
anukūlaṃ,1
anukkamenāti,1
anuggaho,1
anumajjanavasena,1
anupatthambhitattā,1
anupavisati,1
anupaviṭṭhaṃ,1
anuvisaṭanti,1
anuvicāraṇasaṅkhātaanumajjanavaseneva,1
anuvattāpentī,1
anuttānīkatañca,1
anusandhānatāti,1
anusañcaraṇaṃ,1
anurūpo,1
anuravato,1
anuppattidhammatāpādanaṃ,1
anuppanno,1
anuppannassāti,1
anuppajjantaṃ,1
anuppādoti,1
anuppabandhena,1
anuppabandhanaṃ,1
anuyojanaṃ,1
pāripūriyāti,1
ekodivaḍḍhanatā,1
eḷakalomādīhi,1
nimittaggahaṇappasutoyeva,1
nimittabhāvato,1
nīlayogato,1
nīlavatthaṃ,1
nīlavaṇṇayogato,1
nīlapītalohitaodātasambhedavasenāti,1
nimittaggahaṇavasena,1
nīlaṃ,1
nikkilesatā,1
nikkhantattā,1
nikāye,1
nikantinti,1
nikāmanaṃ,1
nijjaṭanti,1
nīlādivaṇṇāhi,1
nimittakosallanti,1
nimittañcāti,1
nimittānubyañjanāni,1
nippariyāyena,1
nipāto,1
ninnunnataṭṭhānābhāvena,1
ninnaṭṭhānaṃ,1
ninnapoṇapabbhāratāti,1
ninnapoṇapabbhāratā,1
ninnapoṇapabbhārabhāvena,1
nimmitapabbate,1
nimmineyya,1
nimmīletvāti,1
nimittuggahaṇāya,1
nimittavaḍḍhanaṃ,1
nimittassāti,1
nimittasmiṃ,1
nimittāsevanabahulassāti,1
nigumbaṃ,1
nipphādentā,1
nighaṃsantiyotiādi,1
nigamanavasena,1
nibbindanamukhena,1
nibbattitavisesaṃ,1
nibbattitajjhānacatukke,1
nibbattinti,1
nibbatti,1
nibbattetuṃ,1
nibbisesaṃ,1
nibbattassa,1
nibbānassa,1
nibbānaṃ,1
nibbānagāmimaggo,1
nibandhati,1
nevasaññānāsaññāyatanasamāpattiṃ,1
neva,1
nibbattanaṃ,1
niccakappaṃ,1
niccalattā,1
niccalo,1
nigamanatthaṃ,1
niddiṭṭho,1
niddiṭṭhāti,1
niddiṭṭhaṃ,1
niddisiyamānassa,1
niddisantena,1
niddhārite,1
niddhāretabbo,1
niddeseti,1
niddese,1
nidassitanti,1
nidassetabbaṃ,1
nidassanavasena,1
nidassananti,1
niccasaññādayo,1
niggahe,1
nesaṃ,1
nipphādetukāmena,1
nipphāditabhāvanāpayogassa,1
nivāso,1
nivārito,1
nīvaraṇehi,1
nīvaraṇe,1
nīvaraṇavitakkavicārādisabbapaccanīkehi,1
nīvaraṇavitakkavicārādīni,1
nivattanattho,1
nīvaraṇattā,1
nīvaraṇappahānassa,1
nīvaraṇapariyāyassa,1
nīvaraṇapamukhehi,1
nīvaraṇānaṃ,1
nīvaraṇākusalamūlādīnaṃ,1
nīvaraṇādipaṭisaṅkhāsantiṭṭhanā,1
nīvaraṇasadisatāya,1
nivattane,1
nivattitaṃ,1
niyakajjhattamadhippetaṃ,1
okāsaṃ,1
okappentoti,1
okappento,1
oghaṃ,1
odātā,1
odagyaṃ,1
ocinantiyoti,1
obhāsaṃ,1
niyutto,1
niyuttā,1
niyojitopi,1
niyamo,1
niyāmento,1
niyamato,1
niyāmako,1
nīvaraṇādīnaṃ,1
nipphādikā,1
niṭṭhitāyāti,1
nissitaṃ,1
nirodho,1
nirodhitā,1
nirodhaṭṭhānaṃ,1
nirodhaṃ,1
nirodhā,1
niratthakāti,1
nirudakamaruṭṭhānaṃ,1
nirassādaṭṭhena,1
nirassādassāti,1
nirāsaṅko,1
nipphannasippo,1
nipphannā,1
nipphajjantīti,1
nipphajjamānāti,1
nirassādatāya,1
nisajjāya,1
nisajjāyātiādinā,1
nisedhetvā,1
nissayotveva,1
nissayena,1
nissāyātiādi,1
nissāyāti,1
nissayasavaṇṇaṃ,1
nissayanissayopi,1
nissayagatiko,1
nissayādipaccayabhūtesu,1
nissayabhūte,1
nissaṭe,1
nissaranti,1
nissaraṇabhūte,1
nissaddabhāvāya,1
nisinnoti,1
nisīditabbaṃ,1
nīto,1
oḷārikaṅgappahānena,1
nekkhammeti,1
nekkhammapaṭipadā,1
mattikāhi,1
mattikā,1
matthakappattā,1
mattaso,1
mātikāya,1
mātikādharā,1
mattikāsadisāya,1
manodvārikajavanānaṃ,1
mandattā,1
mandatāya,1
mandānīti,1
mandañca,1
maṇḍalasaṇṭhānaṃ,1
maṇḍalāpekkhāya,1
maññamānā,1
mattikāya,1
mayaṃ,1
mayhaṃ,1
mukhanimittaṃ,1
mukhanimittadassinā,1
mukhanimittadassī,1
muddhappasanno,1
momūhapuggalānaṃ,1
mohassa,1
mohādhikehi,1
mocayitvā,1
mitto,1
mittaṃ,1
mīḷhaparibhogasadisaṃ,1
migagatamaggo,1
middhasukhaṃ,1
mettā,1
medinītiādimāha,1
maṇḍalanti,1
mukhanimittameva,1
maṇḍalaṃ,1
mandabyāpāratāya,1
majjhattākārena,1
majjhattākārabhūtā,1
majjhattabhūtāya,1
majjhattabhūtā,1
majjhattābhāvasāmaññe,1
majjhapariyosānalakkhaṇānañca,1
majjhattaṃ,1
mahī,1
mahatiyo,1
mahatiyā,1
mahāsaṅghabhogopi,1
mahapphalakārabhāvassa,1
mahapphalabhāvakaraṇena,1
mahāpathavihāreti,1
mahattaṃ,1
majjhattārammaṇassa,1
majjhattarasā,1
majjhe,1
mandabuddhīnaṃ,1
mañcā,1
manasikāro,1
manasikāraphāsutā,1
manasikaraṇamattena,1
mānasena,1
mānasaṃ,1
manasā,1
mamāyanaṃ,1
mama,1
maṃ,1
makkaṭakasuttanti,1
majjhimo,1
majjhimassa,1
majjheti,1
maṇḍalākāre,1
nekkhammapaṭipadanti,1
muñcitukamyatāñāṇena,1
nāccāsannanti,1
nātidūranāccāsannatāya,1
nātidūraṃ,1
nassati,1
nāsakkhi,1
nārohati,1
nappavattantīti,1
nātidūranti,1
nappaṭipajjati,1
ñāṇena,1
ñāṇe,1
nānāvisayasamūpabyūḷhāya,1
nānāvisayapalobhitaṃ,1
ñāṇavirahitampi,1
nānāvajjanūpacāre,1
ñāṇenātiādi,1
nātidūrapavattī,1
nātimahantaṃ,1
nātipaccanīke,1
nekkhammaṃ,1
nekkhammaguṇadassanenāpi,1
nekkhammadhammā,1
nāyaṃ,1
ñāyāgataṃ,1
ñāyāgatā,1
nayadvayavibhāgo,1
nayadvayavasena,1
navoropitehi,1
nāvāsārathī,1
nāvākaṭasārakaṃ,1
nattheva,1
nātiummīlananātimandālocanasaṅkhātena,1
nātitikkhindriyassāti,1
natiracchānakathiko,1
nānāvajjaneti,1
nāccāsannaṃ,1
nānāvajjanavīthiyaṃ,1
nānāvajjanaparikammaṃ,1
nāmanti,1
nāmantaravasenapi,1
nāmamattampi,1
nāmakāyasampayuttaṃ,1
nāḷiṃ,1
nakālo,1
nāmāti,1
nagaranti,1
nādiyati,1
nadiyā,1
nadīviduggaṃ,1
nadīsotena,1
nadī,1
naddhā,1
nagaranissitaṃ,1
nāmetaṃ,1
nāmete,1
ñāṇabyāpāroti,1
ñāṇasahitaṃ,1
ñāṇasādhanattā,1
nānārasehīti,1
nānārammaṇehi,1
nānārammaṇe,1
ñāṇapaccupaṭṭhānato,1
nānantariyabhāvato,1
ñāṇamukhena,1
ñāṇampīti,1
ñāṇampi,1
ñāṇamahantatāya,1
nānākilesehi,1
ñāṇakiccavasena,1
nānaccayehīti,1
nānaccayehi,1
nānāvajjanaparikammameva,1
mahāpathasamīpe,1
oḷārikaṅgassa,1
oḷārikassa,1
paññāpayogasampattiyā,1
paññāpayogamandatāyātiādi,1
paññāpayogamandatāyāti,1
paññāpaṭirūpasabhāvattā,1
paṇṇākārānaṃ,1
paññādhimuttatā,1
paññāsaṃvattanikā,1
pānīyaghaṭaṃ,1
paṇītarūpehi,1
paṇītarūpānaṃ,1
paṇītāhāro,1
paṇītabhojanasevanatātiādi,1
paṇidhāya,1
panevaṃ,1
paṇītasukhepi,1
paññāsaṃvattaniyabhāvena,1
paññāti,1
paṇṇattidhamme,1
papātasīse,1
papātābhimukhatāya,1
pāpadhammehi,1
panthe,1
panthaninti,1
panthaniṃ,1
panthanī,1
paññindriyassa,1
paññindriyaṃ,1
paññāvasenāti,1
paññāvasena,1
paṇṇavante,1
paññavantapuggalasevanā,1
paṇṇattimatte,1
paṇṇattidhammeti,1
panete,1
papātaṭṭhānaṃ,1
panetantiādi,1
paṇḍukambalaṃ,1
pāmojjena,1
pāmojjabahulo,1
pamodanasaṃvejanavipariyāye,1
pamāṇena,1
pamāṇanti,1
pamāṇaṃ,1
paṇāmito,1
palobhitassa,1
pāḷipadesesu,1
palibodho,1
pālanāti,1
pakkhe,1
pakkhandoti,1
pakkhandati,1
pallaṅkaṃ,1
panassa,1
panassā,1
panātiādināpi,1
paṇḍito,1
paṇḍitānaṃ,1
pañceva,1
pañcavidhabandhanādikhuppipāsādiaññamaññavibādhanādihetukaṃ,1
pañcāti,1
pañcapi,1
pañcaṅgikaṃ,1
pañcaṅgavippahīnatāva,1
pañcamato,1
pañcakanayavasena,1
pañcakanayassa,1
pañcakanayaniddese,1
pañcakāmaguṇabhedavisayassāti,1
pañcadhanusatikatāya,1
pāṇātipātādiasuddhapayogo,1
panetaṃ,1
pakkhandanto,1
papāte,1
pāpuṇātīti,1
parikkhīṇajavatā,1
parikkhayāti,1
parikkhāro,1
parikkhārāti,1
parikappeti,1
parikappavacanaṃ,1
parikkhīṇajavattā,1
parikappananti,1
parikammavisuddhito,1
parikammattāti,1
parikammanti,1
parikammānanti,1
parikammānaṃ,1
parikammakāleti,1
parikammupacārānulomasaññitesu,1
parikkhīṇajavattāti,1
parikkhīṇāya,1
parimajjanahattho,1
paripuṇṇānīti,1
paripucchati,1
paripucchantassa,1
paripucchanaparipañhākāradassanaṃ,1
paripucchakatāti,1
paripucchakatādiākārehi,1
paripatati,1
paripanthavisuddhimajjhimasamathapaṭipattipakkhandanehi,1
paripanthavisuddhimajjhimasamathapaṭipattipakkhandanākārānaṃ,1
paripanthabhūtānaṃ,1
paripañhati,1
paripākaṃ,1
paripācanavasena,1
pariṇāmūpagamananayena,1
parimajjananti,1
parikammāgamanavasena,1
papāteti,1
parikammādināmakānīti,1
parihīno,1
paribrūhanarasā,1
paribhutto,1
paribbhamati,1
paribbhamantassa,1
paribbhamanena,1
pare,1
paribrūhitā,1
parāyaṇaṃ,1
paranti,1
paramatthato,1
pāraṃ,1
pāragamanaṃ,1
pāpuṇissāmīti,1
pāpuṇi,1
paravacanaṃ,1
paribyattaṃ,1
paribyattāya,1
paricayenāti,1
parihīnamevāti,1
parihāyanato,1
parihāro,1
pariharituṃ,1
pariggayhamāne,1
pariggaṇheyyāti,1
pariggaṇhanaṃ,1
pariggahetvā,1
pariggahetabbāti,1
pariggahesu,1
paridubbalā,1
paricchinnacittakkhaṇoti,1
paricchijja,1
paricchedatthāya,1
paricchedanti,1
parijānanavasena,1
oḷārikanti,1
pakkhandanti,1
pakatiyā,1
paccayadāyakānaṃ,1
paccayadassanatthanti,1
paccayabhūtehi,1
paccayabhūtaṃ,1
paccayā,1
paccavekkhitabboti,1
paccayanibbattattā,1
paccavekkhati,1
paccavekkhaṇāvasena,1
paccavekkhaṇāti,1
paccavekkhaṇatā,1
paccavekkhaṇāni,1
paccavekkhaṇaggahaṇaṃ,1
paccavekkhaṇābāhullena,1
paccavekkhaṇāvasīsiddhi,1
paccayapaccayuppannabhāvabhede,1
paccayapaccayuppannādivibhāgato,1
paccayāti,1
padantarasaṅgahitassa,1
padāni,1
padāletuṃ,1
pādakabhāvena,1
padadvaye,1
padadvayaṃ,1
pacuratāya,1
paccuppanne,1
paccuppannabhavanissitaṃ,1
pacchimena,1
yuttivibhāvanena,1
paccayena,1
paccayehi,1
paccayavisesehi,1
paccayavasena,1
paccavekkhaṇā,1
padasandhikaro,1
paccatthikabhāvato,1
paccantasīmāsappāyaṃ,1
pabbajjā,1
otari,1
osānakkhaṇe,1
orambhāgiyānaṃ,1
orabhāgatāya,1
onītapattapāṇināti,1
pabbatakūṭaṃ,1
olokitaṭṭhānappamāṇameva,1
oloketuṃ,1
oloketabboti,1
oḷārikoḷārikaṅgasamatikkamā,1
oḷāriko,1
oḷārikaṭṭhena,1
oḷārikattāti,1
olokitakkhaṇe,1
pabbataṃ,1
pabbatapadeso,1
pabbatasikhare,1
paccantanissitañca,1
paccanīkavūpasamanepi,1
paccanīkasamanepi,1
paccanīkānaṃ,1
paccanīkajhāpanatoti,1
paccanīkadhammehi,1
paccanīkābhibhavato,1
paccāmasati,1
pacarantīti,1
pabhedo,1
pabhassarabhāvakarassa,1
pabhassarabhāvakaraṇā,1
pabbateyyāti,1
pabbate,1
pabbatavisamo,1
paccattaniddesassa,1
pakkhandanākāroti,1
padassa,1
padatthalakkhaṇāni,1
pajahanato,1
pahīyati,1
pahīyantīti,1
pahīnattāti,1
pahīnāti,1
pahīnataṇhesu,1
pajahanavasena,1
pahīnassāti,1
pahīnāni,1
pahīnajjhāno,1
paheyyaṅganiddesatāsāmaññena,1
pahāyakadhammānaṃ,1
pahāya,1
pahātuṃ,1
pahīnassāpi,1
pajahanto,1
pajahatīti,1
pajaheyyanti,1
pakatirukkhapāṇikā,1
pākatikehi,1
pākatike,1
pākatikakāmāvacaracittato,1
pakaticittehīti,1
pakaticittatoti,1
pākaṭabhāvoyevettha,1
pākaṭabhāvatoti,1
pakāsito,1
pakāsitesu,1
pakāsitā,1
pakāsanādhippāyena,1
pajānātīti,1
pajānāti,1
pajānanaṃ,1
pahaṭṭhākāro,1
pādatalesu,1
pahāsodagyasabhāvāya,1
pahāre,1
paggahe,1
paggahakiccaṃ,1
paggahādīsu,1
paggahādikiccassa,1
padīpobhāso,1
padīpobhāsābhāvena,1
paggahitaṃ,1
padīpetukāmo,1
padesūti,1
padesato,1
padesantarapāḷidassanena,1
padehi,1
padaṭṭhānaṃ,1
padaṭṭhānabhāvānavabodhena,1
padhānamanuyuñjanto,1
paggahitattā,1
paggahitavīriyatādīhi,1
paggaho,1
paharaṇasamaye,1
pahānāya,1
pahānato,1
pahānaṅgatāpi,1
pahānaṅgaṃ,1
pahānamattanti,1
pahānakkamo,1
pahaṃsanatā,1
paguṇatāya,1
paguṇabhāvāpādanaveyyattiyassa,1
paguṇabalavabhāvassa,1
paggaṇhetheva,1
paggaṇhantenāpi,1
paggaṇhanaṃ,1
paggahova,1
pahāro,1
ekoti,1
mahāpaññānaṃ,1
mahantaṃ,1
ittarapaccupaṭṭhānaṭṭhena,1
ittarā,1
itoti,1
itisaddena,1
itaropi,1
itaro,1
iṭṭhāni,1
itaresañca,1
itarehi,1
itarathāti,1
itarāni,1
itarakiccabhedanti,1
itā,1
issāso,1
itarena,1
iṭṭhāniṭṭhaviparītaṃ,1
iṭṭhāniṭṭhaviparītānubhavanalakkhaṇā,1
iṭṭhāniṭṭhaviparītassa,1
jarādīnaṃ,1
jarādayo,1
jarābyādhimaraṇādayo,1
janitasatipārisuddhinti,1
janeti,1
janento,1
janayitvā,1
janavivitte,1
janasannipātanigghosābhāvena,1
janālāpasaddābhāvena,1
jale,1
itthiyo,1
itthisaddo,1
iṭṭhasabhāvattā,1
iṭṭhārammaṇassa,1
īsakampītiādi,1
jātābhilāsena,1
iriyāpathasappāyañca,1
iriyāpathabādhanaṃ,1
īdisamidanti,1
idhāgataṃ,1
idhādhippeto,1
idhādhippetajjhānameva,1
idhādhippetaappanā,1
iddhimantā,1
īdisanti,1
idañhi,1
idameva,1
icchitāni,1
icchitaṃ,1
icchitabbatthena,1
icchitabbattā,1
icchitabbanti,1
idañca,1
ijjhati,1
ikkhatīti,1
imasmiñca,1
iriyanti,1
īretabbaṃ,1
indriyekarasatātadupagavīriyavāhanāsevanāni,1
indriyavibhaṅgetiādi,1
indriyasamatte,1
indriyasamattapaṭipādanā,1
indriyasamatāvasena,1
indriyasamataṃ,1
indriyāni,1
indaṭṭhaṃ,1
indaṭṭhakaraṇena,1
imesaṃ,1
imehākārehīti,1
imāyātiādi,1
imassāti,1
iriyāpathantarehi,1
icchitabbameva,1
jātathāmāni,1
jāte,1
jīvitadukkhaṃ,1
jitantiādīsu,1
jiṇṇavihārepi,1
jigucchanaṃ,1
jhānuppattīti,1
jhānupekkhāpi,1
juṇhāya,1
jhāneti,1
jhānesūti,1
jhānesu,1
jhānavohārato,1
jhānavimokkhapaccavekkhaṇatāti,1
jhānavibhaṅge,1
jhānasseva,1
jhānesveva,1
kāci,1
kadā,1
kāḷakā,1
kāmacchande,1
kāmacchandato,1
kāmacchandassapaṭipakkho,1
kāmacchandanīvaraṇaṃ,1
kāmacchandādinīvaraṇadhammānaṃ,1
kāmacchandādīnampi,1
kāmacchandādayo,1
kāmābhibhavoti,1
kāmabhavassa,1
kaṃ,1
kalyāṇatālakkhaṇānaṃ,1
kalyāṇamittaṃ,1
kāleti,1
kālaparicchedo,1
kālantare,1
jhānasamaṅgitā,1
jātattā,1
jhānapaṭipattiṃ,1
jhānapaṭipakkhalobhacittādīnaṃ,1
jhānādhigame,1
jhānacittaṃ,1
jhānābhāvena,1
jhānabhāvanāya,1
jhānā,1
javantīti,1
jhānādhigamūpāyatā,1
javanehi,1
javanahaṃsapotakā,1
jātīti,1
jātinti,1
jātijarābyādhimaraṇāni,1
jātiādiṃ,1
jātepi,1
javanavārānaṃ,1
jhānadvayato,1
jhānaggahaṇena,1
jhānakathāyaṃ,1
jhānapariyāpannāya,1
jhānānubhāvanimittaṃ,1
jhānantiādiṃ,1
jhānantarāyakarattāti,1
jhānaṅgesu,1
jhānaṅge,1
jhānaṅgapaccanīkāni,1
jhānaṅganti,1
jhānaṅgānaṃ,1
jhānaṅgaṃ,1
jhānaṅgabhūtā,1
jhānalābhinopi,1
jhānalābhīnampi,1
jhānalābhīnaṃ,1
jhānakkhaṇeti,1
jhānapaṭipakkhatoti,1
kāmacchandoyevāti,1
icchitabbā,1
hotu,1
gāḷhaṃ,1
gajanimmīlanena,1
gahitattā,1
gahitāti,1
gahitasaññāvasena,1
gahitārammaṇavasena,1
gamanāgamanasampannaṃ,1
gahitanimittenevāti,1
gahitāni,1
gahitamevāti,1
gahitakusalanimitteneva,1
gahitākāraṃ,1
gahitaggahaṇaṃ,1
gahetvātiādinā,1
gahitanimitteneva,1
gamanāgamanasampannanti,1
gamanāgamane,1
gamanassa,1
gaṇhantī,1
gaṇhantenāti,1
gaṇhantena,1
gaṇhanaṃ,1
gaṅgāvaheti,1
gaṅgāvahe,1
gaṅgāsote,1
gaṇanānupubbatāya,1
gaṇanānupubbatāti,1
gaṇanānupubbatāmattaṃ,1
gaṃtāyatīti,1
gammaṃ,1
gambhīrañāṇehi,1
gambhīrañāṇacariyapaccavekkhaṇāti,1
gamanavīthi,1
gahetuṃ,1
gaṇhātīti,1
gahetabbattā,1
gahetabbā,1
etthāpi,1
etthapi,1
etthāha,1
ettāvatāti,1
ettakena,1
ettakā,1
evamādīni,1
etesūti,1
etehīti,1
etāti,1
etamatthaṃ,1
etadevāti,1
etadeva,1
esā,1
etesaṃ,1
evamassa,1
evamattano,1
evamayaṃ,1
gāhayituṃ,1
gahaṭṭhapabbajitesu,1
gahaṇepi,1
gacchantī,1
gacchantaṃ,1
gabbhaṃ,1
evaṃsampadamidaṃ,1
evamidaṃ,1
evamevidhāpi,1
evamevāti,1
evametesu,1
evametanti,1
evametaṃ,1
evaṃdhammatānayena,1
evaṃbhūto,1
gahetabbameva,1
icchati,1
gantabbā,1
gaṇṭhiṭṭhānabhūtesu,1
heṭṭhimaparicchedena,1
hetaṃ,1
haṭṭhatuṭṭho,1
hatthapāṇipadādayo,1
hatthaṃ,1
haritabbānaṃ,1
hetuatthe,1
hāpeti,1
hāpanavasena,1
hananaṃ,1
hānabhāgiyaṃ,1
haṃsapotakāti,1
guṇasaṃkittanaṃ,1
guṇaparidīpanā,1
hāpetabbaṃ,1
hetuattho,1
hetubhūtāti,1
hetudīpakena,1
hotiyevāti,1
hotītiādīni,1
hontiyeva,1
hontampi,1
hitvā,1
hītiādimāha,1
hīti,1
hisaddo,1
hīnehi,1
hīnaṃ,1
hīḷanaṃ,1
heva,1
hetutāya,1
hetupaṭirūpakehi,1
hetumhi,1
guṇaṃ,1
gaṇṭhibhūtaṃ,1
guṇabhāvena,1
gottaṃ,1
gayhamāno,1
gāvo,1
gatiyā,1
gatinti,1
gāthaṃ,1
gatāti,1
gāyi,1
gatanti,1
garuḷato,1
gārayhā,1
gantvāti,1
gaṇṭhiṭṭhānanti,1
gaṇṭhiṭṭhānānaṃ,1
gaṇṭhiṭṭhānaṃ,1
garūnaṃ,1
gehaṅgaṇe,1
ghaṇḍānuravo,1
gharājireti,1
gotrabhupariyosāno,1
gotrabhuno,1
gotrabhucitte,1
gotrabhucittanti,1
gotrabhu,1
gocaraṭṭhānaṃ,1
gocaraṭṭhānabhūteti,1
gocarāsevanavasena,1
gocarāsevanāpi,1
gocarabhūtaṃ,1
gocarabhāvaṃ,1
gītasaddoti,1
gītasaddena,1
gijjhakūṭaṃ,1
ghaṭehi,1
gottassa,1
mahantampi,1
kāmadhātuppahānāyāti,1
kāmadhātūtiādi,1
kumbhakāro,1
kukkuccaṃ,1
kuhiṃ,1
kucandanādirukkhapāṇikā,1
kosallasambhūtaṭṭhena,1
kosajjauddhaccapakkhikānaṃ,1
kuntā,1
kosajjato,1
kosajjapakkhena,1
kosajjapakkhapatitaṃ,1
kosajjaṃ,1
kittimaṃ,1
kittanatthānīti,1
kiriyāvatthāvisesato,1
kosajjapakkhiyānaṃ,1
kusalacchandoti,1
kusalacittaṃ,1
kusalādīsu,1
laddhaparihānīti,1
laddhanāmena,1
labheyyāti,1
labhati,1
labbhatevāti,1
labbhamāno,1
labbhamānattā,1
kutoci,1
kusumaparāgaṃ,1
kusītapuggalaparivajjanatāti,1
kusalāpi,1
kusalānaṃ,1
kusalākusalāti,1
kusalākusalānaṃ,1
kusalakiriyāya,1
kiriyāvatthā,1
laddhasamaññā,1
kiriyāniddesoti,1
kintīti,1
kiccanipphattivasena,1
kiccanipphatti,1
kiccakaraṇato,1
kiccādhikatāti,1
khuddakehi,1
khuddakapalibodhupacchedena,1
kiccanipphattiyā,1
khuddakapalibodhupacchede,1
khotiādi,1
khoti,1
khobhena,1
khīyatīti,1
khīraṃ,1
khippābhiññassa,1
khotiādinā,1
kiccasādhake,1
kiccasiddhiyā,1
kiccassa,1
kiñcettha,1
kiñcarahi,1
kilesavāsanāvasena,1
kilesasaṅgaṇikābhāvena,1
kilesasahitaṃ,1
kilesarahitampi,1
kilesakāmova,1
kilesakāmassa,1
kilesakāmasamuccayattho,1
kilesakālussiyāpagame,1
kilañjādimayaṃ,1
kilamicittampi,1
kilametvāpi,1
kilamati,1
kiccuttariyena,1
kiriyaṃ,1
khippābhiññanti,1
laddhāsevanā,1
laddhassāde,1
magganissito,1
maggānantaraphalantiādi,1
maggakkhaṇo,1
magadhavisaye,1
madhuranti,1
madhurambilarasavasena,1
maggapaṭipāṭiyā,1
madhuraṃ,1
madamānādike,1
maccho,1
luttaniddiṭṭho,1
lūtasuttaṃ,1
lūkhapuggalā,1
lope,1
madhukarādīnaṃ,1
maggassa,1
maggavīthito,1
maggesu,1
mahantabhāvo,1
mahāniddese,1
mahānasavijjāparicayena,1
mahānagarānaṃ,1
mahākaccānattherena,1
mahājanasaṃkiṇṇatābhāvena,1
mahaggatānuttaravidhuraṃ,1
mahaggatagottepi,1
mahaggatabhāvappattiyā,1
mahaggatabhāvappattāni,1
mahādosoti,1
mahācetiyaṃ,1
mahābhitāpaṭṭhena,1
magguppattihetubhūtā,1
maggoti,1
lomahaṃsanamattaṃ,1
laddhāsevanatāya,1
lolabhāvo,1
lokiyalokuttaravisesassa,1
lakkhaṭṭhāne,1
lakkhaṇūpanijjhānanti,1
lakkhaṇehi,1
lakkhaṇavasenāti,1
lakkhaṇato,1
lakkhaṇasaṃvaṇṇanāya,1
lakkhitabbabhāvavasena,1
lakkhaṇānīti,1
lahukena,1
laddhūpatthambhāni,1
laddhuṃ,1
laddhokāsā,1
laddhavisesāya,1
laddhaupacārajjhānaparihāni,1
lakkhaṇametissāti,1
laṅkāranti,1
layanti,1
leṇasammateti,1
lokiyābhiññā,1
loke,1
lokavohāro,1
lokavohārena,1
lobhassa,1
līnuddhatādivasena,1
līnuddhatabhāvehi,1
līnuddhaccavirahena,1
līnuddhaccasaṅkhātānaṃ,1
līnuddhaccapakkhiyena,1
līnuddhaccapakkhesu,1
līnuddhaccapakkhapātarahitaṃ,1
līnuddhaccābhāvena,1
līnanti,1
līnabhāvaṃ,1
lokuttarappanā,1
kāmadhātusamatikkamanatoti,1
khippābhiññadandhābhiññavasenāti,1
khīṇāsavapakati,1
karaṇabhāvanākosallānaṃ,1
kapotakandarāyaṃ,1
kantāraṃ,1
kaṅkhaṭṭhāniyesu,1
kaṇhāti,1
kaṇhasukkasappaṭibhāgā,1
kāraṇabhāvato,1
kaṇhābhijātihetuto,1
kaṃsabhājanādīsu,1
kammaṭṭhānikena,1
kammaṭṭhāne,1
kammaṭṭhānassa,1
kammaṭṭhānapaṭisaṃyuttameva,1
kammaṭṭhānamanasikārassa,1
kañci,1
kāraṇabhāvena,1
kāraṇamāha,1
kāraṇāni,1
karontassāti,1
karontā,1
karomītiādīsu,1
karomi,1
karīyatīti,1
karīyati,1
karīyanti,1
karitvāti,1
kārentānaṃ,1
kārassa,1
kāraṇenāti,1
kāraṇena,1
karaṇena,1
kāraṇehi,1
kāraṇānumānañāyena,1
kammassakatādassanahetuko,1
karontena,1
kammasādhanataṃ,1
kāmīyantīti,1
kāmarāgabyāpādatadekaṭṭhathinamiddhādivikkhambhakañcetaṃ,1
kāmapariññābhāvamāha,1
kāmanissaraṇeti,1
kāmañcetamatthaṃ,1
kāmañcāyaṃ,1
kāmānamevetaṃ,1
kāmarāgādivikkhambhanasabhāvameva,1
kāmānameva,1
kāmaguṇādhigamahetupi,1
kāmādīnavapaccavekkhaṇādīhīti,1
kāmādīnavapaccavekkhaṇādi,1
kāmādīnavaṃ,1
kāmadhātuyā,1
kāmadhātuto,1
kāmaguṇūpasaṃhito,1
kāmarāgapaṭipakkhatoti,1
kāmarāgassa,1
kāmarāgato,1
kāmesūti,1
kāmesu,1
kāmentīti,1
kāmenti,1
kāmehītiādinā,1
kāmehīti,1
kāmavivekassa,1
kāmāvacarāneva,1
kāmāvacaradhammānaṃ,1
kāmāvacaracittehi,1
kāmāti,1
kāmataṇhāya,1
kāmasukhañca,1
kāmāsavakāmarāgasaṃyojanādivasena,1
kāmasabhāvoyeva,1
kammanti,1
khīṇe,1
karotu,1
kasiṇadosā,1
ke,1
kāyopi,1
kāyo,1
kāyiko,1
kāyikasukhañca,1
kāyikasukhaheturūpasamuṭṭhāpanena,1
kedāresu,1
kāyikaṃ,1
kāyavivekena,1
kāyappassaddhītiādinā,1
kāyalahutādīnaṃ,1
kāyakilamathe,1
kāyaduṭṭhullanti,1
kāyadarathaṃ,1
kāyaviveko,1
kenacideva,1
kerāṭikapakkhanti,1
kesehi,1
khepetvā,1
khārikehīti,1
khaṇikasamādhipūrikā,1
khaṇikā,1
khaṇeti,1
khandhe,1
khandhāyatanadhātādīnaṃ,1
khalanti,1
khalamaṇḍaleti,1
khalamaṇḍalādike,1
khādissāmīti,1
khādiṃsūti,1
kevalopi,1
kevalantiādi,1
kevalañhītiādi,1
kāyadaḷhībahuloti,1
karuṇā,1
kāyadaḷhībahulānaṃ,1
kāyacittadarathavūpasamalakkhaṇā,1
katāya,1
katamesaṃ,1
katame,1
katageṇḍuko,1
katādhikāro,1
katādhikārānaṃ,1
kate,1
katacumbaṭakaṃ,1
kātabbā,1
kasiṇanimittaṃ,1
kasiṇakaraṇādike,1
kasiṇadoso,1
kasiṇadose,1
kasiṇadosāti,1
katacetiyaṃ,1
katenāti,1
kateti,1
kathamābhogena,1
kaṭukādirasā,1
kattusādhanatamāha,1
kattusādhanataṃ,1
kattuniddeso,1
kattukamyatāchando,1
kattu,1
katthāti,1
katthacīti,1
kattaradaṇḍaggahaṇaṃ,1
katipayāneva,1
kathetīti,1
kathāya,1
kathantiādi,1
kathanti,1
kathamayaṃ,1
kāyacittakhedānaṃ,1
yutto,1
