ca,108
hoti,86
nāma,84
evaṃ,72
rūpaṃ,54
aniccaṃ,48
taṃ,47
na,44
pana,43
pavattarūpaṃ,43
tato,36
tasmā,34
appatvā,34
tattha,34
tilakkhaṇaṃ,33
hi,33
so,32
vā,32
ñāṇaṃ,29
dukkhamanattāti,29
viya,27
pajahati,24
nirujjhati,24
uppajjati,22
āropeti,21
dasa,21
tattheva,21
sammasati,20
passati,19
katvā,19
paññā,18
ekaṃ,18
yaṃ,18
bhāvento,18
ceva,17
āropetvā,17
cha,16
dhammā,16
tāva,16
ayaṃ,15
hutvā,15
iti,15
pākaṭaṃ,15
vasena,15
vuttaṃ,14
aniccato,14
natthi,14
puna,14
samuṭṭhāpeti,13
honti,13
kathaṃ,13
yā,12
paccayato,12
saṅkhārā,12
tampi,12
hissa,12
sammasane,12
saṅkhāre,11
tathā,11
koṭṭhāse,11
tadā,11
pañca,11
sammasanaṃ,11
tassa,11
tasmiṃ,11
vavatthapeti,10
paṭṭhāya,10
tena,10
aññaṃ,10
anattato,10
kira,10
dukkhato,10
ettheva,10
niruddhaṃ,10
cittaṃ,10
dhammānaṃ,10
idaṃ,10
khaṇato,9
aniccā,9
passanto,9
obhāso,9
dukkhaṃ,9
ojā,9
ojaṭṭhamakaṃ,9
parāni,9
vavatthāne,9
gaṇhato,9
tadeva,9
saṅkhipitvā,9
ye,8
esa,8
anattā,8
utu,8
bhante,8
rūpakkhandhassa,8
ṭhānappattā,8
yasmā,8
te,8
kho,8
dukkhā,8
udayaṃ,8
pavattā,8
vayovuḍḍhatthaṅgamato,8
cittāni,8
atha,8
iminā,8
itarītaraṃ,8
vayaṃ,8
dve,8
vedanākkhandhassa,8
appatvāva,8
rūpe,7
maggoti,7
purisassa,7
nibbatti,7
upaṭṭhānaṃ,7
attāti,7
udayadassanena,7
uppannaṃ,7
tatrāyaṃ,7
atītānāgatapaccuppannaṃ,7
ghaṭeti,7
sabbaṃ,7
jālā,7
tesaṃ,7
rūpassa,7
nikanti,7
pavattaṃ,7
yathā,7
pākaṭo,7
passitabbā,7
idha,6
āha,6
pariggahetvā,6
lakkhaṇāni,6
arūpaṃ,6
anattāti,6
thero,6
tassevaṃ,6
attano,6
saddhiṃ,6
tatiyaṃ,6
yogino,6
yāva,6
tatrāpi,6
vedanā,6
dhātuyo,6
nibbattilakkhaṇaṃ,6
dutiyaṃ,6
sammasitvā,6
jarāmaraṇaṃ,6
bhikkhave,6
kālena,6
ime,6
nirujjhissatīti,6
vipariṇāmalakkhaṇaṃ,6
sukhaṃ,6
cittasamuṭṭhānaṃ,6
kassaci,6
uppannā,6
imāni,5
āhāro,5
ito,5
veditabbo,5
catasso,5
tilakkhaṇāropanaṃ,5
ñāṇanti,5
cassa,5
vayovuḍḍhatthaṅgamarūpe,5
cakkhuṃ,5
sabbampi,5
me,5
passantopi,5
dhammatārūpaṃ,5
kataṃ,5
panassa,5
abhiññeyyaṃ,5
vavatthānaṃ,5
mama,5
samaye,5
addhānaṃ,5
yaṃkiñci,5
passato,5
khayaṭṭhena,5
utusamuṭṭhānaṃ,5
khandhānaṃ,5
tisso,5
yogāvacaro,5
vassānaṃ,5
parato,5
obhāse,5
nayena,5
nayo,5
pavattiyo,5
obhāsādīsu,5
viññāṇaṃ,5
paraṃ,5
vassapañcake,4
pañcavīsati,4
aṃsumhi,4
mā,4
dutiyacittena,4
bhaggā,4
uppajjanti,4
yathābhūtaṃ,4
kammajaṃ,4
pubbe,4
uppādavayapaṭipīḷanaṭṭhena,4
āhāramayaṃ,4
vatthuṃ,4
samanupassati,4
passaddhi,4
uppādakkhaṇe,4
suṭṭhutaraṃ,4
soḷasa,4
āraddhavipassakassa,4
pañcakkhandhe,4
asati,4
satta,4
sammasanto,4
aṭṭhārasa,4
tantumhi,4
udayabbayaṃ,4
evampi,4
purejātaṃ,4
avasavattanaṭṭhena,4
utumayaṃ,4
attā,4
cittena,4
nikantipariyādānaṃ,4
gacchatīti,4
tiṭṭhanti,4
paccayasamudayaṭṭhena,4
paṭisañcikkhati,4
sampādeti,4
paṭisandhicittassa,4
āvuso,4
tettiṃsa,4
abhāvaṭṭhena,4
etassa,4
gahetuṃ,4
phalanti,4
etampi,4
idheva,4
samuṭṭhitaṃ,4
nibbattati,4
tejodhātu,4
pīti,4
tīsu,4
ākārehi,4
cakkhuviññāṇaṃ,4
paṭhamacittaṃ,4
disvā,4
aññanti,4
tatiyena,4
cattāri,4
sace,4
tīraṇapariññā,4
tatiyabhāge,4
ñatvā,4
tiṇṇaṃ,4
catutthena,4
vibhāgo,4
nissāya,4
idampi,4
imassa,4
imehi,4
bhikkhu,4
suññato,4
upari,3
udayo,3
ādhipaccaṃ,3
nikantipariyādānatoti,3
paggaho,3
catutthaṃ,3
paricchinditvā,3
vipariṇāmadhammato,3
indriyāni,3
calato,3
kathesi,3
pāḷi,3
ādānanikkhepanato,3
phassapañcamakā,3
saṅkhatato,3
santatīti,3
nirujjhanti,3
iriyāpathaṃ,3
vitthārena,3
tesu,3
pādassa,3
āvajjati,3
paricchindantīti,3
khandhe,3
paricchinne,3
cattārīsāya,3
vuttanayena,3
ṭhānappatto,3
nirodhadhammanti,3
kalāpato,3
amaggañca,3
bhavaṅgaṃ,3
saṅkhataṃ,3
ādīnavato,3
siniddhaṃ,3
palokato,3
bhaveyyuṃ,3
jarāmaraṇanti,3
jhattaṃ,3
bhedato,3
vutte,3
heṭṭhā,3
panāyaṃ,3
porāṇā,3
bhūmi,3
itarā,3
upacayo,3
kammaṃ,3
sati,3
vipassanā,3
gahitā,3
kampati,3
hotīti,3
ādānanikkheparūpaṃ,3
ṭhānaṃ,3
upekkhā,3
pākaṭā,3
uppajjitvā,3
pīṇitaṃ,3
adhimokkho,3
bhaṅgakkhaṇe,3
byañjanameva,3
kammaññatā,3
janayanti,3
cakkhu,3
addhuvato,3
khīyati,3
atthi,3
manodvāre,3
tīraṇapariññāya,3
paññāsa,3
ekatthā,3
ākāsadhātu,3
vayadassanena,3
vavatthapenti,3
ekekasmiṃ,3
manasikaroto,3
vayo,3
dubbaṇṇaṃ,3
khayaṭṭhenāti,3
eko,3
tenāhu,3
mahāvipassanā,3
vaṭṭeyyuṃ,3
tucchato,3
arūpassa,3
maggo,3
maggañca,3
mānasamugghāṭo,3
nuppajjati,3
rittato,3
aparena,3
diṭṭhiugghāṭanato,3
tayo,3
nappajānāti,3
obhāsaṃ,3
pariggaṇhanti,3
ekādasavidhaṃ,3
nāmarūpassa,3
ahutvā,3
pavattarūpampi,3
sabbe,3
dvedhā,3
pariggaṇhato,3
patvā,3
anupassanto,3
oḷārikaṃ,3
divāṭṭhāne,3
ṭhitaṃ,3
vipassanti,3
vayovuḍḍhatthaṅgamarūpaṃ,3
neva,3
mudutā,3
vata,3
yogo,3
sampādetukāmena,3
paccayo,3
udayabbayadassanaṃ,3
vassaṃ,3
paccayanirodhaṭṭhena,3
attabhāvo,3
lahutā,3
yañhi,3
vibhavato,3
viññattiṃ,3
ṭhānappattaṃ,3
kilantaṃ,3
yāni,3
samudayaṃ,3
dukkhamanattā,3
sandhāya,3
passantassa,3
ettāvatā,3
vassāni,3
ettha,3
maggāmaggañāṇaṃ,3
saṅkhārāva,3
sammasanti,3
aṭṭha,3
asārakaṭṭhenāti,3
udayabbayadassanena,3
pabhaṅguto,3
asārakato,3
vassasataṃ,3
ekādasamena,2
dvīhatīhaccayena,2
idāni,2
taṇhānirodhā,2
dvinnaṃ,2
evameva,2
evamāha,2
evañhi,2
paṭhamaṃ,2
ekadivasaṃ,2
paññāyissatīti,2
pāpuṇāti,2
ekadesaṃ,2
idamassa,2
tattakapāle,2
evarūpā,2
paññāyantīti,2
tāni,2
tamenaṃ,2
gacchati,2
gaṇhāti,2
tāsaṃ,2
tamañño,2
tasmāpi,2
gaṇḍato,2
gamanasamatthaṃ,2
dūre,2
gimhaṃ,2
etaṃ,2
gimhe,2
tasmiṃyeva,2
hānidasakaṃ,2
ekekautuvasena,2
telakkhayena,2
gahetvā,2
paññādasakaṃ,2
hatthiṃ,2
hemantaṃ,2
hemante,2
etasmiṃ,2
ekekaṃ,2
taṇhā,2
dvāresu,2
taṭataṭāyantā,2
dvattiṃsa,2
pañcamena,2
gāhavasena,2
tappaṭipakkhe,2
tenāha,2
nisinnassa,2
karoti,2
imasmiṃ,2
saddanavakaṃ,2
saccānaṃ,2
mārāmisato,2
maraṇato,2
omattā,2
matthaluṅgaṃ,2
saddhā,2
mayhaṃ,2
meso,2
sā,2
momūhadasakaṃ,2
mudu,2
mūlakammaṭṭhānaṃ,2
rūpasattakavasena,2
sabbākārato,2
sādhayamānā,2
pattabbā,2
sadisā,2
sambhonti,2
samatiṃsa,2
pabbhāradasakaṃ,2
manāpaṃ,2
mānasamugghāṭanato,2
paṭividdhā,2
sallato,2
mandā,2
paṭividdhaṃ,2
mandadasakaṃ,2
sakkā,2
pabbaṃ,2
paṭivijjhanto,2
sakalasarīraṃ,2
māno,2
nānākārehi,2
paṭiventīti,2
nānaṃ,2
odhi,2
rāsito,2
nicayato,2
rāgaṃ,2
pavattiṃ,2
niccasaññaṃ,2
niccāti,2
nibbattiṃ,2
purato,2
nikantīti,2
pucchi,2
pubbaṇhādivasena,2
peyyālena,2
phassavantaṃ,2
nisīdi,2
nikantiṃ,2
obhāsādayo,2
ratiṃ,2
rattiṃ,2
rūpasamudayoti,2
nandiṃ,2
ñātapariññā,2
obhāsento,2
ñātapariññānantarā,2
rūpanirodhoti,2
rūpāni,2
rūpañca,2
rūpakammaṭṭhānampi,2
nayavipassanāya,2
rūpā,2
rogato,2
nesohamasmi,2
netaṃ,2
rattindivavasena,2
pavattati,2
maggappattosmi,2
saṃkilesikadhammatoti,2
maggāmaggañāṇadassanavisuddhiṃ,2
kabaḷīkāro,2
kāḷajuṇhavasena,2
seyyathidaṃ,2
kalāpasammasane,2
kāle,2
sesānaṃ,2
pajahatīti,2
pahānapariññāvasena,2
kammapaccayaāhārasamuṭṭhānaṃ,2
kammapaccayacittasamuṭṭhānaṃ,2
kammapaccayaṃ,2
pahānapariññā,2
kammasamudayā,2
kammasamuṭṭhānaṃ,2
kammanirodhā,2
jhānaṃ,2
jāto,2
jātiyā,2
sukhāti,2
imesu,2
imissā,2
sukhasaññaṃ,2
itaraṃ,2
pakkhittatilā,2
ītito,2
pathavīdhātu,2
janako,2
janenti,2
suhitakāle,2
jarāya,2
jātaṃ,2
somanassitakāle,2
jātipaccayā,2
kammato,2
kammaṭṭhānaṃ,2
paguṇarūpārūpakammaṭṭhāno,2
sattarasamassa,2
paṭiccasamuppannaṃ,2
paccuppannānaṃ,2
paccuppannaṃ,2
saṅkhārāti,2
paṭilabhati,2
paṭipāṭito,2
kiṃ,2
sandhi,2
kiñci,2
sammattaniyāmaṃ,2
lakkhaṇārammaṇikavipassanā,2
sammasatīti,2
paccayaṃ,2
sammasantena,2
pabhedato,2
khiḍḍādasakaṃ,2
sukhumaṃ,2
saṅkhepato,2
khantiṃ,2
sāsavato,2
sarīre,2
kasmā,2
paguṇaṃ,2
katamehi,2
paṭiccasamuppādo,2
santike,2
kāyadvāre,2
kesā,2
sannirumbhanaṃ,2
padesaṃ,2
khandhā,2
sannikkhepanaṃ,2
khaṇikato,2
saññā,2
khayadhammaṃ,2
labhitvā,2
taṇhāsamudayā,2
paricchindati,2
ajjhattaṃ,2
vipassato,2
byādhijarāmaraṇehi,2
vipassanupakkilesā,2
bhikkhuno,2
vipassanāya,2
vipassanāvīthi,2
bhijjanti,2
bheravaṃ,2
vipassanāsampayuttāyeva,2
bhayaṭṭhenāti,2
ahosi,2
bhayaṭṭhena,2
aleṇato,2
vipassanāñāṇaṃ,2
amaggaṃ,2
uppādāvabodhato,2
amaggameva,2
bhavaṃ,2
amānusiṃ,2
vipassāmi,2
vipariṇāmānupassane,2
aṃsuṃ,2
bhaṅgānupassanato,2
ariyavaṃsakathāyaṃ,2
virāgadhammaṃ,2
upatthambheti,2
āhārasamuṭṭhānaṃ,2
āgato,2
ugghāṭitā,2
chijjitvā,2
chātakāle,2
visuddhikathāyaṃ,2
aghamūlato,2
chasu,2
aghato,2
ukkantā,2
vissaṭṭhaindavajiramiva,2
vissajjetvā,2
uṇhakāle,2
upaddavato,2
catusamuṭṭhānarūpaṃ,2
upakkilesāti,2
āhārapaccayaāhārasamuṭṭhānaṃ,2
catunnaṃ,2
āhārapaccayaṃ,2
catūhi,2
cāti,2
cāpi,2
upasaggato,2
vīriyaṃ,2
cakkhusamphasso,2
upaṭṭhahanti,2
balavatiyo,2
vītiharaṇaṃ,2
balavatī,2
anāgate,2
vedayitaṃ,2
vaṇṇadasakaṃ,2
vedanāsamudayoti,2
anulomikaṃ,2
atiharaṇaṃ,2
vaṇṭato,2
vedanaṃ,2
anupassanā,2
atāṇato,2
assādento,2
vassāne,2
veditabbā,2
vassapañcakaṃ,2
aphalaṃ,2
aphalameva,2
vayehi,2
vattamānāya,2
vayadhammaṃ,2
vaṭṭeyya,2
arūpakammaṭṭhānampi,2
ārabhati,2
āragge,2
vaṭṭikkhayena,2
vaṭṭiyā,2
asaraṇato,2
vaṅkadasakaṃ,2
atītampi,2
atītānāgatapaccuppannānaṃ,2
baladasakaṃ,2
bahiddhā,2
uppanne,2
uppannoti,2
avijjāya,2
avijjāsamudayā,2
avijjāpaccayā,2
aṅgulaṅgulantare,2
avijjānirodhā,2
vikkhepo,2
vikkhepaṃ,2
uppattito,2
avassayo,2
viggahitamānaso,2
vibhaṅge,2
utupaccayaṃ,2
utupaccayautusamuṭṭhānaṃ,2
utusamuṭṭhānā,2
utusamuṭṭhānādivasena,2
avabodhato,2
anicco,2
attasaññaṃ,2
vadhakato,2
vepullaṃ,2
antare,2
anāgatampi,2
uddharaṇe,2
bhayato,2
dhammoti,2
yassa,2
ādānaṃ,2
yogaṃ,2
adhimattā,2
yampidaṃ,2
vuccati,2
adassanato,2
udayabbayānupassane,2
udayabbayānupassanaṃ,2
disāvidisāgamanaṃ,2
yepi,2
addhā,2
aḍḍhaṅgulaḍḍhaṅgulantare,2
vossajjanaṃ,2
vuttā,2
dhammadinna,2
dasadvādasavāre,2
dasakānaṃ,2
ṭhitiṃ,2
yamakato,2
yato,2
vuttañhetaṃ,2
domanassitakāle,2
diṭṭhisamugghāṭanaṃ,2
divasaṃ,2
ṭhitikkhaṇe,2
tumhākaṃ,2
dasamaṃ,2
diṭṭhi,2
tīhi,2
vossajjane,2
ṭhānesu,2
ābādhato,2
tiṃsa,2
yathābhūtañāṇadassanaṃ,2
cittapaccayaāhārasamuṭṭhānaṃ,2
cittalapabbate,2
dhātaṃ,2
cittapaccayaṃ,2
uddhaṃ,2
dhamme,2
uddhaccena,2
tikkhāni,2
uddhaccaṃ,2
diṭṭhiugghāṭanaṃ,2
adukkhamasukhaṃ,2
rūpameva,1
rūpapariggāhakacittato,1
vibhajantena,1
rūpārūpadhamme,1
vilokane,1
rūpārūpato,1
rattindivaṃ,1
vīṇañca,1
rūpārūpino,1
vibhāgaṃ,1
vijjuppādova,1
rūpasammasanaṃ,1
rattibhāge,1
vināsassa,1
vetīti,1
pariṇatapallavavaṇṇaṃ,1
vesamaṃ,1
vinaṭṭhā,1
yathāparikappitehi,1
vemattatāya,1
vehāsaṃ,1
pasāretvā,1
rūpasañcetanā,1
rūpasaññā,1
rūpasattakaarūpasattakavasena,1
pariññāpaññā,1
rattiṭṭhāne,1
vijjuppādo,1
vibhajissāma,1
rūpānaṃ,1
vigarahaṇīyatāya,1
passaddhādīhi,1
vikkhipati,1
vicārā,1
pariyāyadassanatthaṃ,1
vijānatanti,1
pasāraṇaṃ,1
rūpadhātu,1
vibhavasambhūtatāya,1
vilokanaṃ,1
vigatabhavatāya,1
rūpabhavo,1
rogamūlatāya,1
vibhajitvā,1
pariyādiṇṇā,1
rittatāyeva,1
parittaṭṭhāyino,1
vikampati,1
passaddhāni,1
vijaṭetvā,1
rūpanti,1
rittatāya,1
pariññāsu,1
pasāritanaṅguṭṭho,1
rogatotiādīni,1
vedhati,1
pariṇatapallavavaṇṇakāle,1
sādhitattā,1
vāyāmaṃ,1
vayanti,1
paridevadhammato,1
vayānupassanaṃ,1
vayassa,1
vayavasena,1
pariggahaṃ,1
saccapaṭiccasamuppādanayalakkhaṇabhedā,1
yogī,1
sabhāvalakkhaṇe,1
sabhāvalakkhaṇampi,1
pariggahetumpi,1
sabhāgarūpasantatimanuppabandhāpayamānaṃ,1
sabbupaddavavatthutāya,1
vayakkhaṇe,1
vayadhammo,1
sahassāni,1
sakalampi,1
paricchinnarūpe,1
samaṇabhāvakiccaṃ,1
vatvā,1
samādhissa,1
samādhimpi,1
vavatthāpanena,1
sakkoti,1
sabbeva,1
yojanaṭṭhāne,1
vavatthāpayamānā,1
yojanaṃ,1
yoginā,1
sakkaccakiriyāya,1
pariccitā,1
sakalavihāraṃ,1
vayadhammameva,1
sakkomīti,1
vāyodhātūti,1
sabbesaṃ,1
sabbepi,1
vedanānirodhoti,1
ruppanalakkhaṇaṃ,1
rūpiriyāpathaviññattijanakā,1
vedanāti,1
rūpesu,1
vedayitalakkhaṇā,1
rūpavitakko,1
parikappitassa,1
vīṇāya,1
rūpāvacare,1
rūpataṇhā,1
pariṇāmapakatitāya,1
pariṇatapallavavaṇṇakālaṃ,1
veditabbaṃ,1
rūpasattake,1
yathayidaṃ,1
rūpavicāro,1
vegena,1
parihāyanti,1
yāvatāyukaṃ,1
vayoti,1
yidaṃ,1
pariggahitaṃ,1
sabbāvatthanipātitāya,1
sabbasetaṃ,1
sabbasattānaṃ,1
sabbasaṅkhāresu,1
sabbabhayānaṃ,1
sabbāpi,1
vayovuḍḍhatthaṅgamo,1
sabbameva,1
yehi,1
vedako,1
vedanādīsu,1
vedanādīsūti,1
yebhuyyena,1
vayovuḍḍhatthagāmito,1
passaddhīti,1
paṭicca,1
viññāṇadhātu,1
vuttānaṃ,1
pattapuṭe,1
pattaṃ,1
paṭhame,1
visadataraṃ,1
paṭivijjhitvā,1
visaṅkharitvā,1
vuḍḍhassa,1
paṭividdhameva,1
vīsatikoṭṭhāsavasena,1
vīsatikoṭṭhāse,1
paṭiveti,1
vīsatimaṃ,1
vīsatime,1
visayadhammatāya,1
paṭhamayāme,1
paṭivedhappattassa,1
paṭhamayāmaṃ,1
virāgānupassanaṃ,1
vipassanupekkhā,1
vipassanupekkhāpi,1
vipassatīti,1
vuttāni,1
pavattatīti,1
paṭhamavayādivasena,1
vipassituṃ,1
vippaṭipannakassa,1
paṭhamavaye,1
vipulānaṃ,1
pavattanti,1
paṭhamavayena,1
virāgadhammo,1
paṭhamavayo,1
vuttanayeneva,1
virajjanto,1
patiṭṭhāya,1
paṭisaṅkhānupassanaṃ,1
paṭisandhiyaṃ,1
paṭilomo,1
visuṃ,1
paṭikkame,1
vitakkā,1
paṭikkamaṃ,1
paṭiccasamuppanno,1
paṭiccasamuppannāti,1
vīthipaṭipannaṃ,1
vivaṭṭakappato,1
paṭiccasamuppannā,1
vītiharaṇe,1
pathaviyā,1
vitthāretabbaṃ,1
paṭiccasamuppādaniddese,1
paṭiccasamuppādaṅgānīti,1
paṭinissaggānupassanaṃ,1
paṭinissajjanto,1
paṭipajjamāno,1
paṭipakkhabhūtatāya,1
pathavīkasiṇaṃ,1
paṭisandhikkhaṇeyeva,1
paṭisandhicittato,1
viseso,1
pathavīkasiṇaniddese,1
vissāsaghātitāya,1
paṭisandhicittaṃ,1
pavattatiyeva,1
paṭisandhi,1
paṭipīḷanāvabodhato,1
pathavītalato,1
vivaṭṭānupassanaṃ,1
pathavītale,1
paṭipāṭiyā,1
paṭipāṭitoti,1
visuddhañāṇo,1
vo,1
vipassanupakkileso,1
paṭhamāni,1
vuttassa,1
purāṇehi,1
vipākakkhandhā,1
vipākamanodhātu,1
vipākavajjāni,1
purakkhato,1
puñjo,1
punabbhavaṃ,1
puggalassa,1
pucchituṃ,1
pucchitapucchitaṃ,1
vipariṇāmānupassanaṃ,1
pucchāvuso,1
yañcassa,1
pubbantāparantavivekāvabodhato,1
pubbaṇhe,1
vipākāhetukamanoviññāṇadhātusomanassasahagatāti,1
yassādhigamā,1
passamānaṃ,1
yāsu,1
rati,1
viññāṇakasiṇaṃ,1
rāsi,1
viññāṇakkhandhassa,1
viññāṇāni,1
puthujjanakālakiriyameva,1
puthujjanabhāvamevassa,1
pubbaṇhaṃ,1
puthujjanabhāvaṃ,1
purisaṃ,1
purimabhave,1
purejātassa,1
vipākacittasamuṭṭhānaṃ,1
vipākāhetukamanoviññāṇadhātu,1
passaddhiyā,1
pūrayamānā,1
viññattiñca,1
vinicchayo,1
vipariṇāmato,1
pītīti,1
vipassanāsampayuttameva,1
yadaniccaṃ,1
patanakālaṃ,1
patati,1
vipassanāsukhaṃ,1
paviṭṭhassa,1
vuttattā,1
pavedhati,1
vipassanāti,1
pavattiyā,1
paṭhamadasake,1
pavattidukkhatāya,1
vipassanobhāso,1
pavatti,1
pavatte,1
vipassanāpīti,1
phalapattosmīti,1
phalappattosmīti,1
vipassanāpassaddhi,1
pītipāmojjaṃ,1
vipassāmīti,1
yamakatoti,1
pīḷājanakatāya,1
pheggu,1
vipassanaṃ,1
phassaṭṭhāne,1
pītiyā,1
phassasamudayā,1
phassanirodhā,1
vipassanānikanti,1
phassā,1
pharitvā,1
yadeva,1
pharaṇāpītīti,1
phalassa,1
vipassanāñāṇesu,1
samannāharati,1
sammasantenapi,1
sāmaññalakkhaṇapaṭivedhasseva,1
ukkuṭikaṃ,1
supatiṭṭhitā,1
supaggahitaṃ,1
uṇhakālaṃ,1
suññatānupassanaṃ,1
uṇhautu,1
suññatānupassanā,1
upādiṇṇakāhāro,1
supaṭṭhitā,1
upādiṇṇakaṃ,1
suññāgāraṃ,1
suññā,1
upakkamena,1
upakkilesā,1
sukhumatte,1
upakkilesajaṭaṃ,1
upakkilesavatthu,1
upakkilesavatthutāya,1
upādiṇṇaṃ,1
ukkhipanaṃ,1
suppatiṭṭhitā,1
sūrā,1
uddhumātaparipakkapabhinnatāya,1
talaṅgaravāsī,1
tajjaṃ,1
tadupādāyarūpāni,1
uddiṭṭhaṃ,1
tadassa,1
tadārammaṇavasena,1
tadārammaṇanti,1
tadārammaṇacittesu,1
udeti,1
tadantarā,1
tadanattā,1
tadanantaraṃ,1
ugghāṭitacittena,1
suvisadāni,1
ujukāniyeva,1
suṭṭhu,1
sūriyuggamane,1
sūraṃ,1
sukhumā,1
tamaṃ,1
upakkilesavimuttaṃ,1
sukhena,1
sotaghānajivhādvāresu,1
upekkhāvajjanāyañca,1
sotadvāre,1
sotadvāraṃ,1
sopi,1
soṇḍaṃ,1
upekkhāya,1
somanassitakālaṃ,1
sotaṃ,1
somanassitadomanassitavasena,1
soḷasavāre,1
soḷasamena,1
sokaparidevaupāyāsahetutāya,1
sokaparidevaupāyāsadhammato,1
sokadhammato,1
uppādabhaṅgakkhaṇāyeva,1
sītuṇhavasena,1
sītautūti,1
upetīti,1
upekkhāti,1
upekkhāsahagatāhetukaṃ,1
suhitakālaṃ,1
sukhe,1
upaparikkhati,1
upaparikkhitvā,1
upasaggo,1
sukhapaṭikkhepato,1
upatthambhakāni,1
upatthambhakapaccayopi,1
sukhanti,1
upaṭṭhānanti,1
upaṭṭhāne,1
upaṭṭhāpeti,1
upaṭṭhāti,1
upavīṇañca,1
sukhadukkhā,1
sukhabhañjanīyatāya,1
upāyāsadhammato,1
sukhā,1
upekkhācetovimutti,1
upekkhāsahagatā,1
upakkileso,1
sītautunā,1
taṃdivasañca,1
tameva,1
ṭhitikkhaṇopi,1
tāvettha,1
tāvakālikattampi,1
tāvakālikato,1
ṭhitippattameva,1
tattanārāco,1
ṭhitiyaṃ,1
tatridaṃ,1
ṭhitikkhaṇo,1
tidhā,1
tikhiṇaṃ,1
tatrāssa,1
tatra,1
tilakkhaṇāropananti,1
tatiye,1
tatiyakoṭṭhāsaparicchinne,1
tīraṇaṭṭhe,1
tīrentassa,1
tikhiṇā,1
tehi,1
ṭhitikkhaṇepi,1
thiraṃ,1
ṭhānamassa,1
ṭhāne,1
ṭhānakkhaṇe,1
ṭhānakkhaṇaṃ,1
thāmo,1
ṭhāneyeva,1
ṭhapanaṃ,1
tesuyeva,1
ṭhapetabbanti,1
ṭhapetvā,1
tesaṃyeva,1
ṭhatvāpi,1
tepi,1
teneva,1
tenassa,1
therā,1
therassa,1
thirabhāvassa,1
thirabhāvatthāya,1
tisantativasena,1
uddharaṇaṃ,1
tāsu,1
tasseva,1
udayabbayadassane,1
tanurattakāle,1
udayabbayamanasikāraṃ,1
udayabbayañāṇassa,1
udayabbayānupassanā,1
udayabbayaparicchinnāvabodhato,1
taṇhāya,1
udayabbayapīḷanaṃ,1
tanurattaṃ,1
udayabbayavanto,1
udayabbayehi,1
udayakkhaṇe,1
taṇhādiṭṭhiduccaritasaṃkilesānaṃ,1
udayassa,1
udayoti,1
tamhi,1
uddharaṇa,1
uddharaṇādīsu,1
taṇhāgāho,1
tāpi,1
udapādi,1
udake,1
tassāpi,1
tiṭṭhati,1
tiṭṭhatīti,1
tivassa,1
tiyojanaṃ,1
tucchanti,1
tulayantassa,1
tumhehi,1
tveva,1
ubbegāpīti,1
taruṇavipassanāya,1
taruṇavipassanāñāṇaṃ,1
uccavālikavāsī,1
uccavālikavāsīmahānāgattherassa,1
ucchedadiṭṭhiṃ,1
taruṇapallavavaṇṇaṃ,1
taruṇapallavavaṇṇakāle,1
taruṇapallavavaṇṇakālaṃ,1
udakabubbuḷo,1
tiṭṭhamānassa,1
sītakāle,1
sītakālaṃ,1
uppādajarābhaṅgehi,1
samuṭṭhāpitaṃ,1
samuṭṭhāpetīti,1
vaṅko,1
samugghāṭito,1
samudayasaccassa,1
samudayasaccaṃ,1
vaṇṇāyatanaṃ,1
sampayuttadhammehi,1
vaṅkatā,1
sampattanti,1
sampajjati,1
samohitā,1
sammohavighātato,1
sammohābhinivesaṃ,1
vāretuṃ,1
vasantaṃ,1
sammasitvāpi,1
sammasituṃ,1
sampaṭicchamānā,1
samuṭṭhitampi,1
saṃvaccharamattena,1
saṃvatteyyātiādi,1
ututo,1
saṅkhatalakkhaṇāvabodhato,1
saṅkhatalakkhaṇassa,1
saṅkhatādibhedaṃ,1
saṅkhatā,1
saṅkhāresu,1
vacīviññatti,1
vaḍḍhitassa,1
vādiyamānāya,1
saṅkhāraparicchedato,1
saṅkhāraparicchedassa,1
vahati,1
saṅkhārānaṃ,1
vajjetvā,1
saṅkhaṃ,1
vaḷañjethāti,1
saṅgahitaṃ,1
vanditvā,1
saṃyogābhinivesaṃ,1
sammasitabbaṃ,1
utūsu,1
vasante,1
vasavattanākārena,1
saṃkhittaṃ,1
samīpe,1
samiñjane,1
samiñjanaṃ,1
sāminivāsikārakavedakādhiṭṭhāyakavirahitatāya,1
sambhūtesu,1
sambhoti,1
vatthu,1
vattati,1
samatiṃsavidhaṃ,1
samathavipassanālābhino,1
samasattatirūpañca,1
samāpattiyo,1
samāpattivikkhambhitānaṃ,1
samapaññāsa,1
vatthuvaseneva,1
samanupassanto,1
samanupassāmi,1
vatthukāyabhāvadasakasaṅkhātāni,1
vattate,1
saṃkhittāti,1
saṃkhitte,1
vasavattibhāvo,1
vassānahemantagimhesu,1
sammasanupagā,1
ṭhānappattāya,1
vassasatajīvino,1
sammasanārambhavidhānaṃ,1
sammasananti,1
sammasananayo,1
sammasanañāṇassa,1
vassasataparicchinne,1
sammasanañāṇānantaraṃ,1
vassasatassa,1
sammāpaṭipannakassa,1
vassasatena,1
sammāmaggassa,1
sammā,1
vassasatiko,1
vāti,1
vattaṃ,1
sammasato,1
utusamuṭṭhānānaṃ,1
saṅkhato,1
utupaccayaāhārasamuṭṭhānanti,1
sayanadasakaṃ,1
sayanabahulova,1
sayaṃvasīti,1
saṭṭhivassakāle,1
sattati,1
uppajjamānassāpi,1
sattasu,1
uppajjamāno,1
uppādeti,1
uppajjanakarūpaṃ,1
uppajjantiyeva,1
sattassa,1
sattasantativasena,1
sattasaññaṃ,1
sattasaññā,1
uppajjatiyeva,1
sattarasavidhaṃ,1
uppannañca,1
uppajjantīti,1
sayanadasakanti,1
sayañca,1
sāyanhaṃ,1
sisire,1
sisiraṃ,1
uppādakkhaṇena,1
uppādakkhaṇeyeva,1
sīhopamasutte,1
sīhāsane,1
uppādakkhaṇopi,1
sevamānena,1
sesesupīti,1
uppādaṃ,1
sesesupi,1
uppādavayapaṭipīḷanatāya,1
sesesu,1
sesānipi,1
sesāni,1
uppādavayavattito,1
sesadvāresupi,1
sesadasarūpāvacarāni,1
sāyanhe,1
sattannaṃ,1
sattānaṃ,1
sattaṃ,1
sattāhampi,1
uppatitvā,1
uppattikkhaṇeyeva,1
santānassa,1
santākārā,1
santacittassa,1
ussāvabindu,1
sannikkhepane,1
uṭṭhāya,1
utucittāhārasamuṭṭhānāni,1
sannikkhepanasannirumbhanesu,1
utujarūpassa,1
sannicito,1
sannicayo,1
utujesupi,1
sannicayato,1
saññāsaṅkhāraviññāṇakkhandhānaṃ,1
utumayato,1
saññābhavo,1
utupaccayaāhārasamuṭṭhānaṃ,1
santīrayamānā,1
sāmaññalakkhaṇaṃ,1
sappaṭibhayatāya,1
sappāyāni,1
uppannapubbā,1
satiyā,1
uppannapubbaṃ,1
sataṃ,1
sātaccakiriyāya,1
sassatadiṭṭhiṃ,1
uppannapubbo,1
sāsapūpamā,1
uppannasaddassa,1
sāsapo,1
uppannesu,1
uppanno,1
sarīraṃ,1
sarasena,1
sārajjaṃ,1
uppannuppannānaṃ,1
sarade,1
sārādānābhinivesaṃ,1
saradaṃ,1
sappāyakiriyāya,1
ṭhānāni,1
ābādhapadaṭṭhānatāya,1
paribhuttāhāropi,1
catuvīsatīti,1
catuvassa,1
catuttiṃsa,1
catusamuṭṭhāno,1
catusamuṭṭhānikarūpānaṃ,1
catusamuṭṭhānā,1
caturaṅgasamannāgataṃ,1
catupaṇṇāsameva,1
catupaṇṇāsa,1
catumāsaṃ,1
catumāsadvimāsaparicchinne,1
catucattālīsa,1
catuvokārabhavo,1
cattāro,1
caṅkamaṃ,1
cakkhussa,1
cakkhusamphassapaccayā,1
cakkhusamphassajā,1
cakkhupasādassa,1
cakkhundriyaṃ,1
cakkhukāyabhāvadasakavasena,1
cakkhudvāre,1
cakkhudvārasmiṃ,1
cakkhudhātu,1
cakkhudasakādi,1
cakkhāyatanaṃ,1
capalo,1
cetanā,1
cete,1
cetiyaṅgaṇamhi,1
cūḷasumanatthero,1
cuddasavidhaṃ,1
cīvarakaṇṇe,1
cittehi,1
cittato,1
cittassa,1
cittasamuṭṭhāno,1
cittasamuṭṭhānato,1
cittasamuṭṭhānarūpesu,1
cittasamuṭṭhānarūpaṃ,1
cittappavatti,1
cittapaccayautusamuṭṭhānanti,1
cittapaccayautusamuṭṭhānaṃ,1
cittanti,1
cittajesupi,1
cittajarūpassa,1
cittacetasikānaṃ,1
cittacetasikā,1
cittabhaṅgā,1
cito,1
cintayitthāti,1
chātasuhitavasena,1
chātakālaṃ,1
chadhā,1
chabbīsekūnavīsati,1
chabbīsati,1
cettha,1
byatto,1
byādhidhammato,1
buddhisampanno,1
bojjhaṅgānañca,1
āyūhanaṃ,1
āyatanadvāravasena,1
āyanti,1
ayamattho,1
ayalohatipusīsasuvaṇṇarajatamuttāmaṇiveḷuriyasaṅkhasilāpavāḷalohitaṅgamasāragallabhūmipāsāṇapabbatatiṇarukkhalatādibhedaṃ,1
āvusoti,1
āvikarissāma,1
avijjādisamudayā,1
avijjādinirodhā,1
avijjā,1
avihatavegaṃ,1
aviditānaṃyeva,1
avidheyyatāya,1
avaṭṭhānaṃ,1
avassaṃ,1
avasavattito,1
avasavattibhāvāvabodhato,1
avasatāya,1
āvajjanupekkhāpi,1
āvajjanupekkhā,1
āvajjanto,1
āvajjantassa,1
āvajjanakiccaṃ,1
āvahanato,1
avadhāraṇena,1
avaḍḍhiāvahanatāya,1
attho,1
āyūhitakammavasena,1
cullāsīti,1
āyupariyosāne,1
bahigabbhampi,1
bhūmito,1
bhikkhusaṅghassa,1
bhikkhū,1
bhijjantūti,1
bhayāvahaṃ,1
bhayasārakattābhāvena,1
bhavo,1
bhavissāmiccevāhaṃ,1
bhaveyya,1
bhavapaccayā,1
bhavanti,1
bhavaṅgavasena,1
bhavaṅgacittāni,1
bhavaṅgacittaṃ,1
bhavā,1
bhāriyanti,1
bhaṅgo,1
bhaṅgānupassanaṃ,1
bhaṅgaṃ,1
bhaṅgakkhaṇopi,1
bhaṅgakkhaṇepi,1
bhagavato,1
bhagavatā,1
bāvīsati,1
balavārammaṇe,1
balavaṃ,1
balañca,1
bahiddhābhāvaṃ,1
atthaṅgamo,1
cuti,1
cutivasena,1
dvīhi,1
dvepañcaviññāṇāni,1
dvemāsampi,1
dvemāsaṃ,1
dvayaṃ,1
dvattiṃsakoṭṭhāsā,1
dvārārammaṇehi,1
dvārappavattā,1
dvārāni,1
dvādasāyatanāni,1
dvādasākusalāni,1
dvādasa,1
dvikkhattuṃ,1
duvidho,1
dutiyadasake,1
dutiyadasakaṃ,1
dussaṇṭhitaṃ,1
dūrabhāvaṃ,1
dunnīharaṇīyatāya,1
dukkhoti,1
dukkhavūpasamasaṅkhātassa,1
dukkhavatthuto,1
dukkhavatthutāya,1
dukkhāti,1
dukkhatāsūlayogitāya,1
dukkhassa,1
dutiye,1
dvikuṭṭagehassa,1
dvisatabhedena,1
dvivassa,1
ekūnavīsatime,1
ekūnavīsaticittuppādappabhedaṃ,1
ekūnavīsati,1
ekūnanavuticittāni,1
ekekavassavasena,1
ekekassa,1
ekekakoṭṭhāse,1
ekekakoṭṭhāsavasena,1
ekavokārabhavo,1
ekavatthuparidīpanaṃ,1
ekavassa,1
ekattanayo,1
ekasmiṃ,1
ekāsīti,1
ekasadisā,1
ekarattindivaṃ,1
ekapadavāraṃ,1
ekameva,1
ekamāsaṃ,1
ekamantaṃ,1
ekālokaṃ,1
ekadhammampi,1
ekādasasu,1
ekādasahi,1
ekacittasamāyuttā,1
ekā,1
dviyojanaṃ,1
dukkhasaccassa,1
dukkhasaccameva,1
dukkhasaccaṃ,1
dukkhānupassanānīti,1
dhammatārūpe,1
dhammatārūpatoti,1
dhammatārūpato,1
dhammataṇhā,1
dhammasaññā,1
dhammasañcetanā,1
dhammarāsayo,1
dhammaṃ,1
dhammadinnatthero,1
devānaṃ,1
ḍayhamānāya,1
dassito,1
dassetvā,1
dasavassa,1
dasasahassilokadhātuṃ,1
dasannaṃ,1
dasameyeva,1
dasamadasake,1
dasamadasakaṃ,1
dasamacittasammasanā,1
dasakesu,1
dasakavasena,1
dārutiṇukkādīsu,1
daratho,1
dārakassa,1
dandhanirodhaṃ,1
daṇḍarāji,1
dhammavicāro,1
cuticittaṃ,1
dhammavitakko,1
dhammesu,1
dukkhānupassanaṃ,1
dukkhānupassanā,1
dukkhamato,1
dukkhalakkhaṇampi,1
dubbalatāya,1
dubbalapaññassāpi,1
dubbalaṃ,1
dosūpasaṭṭhatāya,1
dosacarito,1
domanassitakālaṃ,1
divasabhāgaṃ,1
diṭṭhiyā,1
diṭṭhivisuddhiyaṃ,1
diṭṭhiugghāṭitacittena,1
diṭṭhimānataṇhāvasena,1
diṭṭhigāho,1
diṭṭhā,1
disā,1
dīghampi,1
dibbacakkhuno,1
dibbā,1
dhuvasubhasukhattabhāvehi,1
dhuvasaññaṃ,1
dharanteyeva,1
dhammuddhaccaviggahitamānasaṃ,1
dhammuddhaccakusalo,1
dhammo,1
dhammāyatanaṃ,1
attasārassa,1
attapaṭikkhepato,1
attanopi,1
ākaratāya,1
ākārānaṃ,1
ākāraṃ,1
akaniṭṭhabrahmalokā,1
akammaññatā,1
akāle,1
ajjhattameva,1
ajjhattādidukehīti,1
āhārato,1
āhārasamuṭṭhānesu,1
āhārasamuṭṭhānānaṃ,1
āhārasamuṭṭhānā,1
ākārena,1
āhārasamudayā,1
āhārapaccayautusamuṭṭhānanti,1
āhārapaccayautusamuṭṭhānaṃ,1
āhāranirodhā,1
āhāramayato,1
āhāramayādivasena,1
āhāramayādīsu,1
āhārajesupi,1
āhārajarūpassa,1
ahanti,1
ahaṃ,1
aghavatthutāya,1
aghahetutāya,1
āhārapaccayena,1
ākāsānañcāyatanasamāpatti,1
ākāse,1
akiriyadiṭṭhiṃ,1
anarahatāya,1
anapekkhataṃ,1
anantaracittato,1
anantarabhave,1
anantarā,1
anāgataṃ,1
anadhivāsanārahatāya,1
anacchariyaṃ,1
anaccāraddhaṃ,1
anaccantikatāya,1
amissitā,1
āmisabhūtatāya,1
amhākaṃ,1
ambho,1
amataṃ,1
amānusī,1
ālokasannissitaṃ,1
ālokane,1
ālokanaṃ,1
allīyituṃ,1
allīnānampi,1
ālayaṃ,1
ālayābhinivesaṃ,1
alabbhaneyyakhematāya,1
akusalo,1
akusalavipākaṃ,1
akusalattā,1
aggaphalaṃ,1
āgatosīti,1
āgatomhīti,1
āgatā,1
ācariyassa,1
acalā,1
abyosānenāti,1
abyatto,1
abyāpāranayo,1
abhisaṅkhatatāya,1
abhisandayamānaṃ,1
abhiññeyyanti,1
abhiññeyyaniddese,1
abhiññeyyā,1
abhiññāpaññā,1
abhiññācittānīti,1
abhinivesaṃ,1
abhinippīḷanaṃ,1
abhiṇhasampaṭipīḷanato,1
abhinavākāraṃ,1
abhimukho,1
abhikkame,1
abhikkamapaṭikkamaālokanavilokanasamiñjanapasāraṇavasena,1
abhikkamādivasena,1
abhibhuyya,1
abhavissa,1
abhāvena,1
abhāvāvabodhatoti,1
abhāvāvabodhato,1
abhāvatāya,1
ābādhāya,1
ādānanikkhepanavasena,1
anattalakkhaṇaṃ,1
ādānanikkhepehi,1
aḍḍhayojanaṃ,1
āgamanaṃ,1
āgacchato,1
āgacchati,1
agacchanto,1
agacchante,1
adiṭṭhapubbapadīpo,1
āditova,1
ādito,1
ādīnavo,1
ādīnavatāya,1
ādīnavasadisatāya,1
ādīnavānupassanaṃ,1
ādīnaṃ,1
ādiṃ,1
ādiantavantatāya,1
ādi,1
adhivacanaṃ,1
adhipaññādhammavipassanaṃ,1
adhipaññādhammavipassanā,1
adhimokkhoti,1
adhimokkhe,1
adhikāre,1
adhigatoti,1
adhigataṃ,1
adhigatā,1
adhigantabbā,1
adhigamāya,1
ādānanti,1
anattānupassanā,1
anattānupassanaṃ,1
anattānupassanāni,1
asajjamānova,1
āruyha,1
āruppavipākānīti,1
arūpino,1
arūpāvacarāni,1
arūpasattake,1
arūpasattakavasenāti,1
arūpasattakavasenāpi,1
arūpadhātu,1
arūpabhavo,1
āropetuṃ,1
āropetīti,1
āropayato,1
ariyasāvakassa,1
ārammaṇe,1
ārammaṇāni,1
arahattaṃ,1
arahā,1
āraddho,1
āraddhavipassakoti,1
ārabhitabbaṃ,1
ārabhamāno,1
ārabbhavidhānayojanā,1
appaṭividdhaṃ,1
appaṭisaṅkhaṃ,1
appaṭisandhikā,1
appaṇihitānupassanaṃ,1
asambhinnattā,1
appaṇihitānupassanā,1
asammasanupagattā,1
asaññābhavo,1
attadiṭṭhiṃ,1
ativisadaṃ,1
atitikkhaṃ,1
atīteyeva,1
atītattikena,1
atītaṃ,1
atisayapasādabhūtā,1
atipaṇītaṃ,1
atiharaṇe,1
atiharaṇavītiharaṇesu,1
atiharaṇavītiharaṇavossajjanasannikkhepanasannirumbhanavasena,1
atheko,1
athassa,1
atāyanatāya,1
assārā,1
assāmikato,1
assāmikabhāvāditāya,1
assādentassa,1
assādayato,1
asokaṅkuraṃ,1
asokaṅkurādivasena,1
asithilaṃ,1
aseribhāvajanakatāya,1
āsavapadaṭṭhānatāya,1
asārakaṭṭhena,1
asappāyāni,1
āsannamaraṇassa,1
asamudācārato,1
eso,1
appamattakā,1
appakattā,1
animittānupassanaṃ,1
animittānupassanā,1
anidhānagatā,1
aniccātiādinā,1
aniccataṃ,1
aniccānupassanāni,1
aniccānupassanaṃ,1
aniccānupassanādipaṭipakkhānaṃ,1
aniccānupassanādikā,1
aniccānupassanā,1
aniccanti,1
aniccalakkhaṇaṃ,1
aniccadukkhānattasammasanassa,1
aniccadukkhānattasammasanaṃ,1
aniccadukkhaanattānupassanā,1
aniccādisammasanena,1
aniccādisammasanassa,1
aniccādisammasanaṃ,1
aniccādilakkhaṇattayavasena,1
anibbattena,1
aṅgārapacchiyaṃ,1
anekehi,1
anekabyasanāvahanatāya,1
añcitakaṇṇo,1
anatthehi,1
anatthānaṃ,1
anattatoti,1
anindriyabaddhaṃ,1
appamaññā,1
aniyamaniddiṭṭhaṃ,1
aññātāvindriyaṃ,1
appakampi,1
āpodhātūti,1
apica,1
āpāthagatattā,1
aparo,1
anupubbena,1
anuppannassa,1
anuppannapubbā,1
anuppajjantiyā,1
anuppajjante,1
anuppajjamānāya,1
anuppādāvabodhato,1
anupavattanatāya,1
anupassanānaṃ,1
anupādiṇṇapakkhe,1
anupacchedāvabodhato,1
anulomo,1
anulomañāṇaṃ,1
anukkamena,1
anuggahitakāyacitto,1
anubhavati,1
anubaddhatāya,1
antotudanatāya,1
antogabbhaṃ,1
anto,1
antarāpaṇe,1
antarā,1
aññatarasmiṃ,1
esohamasmi,1
etasseva,1
etesaṃ,1
niccanavā,1
niccaṃ,1
niccā,1
nicayo,1
nibbindanto,1
nibbidānupassanaṃ,1
nibbattissati,1
nibbattilakkhaṇavipariṇāmalakkhaṇāni,1
nibbattanti,1
nibbattānañca,1
nibbattanākāro,1
nibbattamānaṃ,1
niccanavāva,1
nibbattā,1
nevasaññānāsaññāyatanasamāpatti,1
nevasaññānāsaññābhavo,1
nesaṃ,1
nekkhammena,1
nayimaṃ,1
nayidaṃ,1
nayavipassanāsaṅkhātaṃ,1
nayavipassanā,1
navannaṃ,1
navanavānaṃ,1
navamadasake,1
navahākārehi,1
nibbānanti,1
niccapaṭikkhepato,1
niccasaññādīnaṃ,1
niccasaññādipahānasādhikānaṃ,1
niruddhassāpi,1
niruddhānaṃ,1
niruddhā,1
nirodho,1
nirodhento,1
nirodhasaccaṃ,1
nirodhānupassanaṃ,1
nirodhaṃ,1
nirodhadhammoti,1
nirodhā,1
nirīhakattapaccayapaṭibaddhavuttitāvabodhato,1
niṅkapeṇṇakapadhānagharavāsī,1
nimittaṃ,1
nimittaggāhena,1
nilīnakāko,1
nīlapaṇṇavaṇṇaṃ,1
nīlapaṇṇavaṇṇakāle,1
nīlapaṇṇavaṇṇakālato,1
nīlapaṇṇavaṇṇakālaṃ,1
nikkhittakammaṭṭhānassa,1
nikkhepananti,1
nikhātā,1
nikantiyāti,1
nikantimeva,1
yuttapayuttassa,1
nidhānato,1
niccasaññādipajahanavasena,1
nava,1
ñātaṭṭhena,1
ñātaṭṭhe,1
ñātapariññāya,1
matā,1
marū,1
marantassa,1
maraṇena,1
maraṇadukkhāvabodhato,1
maraṇadhammatoti,1
maraṇadhammato,1
māpethāti,1
māpesi,1
manoviññāṇaṃ,1
manoviññāṇadhātu,1
manosamphasso,1
manosamphassapaccayā,1
manosamphassajā,1
manodvāraṃ,1
manodhātuyo,1
manodhātuvajjā,1
manodhātu,1
mano,1
māne,1
mando,1
mandarattaṃ,1
mandarattakāle,1
mandarattakālaṃ,1
mānaugghāṭanato,1
manasikaroti,1
manasikārappavattidassanatthaṃ,1
mātarā,1
niruddho,1
mātikā,1
mato,1
ñātapariññāva,1
nappajānātīti,1
naṅgalakoṭi,1
ñāṇena,1
ñāṇe,1
nānattanayo,1
nānanti,1
nāmime,1
nāmetaṃ,1
nāmesa,1
nāmāti,1
nāmarūpasamudayā,1
nāmarūpanirodhāti,1
naṃ,1
nāhaṃ,1
nagaramāgamma,1
muttaṃ,1
muñcitvā,1
mukhe,1
mudūni,1
momūho,1
mittamukhasapatto,1
mettācetovimutti,1
meghapaṭalacchannā,1
mayi,1
māyāmarīcisupinantaalātacakkagandhabbanagarapheṇakadaliādayo,1
matthakaṃ,1
mātikaṃ,1
nirujjhamānassa,1
nirujjhamānassāpi,1
nirujjhantīti,1
pañcasu,1
pañcapañcavassavasena,1
pañcannaṃ,1
pañcakkhandhā,1
pamussati,1
palujjanatāya,1
palokadhammā,1
pallaṅkaṭṭhānamattameva,1
pāḷinayena,1
pāḷinayānusārena,1
palāyituṃ,1
pakkhitta,1
pakkhipitvā,1
pakkhanditvā,1
pakatiyā,1
pākaṭībhūtasaccapaṭiccasamuppādanayalakkhaṇabhedassa,1
pajānāti,1
pajānanaṭṭhena,1
pahānena,1
pahānapariññāya,1
pahānapaññā,1
paggahoti,1
paggāhe,1
pāduddharaṇakāle,1
padīpo,1
padīpassa,1
padīpaṃ,1
pañcavaṇṇāni,1
padavāre,1
pañcavassa,1
pañcavīsatisataṃ,1
paribhuttāhāro,1
paramatthiyā,1
paramassāsassa,1
pāraṃ,1
paraloko,1
pāpuṇi,1
pāpuṇantu,1
pāpuṇanti,1
paññāyassa,1
paññāya,1
paññatti,1
pannarasavidhaṃ,1
paññāpetunti,1
paññābhāvanaṃ,1
paṇītaṃ,1
paṇidhiṃ,1
pañhasahassaṃ,1
pañhaṃ,1
panettha,1
panetarahi,1
panetaṃ,1
panesa,1
paṇḍupalāsaṃ,1
paṇḍupalāsakāle,1
paṇḍupalāsakālaṃ,1
paṇḍito,1
pañcavokārabhavo,1
pañcavidhā,1
manasikāraṃ,1
pādasañcāraṇaṃ,1
paccuppanno,1
opammaṃ,1
okkhanditvā,1
okkantikāpīti,1
okkamatītiādinā,1
okkamatīti,1
okāsehi,1
ojāya,1
ojaṭṭhamakanti,1
odhiodhi,1
obhāsoti,1
obhāsameva,1
obhāsādisambhave,1
obhāsādipaṭimaṇḍitāya,1
nuppajjanti,1
noti,1
niyamato,1
nivāsī,1
nissitānaṃ,1
nissayāhāraatthiavigatavasenāti,1
nissayaatthiavigatavasenāti,1
nissārāti,1
nisīditvā,1
nisīdiṃsu,1
nisīdatīti,1
nisīdati,1
nirujjhissati,1
nirujjhatīti,1
opapātikānampi,1
pādamūle,1
orohitvā,1
ovādadāyako,1
paccuppannena,1
pacchimayāme,1
pacchimayāmaṃ,1
pacchimavayo,1
pacchimavayenāti,1
pacchimavaye,1
pacchimavayaṃ,1
pacchājātā,1
paccayoti,1
paccayayāpanīyatāya,1
paccayavataṃ,1
paccayapariggahassa,1
paccayapariggahaṇena,1
paccayapariggahā,1
paccayānurūpena,1
paccayānuppādena,1
paccavekkhati,1
paccattalakkhaṇasallakkhaṇavasena,1
paccattalakkhaṇapaṭivedhasseva,1
paccantavāsiko,1
pacalitatāya,1
pabhinnapaṭisambhido,1
pabhaṅgupagamanasīlatāya,1
pabbhāro,1
pabbatarājasadisā,1
pabbapabbagate,1
pabbaṃpabbaṃ,1
oropanaṃ,1
pariccāgaṭṭhe,1
manasikārahetukaṃ,1
mānasamugghāṭanaṃ,1
kāḷaṃ,1
kakkhaḷatā,1
kadā,1
kāci,1
juṇhe,1
juṇhaṃ,1
jīvite,1
jīvitaṃ,1
jivhādvāre,1
jivhādvāraṃ,1
jīvati,1
jīrantu,1
kāḷapakkhuposatho,1
jhānāni,1
javanānurūpaṃ,1
javanāni,1
jātiṃ,1
jātijarābyādhimaraṇapakatitāya,1
jātijarābyādhimaraṇadhammato,1
jātidukkhāvabodhato,1
jātidhammato,1
jāti,1
jātassa,1
jātā,1
jarappattā,1
jaraṃ,1
jhāmakhāṇuko,1
kalāpasammasanaṃ,1
kalāpasammasanasaṅkhātāya,1
kalāpasammasanato,1
kapaṇāyevāti,1
kapaṇamanussassetaṃ,1
kaṅkhāvitaraṇavisuddhiyaṃ,1
kaṅkhāvitaraṇavisuddhiyā,1
kaṅkhāvitaraṇānantaraṃ,1
kampanti,1
kammasamuṭṭhānassa,1
kammasamuṭṭhānarūpesu,1
kammapaccayautusamuṭṭhānanti,1
kammapaccayautusamuṭṭhānaṃ,1
kammaññāni,1
kammajato,1
kammajatejodhātu,1
kammajarūpassa,1
kammajarūpāni,1
kammajarūpaṃ,1
kammajāhāro,1
kammādivasena,1
kāmāvacare,1
kāmāvacarato,1
kāmāvacarasattānaṃ,1
kāmāvacaraṃ,1
kāmāvacarakusalākusalakiriyacittesu,1
kāmadhātu,1
kāmabhavo,1
kāḷe,1
kalāpatoti,1
jarādhammato,1
jānamānā,1
janakāvabodhato,1
jalamānaṃ,1
ghanarattakāle,1
ghanarattakālaṃ,1
ghānadvāre,1
ghānadvāraṃ,1
gelaññaṃ,1
gāvutaṃ,1
gatamaggopissa,1
gatamaggopi,1
gatā,1
garuparivatti,1
gāravaṃ,1
gantvā,1
gamissatīti,1
gahito,1
gahetabbā,1
gāhā,1
gacchantudassanaṃ,1
gacchanti,1
gabbhaseyyakānaṃ,1
evarūpo,1
evarūpaṃ,1
evaṃdhammatānayo,1
evamassa,1
eva,1
etthantare,1
ettāvatānena,1
etesupi,1
ghanarattaṃ,1
kappaṃ,1
ghanasaññaṃ,1
ghaṭṭite,1
jālaṃ,1
itaro,1
iriyāpathañca,1
imissaṃ,1
imesaṃ,1
imāya,1
imāsu,1
imaṃ,1
iddhiyā,1
idañhi,1
iccassevaṃ,1
iccassa,1
hohīti,1
hīnaṃ,1
hidaṃ,1
hetuphalasambandhena,1
hetupaccayehi,1
hetaṃ,1
hatthissa,1
hatthī,1
hatthaṃ,1
haritapaṇṇavaṇṇaṃ,1
haritapaṇṇavaṇṇakālaṃ,1
haritapaṇṇakāle,1
haraṇaṃ,1
haṃkanakavāsī,1
hadayavatthukāyabhāvadasakavasena,1
ghaṭṭeti,1
kārakādibhāvo,1
kārako,1
kāraṇehi,1
lokuttarā,1
loko,1
lokiyeneva,1
lokiyapariññā,1
lokiyacittuppādavaseneva,1
lokikoti,1
loke,1
lokadhammehi,1
leṇakiccākāritāya,1
lakkhaṇe,1
lahutādisampayuttā,1
lahuso,1
lahuparivatti,1
lahuparivattaṃ,1
lahūni,1
lahukā,1
labhatī,1
lābhālābhādīhi,1
kuto,1
kusumāni,1
kusītapuggalassa,1
kusalo,1
kusalavipākaṃ,1
kusalāni,1
kusalākusalacetanā,1
kusalakiriyato,1
kurumāno,1
lokuttaracittānīti,1
kurumānā,1
lomā,1
maccumārakilesamārānaṃ,1
manāpo,1
manāpanti,1
mānagāho,1
makkhitāhāropi,1
majjhimayāme,1
majjhimayāmaṃ,1
majjhimavayo,1
majjhimavayena,1
majjhimavaye,1
majjhimavayaṃ,1
majjhattabhūtā,1
majjhanhe,1
majjhanhaṃ,1
mahato,1
mahāsamuddamhi,1
mahānāgatthero,1
mahākhīṇāsavo,1
mahaggatacittānipi,1
mahādattatthero,1
mahā,1
maggovāyaṃ,1
maggasaccassa,1
maggasaccaṃ,1
maggāmaggañāṇasambhavato,1
maggāmaggañāṇadassanavisuddhiyaṃ,1
maggāmaggañāṇadassanavisuddhīti,1
maggāmaggañāṇadassanavisuddhi,1
macchakacchapā,1
mānasamugghāṭitacittena,1
kumārako,1
koṭṭhāsaṃ,1
khandhavasena,1
khandhassa,1
khandhāpi,1
khandhaṃ,1
kevalañca,1
kevalā,1
kāye,1
kāyaviññatti,1
kāyassāti,1
kāyassa,1
kāyadvāraṃ,1
kāyacittāni,1
kāyacittānaṃ,1
kāyabhāvadasakavasena,1
katthaci,1
kathayissāmāti,1
kataparicayo,1
katanti,1
katame,1
kātabboti,1
kātabbo,1
kasiṇāni,1
karotopi,1
karothāti,1
karonto,1
karissatīti,1
karaṇīyo,1
khandhesu,1
kulaputtassa,1
khaṇikāpīti,1
khaṇo,1
koñcanādaṃ,1
kiriyamanodhātu,1
kiriyāhetukamanoviññāṇadhātu,1
kiriyā,1
kirime,1
kinnu,1
kiñcideva,1
kiñca,1
kimettha,1
kilesoti,1
kilesāsucipaggharaṇatāya,1
kilesānaṃ,1
kilamanti,1
khuddakāpīti,1
khīyissati,1
khippanirodhaṃ,1
khīṇāsavatthero,1
khīṇāsavassa,1
khīṇāsavānaṃ,1
khīṇaṃ,1
khiḍḍārativaṇṇabalapaññā,1
khiḍḍāratibahulo,1
khayānupassanaṃ,1
khayameva,1
khayaṃ,1
khayadhammo,1
khāṇukaṇṭakadīghajātiādīsu,1
khaṇikatoti,1
yuttataraṃ,1
