pana,178
iti,91
pāṭho,83
koci,74
bho,69
keci,67
puññaṃ,66
passati,57
patiṭṭhitaṃ,51
hoti,50
vuccante,46
ye,43
yo,42
honti,41
kammaṃ,40
tiṭṭhanti,39
kaññāhi,39
kho,36
apeti,35
pasīdati,33
sukhaṃ,32
deti,32
dhammaṃ,31
vuccate,30
ekacco,30
kaññāya,29
kārāpeti,29
kataṃ,28
me,28
uppajjanti,27
puriso,26
bahuṃ,25
purisā,25
ca,24
kulehi,24
cittehi,23
cittaṃ,22
pāpuṇāti,21
pasīdanti,21
napuṃsakaliṅgarūpāni,21
pulliṅgarūpāni,21
itthiliṅgarūpāni,21
puññāni,20
mahājano,20
purisehi,20
cittesu,20
tvaṃ,19
denti,18
na,18
kaññāyo,18
tumhe,18
dānaṃ,18
bhikkhūhi,18
sataṃ,17
dadāti,17
bhattaṃ,17
apenti,17
kaññāsu,17
karonti,17
kaññānaṃ,17
dhanaṃ,16
kaññāyopi,16
kulānaṃ,16
te,16
ekacce,16
nāma,16
kulāni,15
sucarati,15
saṅgho,15
cittāni,15
ekūnavīsāya,15
sisso,14
bhayāni,14
cittānipi,14
bhikkhūsu,14
desito,14
dadanti,13
manaṃ,13
ābharaṇaṃ,13
jano,13
attano,13
sakkaccaṃ,13
yāya,12
putto,12
uppajjati,12
purisaṃ,12
pāpuṇanti,12
bhikkhavo,12
ramati,12
loko,12
guṇavantehi,12
kāyaci,11
ovādaṃ,11
bhikkhu,11
mahājanā,11
anubhuttaṃ,11
sabbadā,11
sakkāraṃ,11
taṃ,11
ābharaṇāni,11
sappuriso,10
tayā,10
pariggaho,10
odanaṃ,10
sissā,10
janā,10
kaññā,10
kulena,10
kulassa,10
imāni,10
cittānaṃ,10
santakaṃ,10
vanitāya,10
mayā,10
jīvanti,10
ruccati,10
kulaṃ,10
kammaphalaṃ,10
purisānaṃ,10
kehici,9
bahavo,9
tīhi,9
tiliṅgarūpāni,9
bhojanaṃ,9
niccaṃ,9
mano,9
bhojāpito,9
tumhehi,9
pupphāni,9
sucaranti,9
dvīhi,9
ayaṃ,9
bhayaṃ,9
dhammo,9
catūhi,9
amūhi,9
mahārājānaṃ,9
amhehi,9
yehi,9
yaṃ,9
odano,9
mahārājehi,9
sadā,9
saññamessanti,8
tvampi,8
catuttho,8
chaṭṭho,8
bhikkhūnaṃ,8
dutiyo,8
kusalaṃ,8
mayaṃ,8
pañcamo,8
saddho,8
cittena,8
padamañjariyā,8
bhikkhū,8
kulesu,8
cittassa,8
tatiyo,8
purisena,8
purise,8
santānaṃ,8
paṭhamo,8
purisassa,8
bhikkhavopi,8
sappurisā,7
karoti,7
parivitakko,7
dhanavā,7
kiṃci,7
pasavati,7
pasavanti,7
yajati,7
karotha,7
vatthābharaṇāni,7
paricchedo,7
pāde,7
sāmi,7
kārāpīyate,7
sattamo,7
garūhi,7
karohi,7
mahābhūtā,7
mātā,7
vo,7
no,7
itthīhi,7
buddhaṃ,7
puttāpi,7
udapādi,7
yassa,6
pulliṅgo,6
puttā,6
kassaci,6
kānici,6
vanitāhi,6
yesaṃ,6
kārenti,6
kaññāyaṃ,6
devadattaṃ,6
manāni,6
bhojāpīyate,6
mamaṃ,6
sukhadukkhaṃ,6
yena,6
sukhījātā,6
dvinnaṃ,6
tuyhaṃ,6
bhūtānaṃ,6
saggaṃ,6
sabbehi,6
pubbe,6
etehi,6
jīvitaṃ,6
abhibhavitāro,6
sabbassā,6
ārammaṇaṃ,6
yā,6
gottādayo,6
tiṃsa,6
daṇḍinā,6
tehi,6
gacchatā,6
daṇḍīhi,6
pubbehi,6
sāmiko,6
sammā,6
antevāsikā,6
antaradhāyanti,6
kenaci,6
guṇavantena,6
imehi,6
kesaṃci,6
amhākaṃ,6
sabbaṃ,6
kāci,6
kāhici,6
daṇḍino,6
tumhākaṃ,6
ekehi,6
kāyakammaṃ,6
assu,6
guṇavante,6
yāni,6
ahesuṃ,6
jambuyā,5
kārāpito,5
ukāranta,5
kārāpenti,5
pubbāya,5
antaradhāyati,5
daṇḍakammaṃ,5
kaññaṃ,5
pitāmaho,5
etaṃ,5
kārayati,5
purisesu,5
garunā,5
dadeyya,5
patiṭṭhitāni,5
khattiyakaññāya,5
itthiyo,5
citte,5
tesaṃ,5
itthiyā,5
kulamhā,5
ekāya,5
rattiyā,5
sukhījāto,5
kamme,5
itthiliṅgo,5
ekūnavīsati,5
dasaguṇitaṃ,5
vihāro,5
yāhi,5
sabbe,5
vijjanti,5
kambalaṃ,5
etesaṃ,5
guṇavaṃ,5
kehi,5
tāya,5
labheyya,5
yāguyā,5
dve,5
bhūmīnaṃ,5
daṇḍī,5
gacchati,5
atha,5
nadiyā,5
gacchantehi,5
tassa,5
lokā,5
paṇḍito,5
katvā,5
pubbā,5
kiṃ,4
dhammadesanaṃ,4
iccādipi,4
tathāgatehi,4
sabbaññu,4
tena,4
daṇḍaṃ,4
kesaṃ,4
katvāna,4
dāsiṃ,4
sabbesaṃ,4
sabbena,4
abhibhū,4
kaṭe,4
katāni,4
katameva,4
rukkho,4
devamanussānaṃ,4
tiṇṇannaṃ,4
daṇḍīnaṃ,4
sabbassa,4
sabbā,4
tathā,4
tidivaṃ,4
imaṃ,4
sabbopi,4
bhikkhūpi,4
catunnaṃ,4
kaṭaṃ,4
yaññadattehi,4
so,4
ukārantapulliṅgo,4
jantuno,4
visaṃ,4
gacchato,4
gacchataṃ,4
nibbāṇaṃ,4
apeto,4
samaggo,4
gacchantā,4
gacchaṃ,4
silāghate,4
jīvati,4
jīvikaṃ,4
etena,4
etassa,4
pubbaṃ,4
ekesaṃ,4
ekena,4
nisīdati,4
gāmaṃ,4
ime,4
garūnaṃ,4
passanti,4
guṇavantā,4
guṇavā,4
pāletha,4
pālaya,4
akārantapulliṅgo,4
iminā,4
pattacīvarāni,4
pubbesaṃ,4
akāsi,4
satthā,4
itthīnaṃ,4
amhaṃ,4
paccate,4
amunā,4
gatā,4
amūsānaṃ,4
garuno,4
pacitvā,4
guṇavato,4
evaṃ,4
kārāpayati,4
rājā,4
upāsikāya,4
yaññadattena,4
sivapadaṃ,4
vanitāyo,4
vanitānaṃ,4
mātāpitaro,4
kassa,4
maṃ,4
mahājanaṃ,4
ekaṃ,4
kārayanti,4
imassa,4
ekassa,4
paṇṇākāraṃ,4
bhagavantehi,4
ācariyo,4
bhajjīyante,4
mahogho,4
kesuci,3
gohi,3
sahassaṃ,3
karīyyate,3
jambonadaṃ,3
satthārehi,3
kārito,3
jambūhi,3
satthārā,3
khattiyakaññāhi,3
sarati,3
kāsaṃci,3
idaṃ,3
imesaṃ,3
guṇavantānaṃ,3
guṇavantassa,3
guṇavantaṃ,3
dhammarājehi,3
kasmiṃci,3
guṇaghoso,3
guṇavantesu,3
sattati,3
gottādi,3
sundaraṃ,3
tathāgatena,3
sattatiṃ,3
dhammamaññāya,3
sattatiyā,3
sattatiyaṃ,3
dhanavantā,3
sabbaññuno,3
imāhi,3
jambuyo,3
saṭṭhi,3
desehi,3
etasmā,3
kāhi,3
ekāhi,3
etāhi,3
tāni,3
dasamo,3
imāya,3
ekūnavīsatiyaṃ,3
ekūnavīsatiyā,3
ekūnavīsatiṃ,3
sirasā,3
kāya,3
guṇavataṃ,3
eke,3
tāhi,3
kāni,3
etāya,3
desīyate,3
sūyate,3
dhammarājānaṃ,3
saṭṭhiṃ,3
saṭṭhiyā,3
saṭṭhiyaṃ,3
janehi,3
jantūhi,3
kārāpayī,3
kārāpayanti,3
dvādasamo,3
gacchanti,3
jāyanti,3
guttesu,3
gacchante,3
satassa,3
dvīsu,3
ekā,3
daṇḍīni,3
gacchāhi,3
desetha,3
ekādasamo,3
brāhmaṇo,3
aṭṭhamo,3
attānaṃ,3
vicaranti,3
nattārā,3
vihārā,3
vihāraṃ,3
nattārehi,3
pubbāni,3
asītiyaṃ,3
asītiṃ,3
attanehi,3
asīti,3
natthi,3
vijānāti,3
nava,3
pubbāhi,3
navamo,3
ariyehi,3
navuti,3
ārammaṇāni,3
navutiṃ,3
vijānanti,3
arakkhite,3
nappasīdati,3
puññakammaṃ,3
upāsikāhi,3
bhātarā,3
rājāno,3
puttopi,3
bhaginiyo,3
manehi,3
bhagavato,3
bhagavatā,3
mātarā,3
khettavatthūni,3
mātarehi,3
vandāma,3
āyūni,3
mayi,3
āyūhi,3
nadī,3
nadīhi,3
aṭṭhini,3
aṭṭhīhi,3
nadiyo,3
purisasmā,3
arakkhitaṃ,3
navutiyā,3
navutiyaṃ,3
ahaṃ,3
agginā,3
paṇamāma,3
pañca,3
pañcahi,3
ādinā,3
ādīhi,3
yāsaṃ,3
adhikā,3
ahosi,3
yasmā,3
ācariyehi,3
paññāsāya,3
paññāsāyaṃ,3
pariggahā,3
abhibhunā,3
yesu,3
abhibhūhi,3
yogāvacarā,3
yogāvacaro,3
yasmiṃ,3
yāguyo,3
akārantanapuṃsakaliṅgo,3
patiṭhitaṃ,3
vipāko,3
vipulaṃ,3
niccharanti,3
vīsati,3
vīsatiyā,3
vīsatiyaṃ,3
antevāsiko,3
pitarā,3
aniccato,3
aniccadhammassa,3
amuyā,3
amūsu,3
pabhavanti,3
amhesu,3
amhe,3
amacco,3
amaccā,3
yāgūhi,3
akāsuṃ,3
akaruṃ,3
akarī,3
mahārājesu,3
bhātarehi,3
satasahassaṃ,3
uddissa,3
labheyyuṃ,3
ūkāranta,3
mahabbhayaṃ,3
cattālīsāyaṃ,3
ramanti,3
cattālīsāya,3
ujuṃ,3
cattālīsaṃ,3
raññā,3
bhikkhunā,3
cattālīsa,3
macchā,3
sabbāhi,3
mahābhūtehi,3
tumhesu,3
rattīhi,3
caraṇaṃ,3
bhojayati,3
bhojayanti,3
mahābhogo,3
bhikkhusaṅgho,3
tiṃsāya,3
tiṃsāyaṃ,3
kusalāni,3
mahabbhayāni,3
maggaṃ,3
buddhehi,3
bhavati,3
buddhassa,3
tesu,3
kiñci,3
sabbaññūhi,3
lokanātho,3
upasaṅkamati,3
rattiyo,3
mahārājā,3
koṭi,3
lokanāthehi,3
mahārāje,3
tīsu,3
buddhā,3
koṭippakoṭi,3
rakkhitaṃ,3
sabbaññunā,3
saṃkilissati,2
jambonadampi,2
pitarehi,2
satāni,2
rogo,2
pavattitaṃ,2
saṅkhalikaṃ,2
jalaṃ,2
kāyehi,2
jantunā,2
phalaṃ,2
janena,2
janassa,2
jambū,2
pitarānaṃ,2
janaṃ,2
nīyyate,2
nūppajjanti,2
pabhā,2
pabbajito,2
jambūnaṃ,2
nūppajjati,2
pitāmahā,2
pitāmahaṃ,2
oloketvā,2
rundhati,2
sabbāyo,2
pilandhanaṃ,2
paccante,2
kāsaṃ,2
itthīsu,2
kulamhi,2
pañcannaṃ,2
paṇītaṃ,2
pannākāraṃ,2
sabbāni,2
paññāsaṃ,2
parihāro,2
khattiyakaññānaṃ,2
imāsaṃ,2
kittakā,2
khattiyakaññāyo,2
imā,2
ikārantapulliṅgo,2
khudaṃ,2
paññāya,2
khettaṃ,2
satānaṃ,2
pariccajāmi,2
pappoti,2
pasādetvā,2
rūpaṃ,2
kule,2
pañcagatiyo,2
pacchato,2
pācenti,2
pāceti,2
padaṃ,2
sā,2
pitaro,2
kusalakammaṃ,2
imissā,2
kusalacittāni,2
patiṭṭhā,2
kusalacittaṃ,2
kena,2
pakoṭi,2
imesu,2
pāṭheti,2
pāṭhenti,2
sabbasmiṃ,2
kenassu,2
pañcadasamo,2
sabbasmā,2
rogā,2
lokanāthā,2
nimmitaṃ,2
mahājanopi,2
karaṇe,2
kārako,2
kappeti,2
mātaro,2
kassā,2
kappenti,2
mātuyā,2
kaññe,2
purisasmiṃ,2
kassako,2
pupphehi,2
pupphaṃ,2
nadeti,2
puññe,2
nadiṃ,2
nadīnaṃ,2
puññakammena,2
kāsuci,2
nāge,2
purisa,2
nahutaṃ,2
mātarānaṃ,2
puttaṃ,2
kasmā,2
rājūhi,2
rajjaṃ,2
kasmāci,2
karomi,2
mahārājassa,2
karoma,2
manānaṃ,2
saddhammo,2
purisopi,2
kariyyante,2
kāritā,2
sadevakaṃ,2
kāresi,2
mahārājāno,2
putte,2
mane,2
rājūnaṃ,2
kārāpitā,2
mahāpāsādo,2
manaso,2
ninnahutaṃ,2
puññakammassa,2
puñjakitāni,2
juṇhā,2
pubbajā,2
kaṭṭhamaṅgāraṃ,2
navahi,2
rattīnaṃ,2
lokanāthena,2
navannaṃ,2
lokanāthe,2
lokanāthassa,2
pubbajo,2
lokanāthānaṃ,2
jhāpeti,2
nayo,2
pubba,2
kāyassa,2
lokaṃ,2
poseti,2
posenti,2
sambuddho,2
niccharati,2
kāyānaṃ,2
mahābhūtānaṃ,2
juṇhāyo,2
kā,2
pubbesu,2
pubbenācariyena,2
pubbena,2
napatiṭṭhitaṃ,2
nappasīdanti,2
rañño,2
nare,2
kamo,2
pubbassācariyassa,2
kato,2
pubbassa,2
nattārānaṃ,2
pubbāsaṃ,2
kaṃ,2
kalyāṇaṃ,2
kāle,2
kālā,2
ratti,2
nattāro,2
sabbesu,2
rathe,2
khettavatthuṃ,2
gaṅgāsu,2
bhūyate,2
channaṃ,2
charaṃsiyo,2
tayo,2
tayi,2
vijānātha,2
ciraṃ,2
cittamhā,2
cittasmā,2
arūpadhammena,2
arūpadhammehi,2
vijjāya,2
cuddasamo,2
tathāgate,2
dadāhi,2
tathāgatassa,2
chahi,2
tathāgatānaṃ,2
vijānāhi,2
asītiyā,2
vatthāni,2
catassannaṃ,2
catasso,2
cattāri,2
cattāro,2
attanā,2
catūsu,2
atikkanto,2
ceva,2
cha,2
atikkantā,2
asu,2
terasamo,2
asse,2
vihārevā,2
teneva,2
appaṭivirato,2
āpo,2
tathāgatā,2
dhammarāje,2
dhammarājena,2
visujjhati,2
dhanavantānaṃ,2
dhanavantāni,2
dhanavantassa,2
dhanavantehi,2
dhanavantena,2
dhanī,2
dhaññāni,2
sugatiṃ,2
dhārayate,2
amuyo,2
sugandhikaṃ,2
dhūmo,2
dhammarājassa,2
dhammā,2
devadatte,2
detha,2
apetā,2
dānādikusalaṃ,2
apentīti,2
daṇḍiṃ,2
daṇḍīsu,2
dasa,2
dasahi,2
attāno,2
tāsaṃ,2
dasasahassaṃ,2
vīsaṃ,2
dasasatasahassaṃ,2
dāsī,2
tā,2
vīsatiṃ,2
desitā,2
dasannaṃ,2
amussā,2
vatthābharaṇānipi,2
aṭṭha,2
bhātarānaṃ,2
avicchedappavattī,2
avicchedappavatti,2
avacīyate,2
avacito,2
bhātaro,2
upakārañca,2
upakaraṇaṃ,2
upakāraṃ,2
upagacchati,2
vanitāsu,2
bhavabhandhanaṃ,2
vanitāyaṃ,2
aṭṭhino,2
upādānaṃ,2
vanitaṃ,2
aṭṭhīnaṃ,2
bhātā,2
upāsikānaṃ,2
balaṃ,2
bhagavā,2
vā,2
bhagavante,2
usabhā,2
uppalaṃ,2
bahujjanā,2
upatiṭṭheyya,2
upāsikāyo,2
upāsikāyassu,2
āyūnaṃ,2
bhaṇḍaṃ,2
āyunā,2
vandāmi,2
vanitā,2
āyu,2
aṭṭhinā,2
bhavanti,2
bhāveti,2
bodhāpīyate,2
vasamanvagū,2
toseti,2
tosenti,2
tiṭṭhati,2
tisso,2
brāhmaṇā,2
tissannaṃ,2
buddhānaṃ,2
tīni,2
buddhe,2
buddhena,2
tiṇaṃ,2
buddho,2
vatthābharaṇaṃ,2
bodhāpito,2
satasahassānaṃ,2
bhutvā,2
bhutto,2
bhikkhave,2
vapati,2
aṭṭhi,2
atthi,2
bhikkhuno,2
udaraggī,2
udaraggi,2
caranti,2
bhikkhussa,2
vasaṃ,2
aṭṭhārasannaṃ,2
aṭṭhārasahi,2
bhujjate,2
aṭṭhārasa,2
bhūta,2
bhūtāni,2
tuvaṃ,2
dīghakālaṃ,2
dehi,2
gacchatha,2
etesu,2
ete,2
akaro,2
etasmiṃ,2
garūsu,2
gato,2
etāni,2
gāvassa,2
etā,2
gāvena,2
eso,2
ādayo,2
gāvo,2
akkhohiṇi,2
satthānaṃ,2
yaññadattaṃ,2
sippaṃ,2
satthaṃ,2
esā,2
accutaṃ,2
go,2
ekūnavīsāyaṃ,2
acchiduṃ,2
sippāni,2
ācariyānaṃ,2
akarittha,2
etissā,2
sīlavantānaṃ,2
yāgūnaṃ,2
gamissāmi,2
yaññadattassa,2
satto,2
gamayati,2
aduṃ,2
aggayo,2
yaññadatte,2
aggi,2
yaññadattā,2
ādīnaṃ,2
aggīhi,2
yanti,2
yāgu,2
aggīnaṃ,2
yajanti,2
ahahaṃ,2
gaṅgāya,2
gacchantesu,2
gaṇhanti,2
garu,2
ādi,2
sikkhaṃ,2
garuṃ,2
gacchantaṃ,2
satthāro,2
sīlaṃ,2
aggino,2
gomikā,2
yaññadattānaṃ,2
sūdehi,2
sattannaṃ,2
sitthāni,2
sattānaṃ,2
sattahi,2
amūsaṃ,2
yācate,2
yācante,2
dvijo,2
ekāni,2
sattadasamo,2
gomiko,2
satehi,2
satta,2
vuyhate,2
siyā,2
abhibhūnaṃ,2
yojetabbaṃ,2
amuṃ,2
amuno,2
sūdena,2
amūni,2
amusmā,2
sissaṃ,2
ekesu,2
gopālā,2
sisse,2
ācariyā,2
abhivandati,2
sītaṃ,2
gopālo,2
guṇaghosā,2
guṇavanto,2
yāsu,2
ekūnavīsaṃ,2
ekāsaṃ,2
dīpaṃ,2
guṇavatā,2
dīpakāle,2
puṇḍarīkaṃ,1
yaññadattasmā,1
pāraṃ,1
vacane,1
vatiṭṭhitaṃ,1
usūyati,1
vācaṃ,1
yaññadatto,1
paraṃ,1
yojeti,1
yaññadattesu,1
puggalo,1
parājenti,1
puṇḍarīkaṃca,1
pulliṅganāmānaṃ,1
paritibbutoti,1
parikkhāro,1
puññakammehi,1
vadhaṃ,1
puññesu,1
parikassati,1
pupphena,1
parikkhīṇā,1
vapanti,1
puññañhi,1
yato,1
parikkhiṇo,1
paripālayī,1
parisāpi,1
vappamaṅgalaṃ,1
yogaṃ,1
vandāmahaṃ,1
vaje,1
purisamhā,1
vajaṃ,1
parisuddhehi,1
yāsaṃci,1
vappamaṅgalañca,1
puññakammeca,1
vappamaṅgalāni,1
puññakammānaṃ,1
yocasi,1
parisuddhena,1
yāyaṃ,1
vaṇṇo,1
vupasammanti,1
pucchati,1
usūyanti,1
pitari,1
visatiṃ,1
pittāmahā,1
pituno,1
pitusaddo,1
yācayati,1
virujjhati,1
pitaresu,1
yācīyate,1
pitussa,1
piyāti,1
virocati,1
virocatha,1
virocanti,1
viroca,1
vīra,1
pavattati,1
pavattehi,1
pavakkhāmi,1
vīsatimo,1
vīsāya,1
vuccati,1
vuccareti,1
pitāpi,1
pibati,1
pibanti,1
vuccanti,1
phāsukā,1
phalavā,1
pitare,1
phalaṃvipāko,1
vuttāni,1
visuddhadhammañca,1
visesena,1
pavattetha,1
visesato,1
pitaraṃ,1
vīsāyaṃ,1
yācakānaṃ,1
viya,1
pavaḍḍhati,1
pubbācariyasmā,1
vinodetha,1
patigiṇāti,1
pubbāsu,1
yāguyaṃ,1
vedito,1
vupasammati,1
pubbāyaṃ,1
veditabbo,1
vatthañca,1
vedīyate,1
pāṭhayati,1
vatthābharanāni,1
passatha,1
vatthābharanaṃ,1
pubbo,1
puccaṃ,1
passāmi,1
pucchanti,1
passa,1
yaññadatta,1
paṭihaññante,1
yāgūsu,1
vicarati,1
vinodehi,1
viññutaṃ,1
viññunā,1
pātubhavati,1
pubbācariyehi,1
pattosmi,1
viññeyyo,1
vimuttassa,1
vikantisu,1
patthitā,1
paṭṭhāya,1
yāguṃ,1
pattacīvarampi,1
vijjati,1
yāgusaddo,1
vihāresu,1
paṭikkūlāni,1
paṭikkūlaṃ,1
paṭihaññate,1
pucchīyate,1
usabho,1
satasahassassa,1
usabhehi,1
sahassādisupi,1
sivayo,1
sivapadi,1
sīvaṃ,1
sivaṃ,1
sissehi,1
sīsaṃ,1
sahassānīti,1
saheva,1
sakalānaṃ,1
sakalassa,1
sobhano,1
sakaṭā,1
sakaṭo,1
sakhāhitoti,1
sakhīnaṃ,1
sīlavataṃ,1
silavataṃ,1
sakka,1
sīlavantesu,1
sakkārā,1
silavantānaṃ,1
sakkārañca,1
sīlagandho,1
sīlavatīhi,1
sakkāro,1
solasabhūtāni,1
soḷasamo,1
sūratamo,1
suphassayaṃ,1
sadādarā,1
suṇomi,1
saddā,1
suṇoma,1
suṇāti,1
suṇanti,1
sukhījāti,1
sukhī,1
sukhadukkhā,1
solasamo,1
saddo,1
sūdo,1
sudesito,1
sādhujantuhi,1
sādhulokasmā,1
sādhulokena,1
suddho,1
sūdajeṭṭho,1
sūdajeṭṭhā,1
sūdā,1
subhaṃ,1
sotari,1
saddoti,1
samādāya,1
samaggehi,1
samaggena,1
satthari,1
satthāresu,1
satthāre,1
saṅkhato,1
saṅkhyānāmānaṃ,1
satthāraṃ,1
saṅo,1
sattavīsatimo,1
santajjenti,1
santajjeti,1
sattavīsati,1
saṅghopi,1
sattasu,1
sattari,1
sattarasacittāni,1
saranti,1
satitthiyo,1
sati,1
satesu,1
sarīraṃ,1
satena,1
satamāyugate,1
satasmiṃ,1
satasmā,1
sattassa,1
saṅghena,1
saṅgāmo,1
satthu,1
samaṃsalohitaṃ,1
samattā,1
sikkhāhi,1
sāmiatthe,1
samijjhati,1
sāmikā,1
siddhi,1
setāni,1
sāmissa,1
sesāññehica,1
sayamevapi,1
sāvako,1
sammādiṭṭhiṃca,1
sammāsambuddhassa,1
samodhāya,1
sampadāne,1
satthusaddo,1
sampadāniye,1
saṃsāradukkhaṃ,1
satthuno,1
saṃsārasukhaṃ,1
saṃvibhājetha,1
sandantī,1
sandati,1
saṅgahavatthūhi,1
sūriyo,1
suvaṇṇachattaṃ,1
sabbo,1
tacchanti,1
upaccaguṃ,1
uṇho,1
uṇhā,1
uhuṅkārā,1
uggaṇhātha,1
raññe,1
uggaṇhāhi,1
rathā,1
tvayi,1
tvampikho,1
raṭṭhavāsino,1
ramani,1
ratthu,1
tuṭṭhacitto,1
rattiṃ,1
tumhepi,1
rattisaddo,1
rattīsu,1
rattiyaṃ,1
tu,1
trajo,1
rattoca,1
riyena,1
ruccanti,1
tuṭṭhosmiyā,1
rakkhatha,1
rakkhanti,1
rājusu,1
usabhe,1
usabhassa,1
usabhasmā,1
usabhānaṃ,1
puthageva,1
upjajjati,1
upayoge,1
upatiṭṭheyyuṃ,1
puttoraso,1
puttotrajāpi,1
upāsikāyapi,1
upāsikāyaṃ,1
puttotrajopi,1
upāsikāsu,1
upāsikānañca,1
rājānaṃ,1
upāsikaṃ,1
rājāpi,1
rājasaddo,1
rajjena,1
upāsikā,1
upakārikāyopi,1
rājūhī,1
upakārikā,1
upagacchanti,1
tiṇṇosi,1
usabhesu,1
rundhīyanti,1
rūpāni,1
sabbaññusaddo,1
sabbaññusmiṃ,1
sabbaññūsu,1
sabbañuñūnaṃ,1
sabbasādhāraṇā,1
sabbāsaṃ,1
sabbāsānaṃ,1
tathāgatamhā,1
tathāgataṃ,1
tathāgata,1
tāta,1
tathāgatesu,1
tāsu,1
tasmiṃ,1
tasmātītādayo,1
sabbāsu,1
sabbattha,1
tasmā,1
sabbepi,1
taṇhāya,1
tamhi,1
tamhā,1
tamāhu,1
tādiso,1
tassamaṃ,1
tathāgato,1
sabbaññūnaṃ,1
tato,1
rūpehi,1
tiliṅgāni,1
tiliṅgānaṃ,1
tilānipi,1
tilāni,1
sabbābharaṇāni,1
sabbāca,1
sabbadāti,1
sabbadukkhā,1
tidhā,1
thūpe,1
therassa,1
ṭhānaṃ,1
tevīsatimo,1
tevīsa,1
sabbanāmaṃca,1
terasapurisā,1
sabbanāmānaṃ,1
sabbanāmāni,1
sabbanāmikaṃ,1
terasama,1
sabbānica,1
tāyaṃ,1
sabbaññuṃ,1
tattā,1
rundhīyati,1
ababaṃ,1
kunnadiyo,1
papponti,1
chaḍḍīyatu,1
chaḍḍīyantu,1
chaḍḍetu,1
chaḍḍetha,1
chaḍḍentu,1
chaḍḍehi,1
chabbīsatimo,1
catuvīsatimo,1
chasu,1
catuvīsaiccādipi,1
catūhisaṅgahavatthūhi,1
catuhi,1
cattārīsa,1
cassā,1
cariyaṃ,1
carati,1
cāpi,1
candova,1
catusu,1
cakkavattirājāno,1
chattaṃ,1
chatto,1
dajjāsimaṃ,1
dadeyyuṃ,1
daḍḍho,1
daḍḍhā,1
dadatha,1
dadāmi,1
dada,1
cuddasabhūmiyo,1
chattāni,1
coro,1
corayanti,1
corajeṭṭho,1
corajeṭṭhā,1
cīvaraṃ,1
cittasaddo,1
citta,1
cintetha,1
cintesi,1
corayati,1
cābhirato,1
budho,1
budhā,1
bhojantu,1
bhojanehi,1
bhojanā,1
bhindūca,1
bhikkhusmiṃ,1
bhikkhusaṅghassa,1
bhikkhusaddo,1
bhikkhūnaṃyeva,1
bhojāpayī,1
bhikkhunaṃ,1
bhikkhuhi,1
bhijjare,1
bhāventi,1
bhāve,1
bhāvaye,1
bhavasukhaṃ,1
bhāvanañca,1
bhavabhave,1
bhikkhuṃ,1
bhojāpitā,1
bhojāpīto,1
bhojehi,1
buddhesu,1
buddhasaddo,1
buddhadhamme,1
buddha,1
brāhmaṇena,1
bodhīyiṃsu,1
bodhīyī,1
bodhīyate,1
bodhito,1
bodhimuttamā,1
bodheti,1
bodhayati,1
bodhayanti,1
bimbaṃ,1
bibbassa,1
bhūtena,1
bhuta,1
bhopitā,1
bhojetha,1
dānavaraṃ,1
daṇḍā,1
daṇḍakamme,1
daṇḍini,1
ekavīsa,1
ekato,1
ekāsu,1
ekasmiṃ,1
ekasmā,1
ekanavuti,1
ekamhi,1
ekamhā,1
ekavīsatimo,1
ekādasamahābhūtā,1
dvepi,1
dvāvīsa,1
dvādasaabhibhavitāro,1
dummedha,1
dummano,1
dukkhaṃ,1
dukkaṭaṃ,1
dujjano,1
dvevīsatimo,1
ekāyaṃ,1
eko,1
ekūnavīsatimo,1
gaṇaṃ,1
gamissāma,1
gāmavarāni,1
gāmavaraṃ,1
gahapati,1
gahakūṭaṃ,1
gaccheyyātha,1
gaccheyyāma,1
gacchantasaddo,1
gaccantehi,1
gaccantasaddo,1
evarūpe,1
etthāpi,1
etissaṃ,1
etāsu,1
etāsānaṃ,1
etāsaṃ,1
esevanayo,1
eseva,1
dujjanā,1
bhātussa,1
dubuddhino,1
divāca,1
deseti,1
desesi,1
desenti,1
dehaṃ,1
dātabbañca,1
dāsiyo,1
dāse,1
dasasu,1
desissāmi,1
dasassa,1
dasasatasahassanti,1
dasasahassassa,1
dāsaṃ,1
dasaṃ,1
daṇḍo,1
daṇḍismiṃ,1
daṇḍīsaddo,1
daṇḍisaddo,1
dasasatasahassassa,1
devatā,1
dhammarājasmā,1
dhammarājesu,1
diṭṭhiyo,1
diṭṭhiṃ,1
disvā,1
dissati,1
dīpaṅkaro,1
dibbaṃ,1
dhūmā,1
dhavalo,1
dhārayante,1
dhaññānipi,1
dhaññaṃ,1
dhanavattehi,1
dhanavanto,1
dhanavantesu,1
dhanavantasmiṃ,1
dhanavantamhā,1
dhanavantaṃ,1
dhanavaṃ,1
dhammehi,1
dīyate,1
gaṇanassa,1
bhātusaddo,1
bhattiṃ,1
ānīyate,1
ānīyante,1
aṅguggacchati,1
amūyo,1
amussaṃ,1
amūssa,1
amussa,1
amusmiṃ,1
annaṃ,1
amumhi,1
āloko,1
ālokāpi,1
aliṅgatumhāmhasaddā,1
aliṅgasabbanāmānaṃ,1
alaṅkatā,1
akkhohiṇīti,1
akkhohiṇīca,1
akkhohiṇī,1
amū,1
akāro,1
annapānaṃ,1
aññatitthiyā,1
anvagū,1
anuttaro,1
anuttaraṃ,1
anuppatto,1
anukūlāni,1
anugiṇāti,1
anucariṃsu,1
anucarī,1
annapānaṃdeti,1
anubhūyate,1
anubhuttāni,1
anubhuttā,1
anubhotha,1
anubhosi,1
anubandhiṃsu,1
antaradhāyiṃsu,1
antaradhāyī,1
antaradhāyāti,1
anubhuttāyo,1
akārantetthiliṅgo,1
akārantapuṃsakaliṅgo,1
akāranta,1
adadī,1
adā,1
abhirūpāṅganā,1
abhiramati,1
abhiramanti,1
abhibhuvo,1
abhibhūsu,1
abhibhūsaddo,1
adadiṃsu,1
abhibhūno,1
abhibhumhi,1
abhibhuṃ,1
abhavittha,1
abhavi,1
ābharaṇāti,1
ābharaṇā,1
abbudaṃca,1
ababañceva,1
abhibhuno,1
adesiṃsu,1
ādī,1
ādiṃ,1
akaṃsu,1
ajja,1
ajinasāṭiyā,1
ahu,1
aggīsu,1
aggisaddo,1
aggimhi,1
aggiṃ,1
aggīhidhūmāpi,1
aggī,1
āgato,1
agāre,1
āgāraṃ,1
agārā,1
ādīsū,1
ādissa,1
ādisaddo,1
ādino,1
ādimhi,1
aparo,1
apucchitaṃ,1
arahato,1
ārammanaṃ,1
bhagavantānaṃ,1
bhagavantaṃ,1
bhaddaṃ,1
bāvīsa,1
bandhīyate,1
bandhīyante,1
bālo,1
balavantehi,1
bhagavantesu,1
bālakabuddhivuddhiyāti,1
bahuvacanasaṅkhyānāmānaṃ,1
bahujjano,1
āyūsu,1
āyusaddo,1
āyūno,1
āyuno,1
āyūnā,1
āyūmhi,1
bālā,1
bhagavataṃ,1
bhaggā,1
bhaginī,1
bhatti,1
bhāti,1
bhātari,1
bhātaresu,1
bhātare,1
bhātaraṃ,1
bhāsito,1
bhāsitāti,1
bhasayi,1
bhāraṃ,1
bhaṇati,1
bhanatha,1
bhaṇanti,1
bhana,1
bhajjate,1
bhajjante,1
bhaginīpi,1
bhaginipi,1
bhaginiṃ,1
āyuṃ,1
bhātuno,1
āvuso,1
avicchedappavattiṃ,1
atta,1
aṭaṭaṃca,1
aṭaṭaṃ,1
asubhato,1
assā,1
asmiṃ,1
asitiyā,1
āsi,1
attā,1
āsaneyeva,1
āsane,1
asaṃsaṭṭho,1
asaṃkheyyanti,1
arūpadhamme,1
arūpadhammaṃ,1
ariyesu,1
ariye,1
ariyassa,1
āsanesu,1
attanāpi,1
attanesu,1
attani,1
atthu,1
attho,1
aṭṭhīsu,1
aṭṭhisaddo,1
aṭṭhinī,1
aṭṭhimhā,1
aṭṭhiṃ,1
aṭṭhavīsati,1
atthato,1
aṭṭhasu,1
aṭṭhārasasu,1
aṭṭhannaṃbhūtānaṃ,1
aṭṭhannaṃ,1
aṭṭhahipurisehi,1
aṭṭhahi,1
aṭṭhādasamo,1
attavasaṃ,1
attāva,1
attasaddo,1
avicchedappavattiyo,1
gaṅgānaṃ,1
gaṇhāti,1
garū,1
nāmagottādi,1
nakhīyittha,1
nahutasatasahassānaṃ,1
nāhaṃ,1
nāgasahassāni,1
nadiyaṃ,1
nadīsu,1
nadīsaddo,1
namāma,1
nadīnaṃca,1
nabhamajjhago,1
muttaṃ,1
muninda,1
munayo,1
mijjhati,1
mettiṃ,1
meti,1
mātusaddo,1
nadīheva,1
mato,1
nāmaṃca,1
nāmānicceva,1
nattā,1
narā,1
napuṃsakaliṅgo,1
napuṃsakaliṅganāmānaṃ,1
naparidevesi,1
napadaṃ,1
nantusaddo,1
nantuno,1
namāmyahaṃ,1
nāntamevañca,1
nānā,1
namo,1
namitvā,1
nāmikapantīsu,1
nāmeheva,1
nāmato,1
nāmāti,1
nāmapi,1
nānāvidhaṃ,1
mātari,1
mātaresu,1
mātare,1
mahātitthe,1
mahārājenapi,1
mahārājena,1
mahārājamhā,1
mahāparivāro,1
mahāparivārā,1
mahānadī,1
mahaṃ,1
mahāvihārā,1
mahākathānaṃ,1
mahādānaṃ,1
mahābhūtesu,1
mahābhūte,1
mahābhogā,1
mahabbhaye,1
maggo,1
maggā,1
madhurarasojāyo,1
mahaddhano,1
mahāvihāropi,1
mahīpati,1
majjhagato,1
mātaraṃ,1
manussatte,1
manussasseva,1
mānusaṃ,1
manoramaṃ,1
maññati,1
maññatha,1
maññanti,1
maññāhi,1
manesu,1
manena,1
mañcapīṭhādikaṃ,1
mānavo,1
manasāpana,1
manasaddo,1
manasā,1
manā,1
mana,1
mama,1
nattāraṃ,1
nattāre,1
nattāresu,1
nattari,1
paṇamāmi,1
paṇamāmahaṃ,1
paṇāma,1
paṇamā,1
pamuccati,1
pamāṇaṃ,1
pāliyantu,1
pāliyā,1
paṇamāmyahaṃ,1
pālehi,1
pakoṭisatasahassānaṃ,1
pakato,1
pakatiyā,1
pakataṃ,1
pakaraṇī,1
paje,1
pajā,1
pahūtaṃ,1
pālathe,1
pañcaabhibhavitāro,1
pañcabhūmiyo,1
pañcacittāni,1
pāpakammassa,1
pāpakammasmā,1
pāpakammaṃ,1
paññāyaṃ,1
paṇṇāsāyaṃ,1
paṇṇāsāya,1
paṇṇāsaṃ,1
paṇṇāsa,1
paññāsa,1
panettha,1
paṇḍitā,1
pañcavīsatimo,1
pañcasu,1
pañcapurisā,1
pañcamahābhūtāni,1
pañcamahābhūtā,1
pañcamahā,1
pañcakaññāyo,1
pañcadasakaññāyo,1
pahūtadhanadhaññāni,1
madhurarasojā,1
pahāya,1
padūṭṭhānaṃ,1
nivāraye,1
nissesaṃ,1
nisīdanti,1
niruttikāyodadhipāragaṃ,1
nirabbudaṃ,1
nirabbudā,1
ninnahutasatasahassānaṃ,1
nimittena,1
nīyati,1
nimittehi,1
nibbāpenti,1
neva,1
nayoekaṃ,1
nayadassināti,1
navasu,1
nāvāhi,1
natū,1
nattussa,1
nibbāpeti,1
nīyyanti,1
nīyyati,1
odanā,1
padumanti,1
padumaṃ,1
padato,1
padāni,1
padānetāni,1
padamañjarī,1
paccatte,1
pācāpīyate,1
pācāpito,1
pācāpeti,1
pācāpenti,1
pācāpayati,1
pācāpayanti,1
pabhāyo,1
pabhavantīti,1
pabbajitā,1
ovādi,1
oraso,1
okāranta,1
paduṭṭhassa,1
macchasamūho,1
macchakacchapādayo,1
mā,1
janānaṃ,1
janamhā,1
jambuyaṃ,1
jambusu,1
jambusaddo,1
jambuṃ,1
jambonadāni,1
jahitvāna,1
janānañca,1
itthiyāpi,1
itthiṃ,1
itthiliṅganāmānaṃ,1
ito,1
imissaṃ,1
imesānaṃ,1
imāsu,1
imasmā,1
imamhi,1
itthīpi,1
jānanti,1
janasmiṃ,1
jānāti,1
jinaṃ,1
jeṭṭho,1
jeṭṭhā,1
jāyati,1
jāyantīti,1
jāto,1
jaṭāhi,1
jantusu,1
jantusaddo,1
jantupete,1
jantunāriyamhā,1
jantunamariyānaṃ,1
jantūnaṃ,1
jantumpetaṃ,1
jantumhi,1
jantu,1
janesu,1
jānema,1
jane,1
imamhā,1
jinobravīti,1
īkārantapulliṅgo,1
ikārantanapuṃsakaliṅgo,1
guṇā,1
gotamaṃ,1
gosu,1
gosaddo,1
gonaṃ,1
gocaraṃ,1
ghaṭīyati,1
ghanāndhakāropi,1
guṇanāmāni,1
ghanāndhakārāpi,1
gāvuṃ,1
gavchante,1
gavaṃ,1
gāvā,1
garusmiṃ,1
garunaṃ,1
garuṇā,1
garumhi,1
gayhate,1
guṇavantamhā,1
guṇavantusaddo,1
guṇavattusaddo,1
īkāranta,1
ikāranta,1
īdisaṃ,1
idha,1
iddhipāṭihāriyāni,1
iddhi,1
hutvā,1
hitvā,1
hīṇā,1
himavatā,1
hetūhi,1
hārayati,1
harati,1
haranti,1
hantvā,1
haññati,1
haññanti,1
guṇo,1
guṇīyamānā,1
īkārantanapuṃsakaliṅgo,1
pāpuṇati,1
jīva,1
jīvatha,1
kumudaṃca,1
kulepi,1
kulasmiṃ,1
kuddhā,1
koṭisatasahassānaṃ,1
kohi,1
kodhassa,1
kocipasīdati,1
kumudañceva,1
kocimānavo,1
kittisaddo,1
kissaṃ,1
kibbisaṃ,1
khitaṃ,1
khettāni,1
khemaṃ,1
khattiyoti,1
khattiyakaññāsu,1
ko,1
kunnadī,1
yojitaṃ,1
kusalā,1
loke,1
lokavidū,1
lokanāthesu,1
lokanāthasmā,1
lokanāthaṃ,1
lokanātha,1
lobhanīyehi,1
lavaṇāni,1
lavaṇaṃ,1
laṅkā,1
lakkhanti,1
lakkhaṇaṃ,1
lakkhaṇā,1
lābhasakkārāni,1
lābhasakkāraṃ,1
kvannu,1
kuvaṃ,1
kusalākusalakammāni,1
kusalākusalakammaṃ,1
khattīyakaññaṃ,1
jīvantīti,1
khattiyakaññā,1
kesuddhānesu,1
kāretha,1
kāremi,1
kārema,1
kare,1
kārāpayiṃsu,1
kannu,1
kaññāsaddo,1
kaṃsi,1
kārīyate,1
kammaphalāni,1
kamhi,1
kambalaṃyācayati,1
kālo,1
kālaṃ,1
kāla,1
kaccāyane,1
jīvitāni,1
jīvitampi,1
kammameva,1
karīyato,1
kasmāca,1
kasmiṃ,1
kesu,1
kenāyaṃ,1
kenāsi,1
kehidaṃ,1
kecimaggaṃ,1
ke,1
kāyo,1
kayirā,1
kāyesu,1
kāyena,1
kāye,1
kāyasmā,1
kāyaṃci,1
kathānaṃ,1
kathaṃ,1
katā,1
kāsu,1
kassaṃ,1
kassakā,1
khattiya,1
yujjare,1
