ca,98
na,91
vuttaṃ,83
pana,79
hi,68
vā,60
attho,49
tathā,46
tasmā,41
hoti,39
eva,38
tattha,37
evaṃ,34
taṃ,32
viya,31
nāma,28
āha,28
saññā,27
yathā,23
so,22
tassa,22
katvā,21
ayaṃ,21
ettha,20
tasmiṃ,17
dasseti,17
saññāya,16
idaṃ,16
yasmā,16
adhippāyo,15
tena,15
iminā,15
tato,15
idha,14
vutto,13
bhagavā,13
attano,13
sambandho,12
dassetuṃ,12
attā,12
pāḷiyaṃ,12
idāni,12
kasmā,11
cettha,11
tenāha,11
daṭṭhabbaṃ,11
attāti,11
hotīti,10
vuccati,10
dassento,10
sā,10
dhammā,10
te,9
atthato,9
yo,9
nayo,9
paramatthato,8
ekaṃ,8
natthi,8
atha,8
attapaṭilābhoti,8
oḷāriko,8
yadi,8
manomayo,8
yojanā,8
kāraṇaṃ,8
vuttanti,8
vuttā,8
samaye,8
kho,8
attānaṃ,7
keci,7
pavattanato,7
upari,7
aññā,7
atthīti,7
tassā,7
jhānaṃ,7
vadanti,7
sabbaso,7
veditabbaṃ,7
pāṭho,7
yaṃ,7
aho,7
eko,7
gahetvā,7
sukho,6
pīti,6
puna,6
dissati,6
nirodho,6
dve,6
tasmāti,6
tatthāti,6
vadati,6
loke,6
matena,6
me,6
cāti,6
attapaṭilābho,6
dassanaṃ,6
katvāti,6
vacanaṃ,6
vuttanayena,6
bhavitabbaṃ,6
gacchati,6
bho,6
etthāti,6
yena,6
paccakkhato,6
heṭṭhā,6
tanti,5
tadubhayaṃ,5
adhunā,5
vihāroti,5
vinā,5
yasmiṃ,5
sikkhā,5
atthaṃ,5
sati,5
ekā,5
ayameva,5
sammuti,5
sarūpato,5
niṭṭhā,5
saṅkhyaṃ,5
nibbānaṃ,5
sandhāya,5
saññaggaṃ,5
uppajjati,5
sāmivacanaṃ,5
dhammānaṃ,5
ye,5
mokkho,5
mogho,5
paṭhamaṃ,5
veditabbo,5
vasena,5
sacco,4
siyā,4
nipāto,4
kiṃ,4
evāti,4
rūpī,4
nesaṃ,4
attapaṭilābhaṃ,4
etarahi,4
poṭṭhapāda,4
sammutiṃ,4
hutvā,4
attanā,4
puggalassa,4
sabbaṃ,4
purisassa,4
esa,4
nirodhaṃ,4
tesaṃ,4
bhagavato,4
nāmaṃ,4
ārāmo,4
jānanaṃ,4
vuttavādī,4
desanā,4
daṭṭhabbo,4
upādāya,4
kathaṃ,4
paribbājako,4
bhagavatā,4
parehi,4
yā,4
kadāci,4
kathetīti,4
tehi,4
abhāvato,4
iti,4
pāmojjaṃ,4
tadā,4
kāmaṃ,4
imamatthaṃ,4
tadayuttaṃ,4
kathā,4
tāva,4
imassa,4
nanu,4
añño,4
tassāti,4
ime,4
ācariyena,4
paṭijānāti,4
paṭipadā,4
kā,4
sabbabuddhānaṃ,3
pagoti,3
paccavekkhati,3
karoti,3
kāraṇena,3
sabbatthāti,3
nirodhato,3
sabbepi,3
oḷārikaṃ,3
kataṃ,3
apica,3
aparāparaṃ,3
panātiādimāha,3
parato,3
nivattati,3
nirujjhatīti,3
imaṃ,3
yutto,3
imasmiṃ,3
imesaṃ,3
paṭhamajjhāne,3
passanti,3
pārupitvā,3
jānaṃ,3
pucchitvā,3
kathitā,3
jetassa,3
paribbājakaparisāya,3
pavattatīti,3
paramattho,3
kāmacāro,3
paññattā,3
paññapenti,3
panettha,3
paṇḍitehi,3
aññattha,3
yvāyaṃ,3
aṅgato,3
codanaṃ,3
vadanto,3
dassanatthaṃ,3
dassetīti,3
dassitā,3
uppādanirodhaṃ,3
ayamattho,3
dassitāni,3
tiṇṇaṃ,3
vattabbataṃ,3
naṃ,3
ādisaddena,3
ādito,3
nāmāti,3
tatrāpīti,3
nānattaṃ,3
dhammesu,3
heṭṭhimajhānesu,3
ñāṇena,3
tasseva,3
desanāya,3
nanti,3
vattabbe,3
vibhāvetuṃ,3
yojetabbaṃ,3
abhāvā,3
bhavissatīti,3
yāva,3
yāthāvato,3
bhāvo,3
bhikkhuno,3
yadaggena,3
loko,3
veditabboti,3
vuṭṭhānaṃ,3
voharati,3
voharanti,3
viyāti,3
labbhati,3
buddhānaṃ,3
arūpī,3
maññati,3
ce,3
labbhanato,3
laddhiṃ,3
dujjānaṃ,3
tathāpi,3
etāyāti,3
tadevatthaṃ,3
saṅketavacanassa,3
etena,3
appāṭihīrakaṃ,3
atthassa,3
sammutikathaṃ,3
sammasanaṃ,3
sambhavati,3
evañca,3
etassa,3
evañhi,3
gahaṇaṃ,3
gahito,3
gatā,3
aṭṭhakathāsu,3
nirodhā,3
saha,3
saddo,3
saccanti,3
saccāni,3
gacchatīti,3
atthi,3
no,3
saññagganti,3
tadeva,3
duvidho,3
tadaggena,3
tā,3
dvidhā,3
sukhumabhāvena,3
dvikkhattuṃ,3
sugatoti,3
nayena,3
soti,3
saññāñāṇāni,3
nūna,3
eseva,3
sassataṃ,3
saññāti,3
khoti,2
koci,2
kevalaṃ,2
khīraṃ,2
ko,2
kotūhalasālāyaṃ,2
laddhuṃ,2
kathitāti,2
kiñcideva,2
kathanaṃ,2
khotiādimāhāti,2
kiñci,2
katthaci,2
kathāti,2
kirātiādi,2
kathite,2
evamāhāti,2
kasmāti,2
dvinnaṃ,2
duve,2
dose,2
dosaṃ,2
disvāti,2
dhamme,2
dhammāti,2
dhammataṃ,2
devatānaṃ,2
desanāvilāsena,2
desanaṃ,2
dassitaṃ,2
dassetvā,2
cīvaraṃ,2
citto,2
cittavāre,2
cittacetasikānaṃ,2
cintetvā,2
ceva,2
cetetīti,2
cete,2
cetaṃ,2
cattāropi,2
cātiādi,2
cassā,2
buddhā,2
bhūto,2
bhikkhūti,2
bhikkhū,2
ekaṃsikāti,2
kate,2
ekantikā,2
etaṃ,2
karaṇavacanaṃ,2
kāraṇadassanaṃ,2
karaṇabhūtenāti,2
kārako,2
kāmañcettha,2
jhānānaṃ,2
jāyatīti,2
jātoti,2
itarā,2
imasmiṃyeva,2
idhāpi,2
idañca,2
idampi,2
icchati,2
hutvāti,2
honti,2
hetvatthe,2
hetumhi,2
hetuṃ,2
hetubhāvo,2
heṭṭhimā,2
hesa,2
gotamo,2
gāthā,2
gahitattā,2
evametanti,2
etthāpi,2
etenāti,2
etasmiṃ,2
esāti,2
lokasamaññaṃ,2
paramatthassa,2
lokiyānanti,2
sarīrasaṇṭhānādīnīti,2
sāsane,2
satthu,2
sāvatthiyanti,2
sikkhāti,2
sopi,2
sukhaṃ,2
sundaraṃ,2
sūpapannaṃ,2
tadatthaṃ,2
tadubhayameva,2
taduttari,2
tamatthaṃ,2
tasmiṃyeva,2
tathāgato,2
tathārūpāya,2
tatheva,2
tatra,2
tava,2
tenāpi,2
tenāti,2
sappaccayā,2
tesampi,2
santi,2
saññī,2
samayaṃ,2
samayanti,2
samayetiādinā,2
sambujjhanatthāyāti,2
sammadeva,2
sammutikathā,2
sampajānantassāti,2
saṃsayo,2
samugghāṭitattā,2
saṃvidahati,2
saṅgahetvā,2
saṅgaho,2
sañjānanalakkhaṇena,2
saṅketavacanaṃ,2
saṅkhārānaṃ,2
saṅkhepato,2
saññābhūtaṃ,2
saññaggabhāvo,2
saññānirodhaṃ,2
saññānirodhamāha,2
saññāyeva,2
sannitodakenāti,2
tesu,2
ṭhāne,2
thero,2
vibhāveti,2
vihāraṃ,2
viharissatīti,2
vijjamāno,2
vipassanaṃ,2
vippakatāti,2
vipulabhāvena,2
viruddhattā,2
visesanaṃ,2
viseso,2
visesoti,2
vuttanayeneva,2
vuṭṭhānañca,2
vuṭṭhāya,2
yaṃnūnāti,2
yassa,2
yathārahaṃ,2
yathāti,2
yato,2
yatoti,2
yebhuyyena,2
veneyyajjhāsayānurūpaṃ,2
vedikānaṃ,2
vedavādino,2
vatvā,2
ṭhitattā,2
titthāyatane,2
tumhākaṃ,2
uddhaṭanti,2
uggantvā,2
upalabbhanato,2
uparijhānatthāya,2
uparimānaṃ,2
upasaggamattaṃ,2
uppajjantipi,2
samāso,2
uppattiyā,2
vacanasāmaññamattaṃ,2
vacanena,2
vācāya,2
vācāyāti,2
vādepi,2
vakkhati,2
vāmaṃsaṃ,2
vāti,2
vaṭṭassa,2
vaṭṭatīti,2
vacanapatodakenāti,2
samāpattiṃ,2
samāpajjanto,2
samāpajjanavasena,2
niyyānikaṃ,2
niyyāti,2
niyyātīti,2
nūnāti,2
oḷārikāti,2
pabbajitā,2
paccāgacchatoti,2
paccagghanti,2
paccaggheti,2
paccattavacanaṃ,2
paccavekkhaṇañāṇanti,2
pakappento,2
panāti,2
panesa,2
paññākkhandhe,2
paññattiṃ,2
paramatthabhāvena,2
paramatthakathā,2
paramatthakathāti,2
bhavissati,2
paramatthavacanaṃ,2
niyyānikā,2
nivattatīti,2
niṭṭhāti,2
niṭṭhaṃ,2
maggaṃ,2
maggena,2
mahagghaṃ,2
manomayaṃ,2
musā,2
musāvādo,2
nābhisaṅkharotīti,2
naggo,2
nāmamattameva,2
natthīti,2
parikappetvā,2
nevasaññānāsaññāyatanaṃ,2
nibbānanti,2
nīharitvā,2
nirodhakathāya,2
nirodhapadena,2
nirodhassa,2
nirodhena,2
nirodheti,2
nirujjhantīti,2
nirujjheyyuṃ,2
nissāya,2
nevasaññānāsaññāyatanasamāpatti,2
lokassa,2
paripuṇṇā,2
pariyosāpanaṃ,2
rūpādike,2
rūpaṃ,2
rūpībhāvato,2
sabbavāresu,2
sabbe,2
sabbena,2
sabbesaṃ,2
sabhāvadhammānaṃ,2
sabhāvato,2
sabhāvo,2
saccabhāve,2
saccaṃ,2
saddavidū,2
saddhiṃ,2
sahacaraṇañāyena,2
sahetū,2
sahetuko,2
sakiṃ,2
sālā,2
samaṇo,2
samantato,2
rūpādayo,2
puttoti,2
punappunaṃ,2
pubbepi,2
pariyosāpesi,2
paṭhamajjhānena,2
paṭhanti,2
pāṭihīrakanti,2
paṭijānātīti,2
paṭikkhittāti,2
paṭipanno,2
paṭipattiyā,2
patiṭṭhāpetīti,2
pattaṃ,2
pariyāyo,2
pattharatīti,2
patto,2
patvā,2
payojanaṃ,2
phalasamāpatti,2
phoṭo,2
pītivevacanameva,2
pitugharaṃ,2
poṭṭhapādo,2
pubbābhogābhāvato,2
pubbe,2
paṭṭhāya,2
bhaveyya,2
nirujjhantipīti,2
ayampi,2
akkhāsīti,2
assāti,2
attātiādinā,2
acchariyaṃ,2
abhisaṅkharotīti,2
ākiñcaññāyatanasaññāhi,2
aparāparanti,2
ākiñcaññāyatanasaññā,2
appavattiyeva,2
acelako,2
aññatra,2
anāmasitvā,2
ācikkhaṇaṃ,2
aniccā,2
ākiñcaññāyatanaṃ,2
aṅgatova,2
aṅgatoti,2
aṭṭhakathāto,2
aparo,2
akkhātā,2
abhijānanāyāti,2
aniyyānikanti,2
aññasmiṃ,2
atippagabhāvameva,2
āditova,2
atidisati,2
atītasamaye,2
aviparīto,2
āgatā,2
ārammaṇe,2
āgataṃ,2
anussaraṇatthe,2
atīto,2
āgate,2
amanasikaritvā,2
ato,2
anāgatā,2
ācariyeneva,2
avijjamānattā,2
apacitiṃ,2
agganti,2
aggattāti,2
anuppādo,2
arūpiṃ,2
atippago,2
api,2
atthena,2
aṭṭhārasahiraññakoṭīheva,2
arūpo,2
adhippetattā,2
adhippāyaṃ,2
asamuppannakāmacārasseva,2
bhagavāti,2
atthoti,2
anuddhaṭattā,2
akathetvā,2
bhagavati,2
samanujānanaṃ,1
saṃsayavasena,1
anāgatameva,1
samudayabhāvena,1
samucchede,1
samudāyattho,1
samānopi,1
samugghāṭaṃ,1
samāno,1
anatikkamanatoti,1
saṃsayapatirūpakaparidīpanova,1
saṃsayānubandhattāti,1
saṃsayaparidīpaneti,1
saṃsāre,1
saṃsāravaṭṭe,1
saṃsanditvāti,1
samanujānanamattakāni,1
saṃsanditvā,1
saṃsanditunti,1
saṃsandati,1
sampiṇḍeti,1
sampiṇḍanattho,1
sampayuttadhammānaṃ,1
sampattāti,1
sampaṭicchanattho,1
sampajjatīti,1
saṃsayaparidīpano,1
samugghāṭitepi,1
samūhaghanañca,1
samūhaghanena,1
saṃvattanako,1
samānatthanti,1
saṃvattantītiādisuttapadehi,1
samānattā,1
anāgāmiphaluppattiyā,1
sañcayādiparibbājakānaṃ,1
anāgāmimaggena,1
sandhāyāha,1
samaṇabrāhmaṇātiādinā,1
saṅgahaṃ,1
samādhisīsena,1
anāgāmī,1
saṅgahetvāti,1
saṅgahitāti,1
saṅgahitattāti,1
samānetuṃ,1
samugghāṭīyati,1
saṃvarasamādāne,1
saṃvaṇṇitaṃ,1
samūhato,1
anattā,1
sāmaññaniddeso,1
samuṭṭhāpetvā,1
saṃvaḍḍhitattā,1
saṃvaṇṇanāpadaṃ,1
saṃvaṇṇanokāsānuppattito,1
saṃvaṇṇanokāsassa,1
samaññāmattameva,1
saṃvaṇṇento,1
samaññaṃ,1
saṃvaṇṇetabbā,1
saṃvaṇṇetvā,1
samannāhāre,1
samannāgamo,1
saṃvaṇṇitoti,1
samāpattivasena,1
anāgatānañcevapaccuppannānañca,1
sampajānakārino,1
anaññasādhāraṇadesanattā,1
samāpannajjhānasaññampi,1
sambandhe,1
samāpannā,1
anaññaparibhogatāya,1
samāpajjitvā,1
sambhārabhāvena,1
anaṅgaṇasuttaṭīkāyaṃ,1
sambhavatīti,1
samāpajjitabbampi,1
anāthapiṇḍikena,1
sambodhanatthāyāti,1
ānandoti,1
sametīti,1
sāmiatthe,1
samayeti,1
samīpatthe,1
anantamānasoti,1
ānantariyadīpanatthaṃ,1
samāpattiyā,1
samāpattiyo,1
samariyādavacanaṃ,1
samāsabyāsavasena,1
samāpattipade,1
samāsasambhavato,1
samāsavasenapi,1
anāpucchā,1
samatale,1
samāpattinti,1
samathavipassanā,1
samāpattīnaṃ,1
samatikkantampi,1
anāthānaṃ,1
samatthitaṃ,1
anantarikaṃ,1
sampajānapadaṃ,1
ānando,1
saṃkilesikā,1
samāpajjanādhiṭṭhānaṃ,1
sammutikathākathanaṃ,1
samāpajjāmīti,1
anāgato,1
samanujānanamattakānīti,1
sammutikathāpubbikā,1
sammutikathāva,1
anāgatapaccuppannānanti,1
sammutimanuvattati,1
sammutimukheneva,1
sammutiparamatthadhammānaṃ,1
sammutisaccaṃ,1
sammutīti,1
sammutiyā,1
sampādetvā,1
anāgatoti,1
saṃkilesassa,1
sammutidhammo,1
anālayassa,1
saṃkilesikavodāniyadhammānaṃ,1
sammā,1
ānandamayo,1
sammādiṭṭhi,1
sammādiṭṭhisammāsaṅkappavasena,1
anāthapiṇḍiko,1
samāpajjanaṭṭhānaṃ,1
samāpajjanako,1
samāpajjanākāroti,1
sammasananti,1
samāpajjanakāraṇaṃ,1
sammasanassa,1
sammasanavasena,1
sammāsaṅkappo,1
anādikālabhāvitabhāvena,1
sammutibhāvena,1
sammasituṃ,1
bhavaggā,1
saṅgītassa,1
sattoti,1
sattotiādinā,1
sauttarañhi,1
sauttarattā,1
sauttaravacanaṃ,1
sāvake,1
sāvatthiṃ,1
akiccakārikā,1
savisesaṃ,1
sayaṃ,1
sayampi,1
selamayapattanti,1
senāsanaṃ,1
sesajhānampi,1
sesakasiṇesūti,1
sesakiriyāpekkhāya,1
sesaṃ,1
satto,1
satthuno,1
satthā,1
sattassātiādīsu,1
sarūpaviseso,1
sāsanabrahmacariye,1
ākiñcaññāyatanasamāpatti,1
sassataggāhassa,1
ākiñcaññāyatanaparamāya,1
sassato,1
sassatoti,1
sassedanti,1
sesapadesupi,1
satamattehi,1
ākiñcaññāyatanameva,1
sāti,1
satipi,1
sātisayassa,1
sātisayāya,1
sato,1
sattā,1
sattamavāramiva,1
satasahassaṃ,1
ākiñcaññāyatanasamāpattiyantiādi,1
sese,1
seṭṭhanti,1
sodhento,1
sodhetuṃ,1
soḷasavidhā,1
soṇadaṇḍena,1
ākārena,1
sopīti,1
sotena,1
ākārattho,1
sotiādi,1
subhakiṇhā,1
subhāsitātiādi,1
subhāvite,1
suciṇṇavasībhāvo,1
sudatto,1
suddha,1
ākāranti,1
sukāraṇanti,1
ākāsakasiṇaparikammaṃ,1
siyāti,1
sīsacchinnatādidassanena,1
sīsacchinnatādi,1
siddhaṃ,1
siddhe,1
siddho,1
sijjhanato,1
sikhāppattā,1
akiccakārakatā,1
sikkhākoṭṭhāsaṃ,1
sikkhāpadanti,1
seṭṭhaṃ,1
sikkhāpesītiādi,1
sikkhatīti,1
sikkhattayasaṅgahite,1
sikkhattayasaṅkhātassātiādi,1
sikkhāya,1
sīlavā,1
sīlavantassa,1
siṅgārabhāvajā,1
sirisayane,1
akiccakārakasamāpattito,1
saṅgaṇhāti,1
sāroti,1
sarasavaseneva,1
amataṃ,1
amanasikātabbato,1
amanasikaritvāti,1
saññaggāni,1
saññaggānīti,1
amanasikārasāmaññena,1
saññagge,1
saññaṃ,1
saññamanavasena,1
saññāmayaṃ,1
ālapanavacanaṃ,1
saññāñāṇuppattiṃ,1
aladdhāsevanā,1
alabhanto,1
saññānirodhaphusanassa,1
saññānirodhe,1
saññāpakaḍḍhanavasena,1
saṅkhyāvācī,1
saṅkhyāpi,1
āmeḍitavacanaṃ,1
amhākaṃ,1
saṇhabhāvena,1
saṇhasukhuma,1
saṇhasukhumaparamagambhīradhammatā,1
saṇhasukhumatā,1
anadhiṭṭhitakāle,1
sañjānanavasena,1
sañjhāpabhānurañjitameghasaṅkāsanti,1
anadhippetattā,1
saññāpaṭilābhaṃ,1
samādhicariyāti,1
anādare,1
saṅkhā,1
saṅkhārā,1
amusāvāti,1
saṅkhārāvasesabhāvappattiyā,1
saṅkhatā,1
saṅkhātasaddo,1
saṅkhāyati,1
saṅketavacananti,1
sāreti,1
saññāpatiṭṭhānakāleti,1
saññāsahagatā,1
santatighanena,1
santavuttitāya,1
santepi,1
saṇṭhānasampattiṃ,1
saṇṭhapanañcettha,1
saṇṭhapesīti,1
ākiñcaññāyatanasaññāti,1
santīti,1
sāpekkhatāya,1
sappaccayāti,1
sappāṭihīrakanti,1
sappāṭihīrakatanti,1
sārambhamakkhaissādimalavisodhanato,1
saraṇagamanādivasena,1
saraṇaṃ,1
saraṇamiti,1
sārarahitā,1
santatighanaṃ,1
santapaṇītatāya,1
santapaṇītāni,1
santapaṇītāneva,1
saññāsaṅkhātaṃ,1
saññāsīsenāyaṃ,1
saññāsu,1
akusalacittuppādā,1
saññātoti,1
saññāvaseneva,1
saññavāti,1
saññāvedanāsīsena,1
saññāsabhāvato,1
saññāvedayitanirodhanti,1
akkhāsītiādi,1
sannipatitesu,1
sannitodakaṃ,1
ākiñcaññāyatanato,1
sannitodanakiriyāya,1
saññupakaḍḍhanavasena,1
saññuppattiṃ,1
santāpanato,1
saññāyāti,1
samādhi,1
sajjhabbharitanti,1
saṃ,1
pavesanasadisanti,1
pavesetvā,1
paviseyyātiādīsu,1
pavisitvā,1
payogaṃ,1
aññathāyeva,1
payojetvā,1
payojetvāti,1
pesesi,1
phalameva,1
phalañca,1
phalapaccavekkhaṇañāṇanti,1
phalapaccavekkhaṇāya,1
phalasacchikiriyāti,1
phalasamādhisaññā,1
phalasamādhisaññāpaccayāti,1
aññatarissaṃ,1
paveditavimuttimaggassa,1
paveditā,1
pavattopi,1
pavattinimittena,1
pavadantīti,1
pavāresīti,1
pavattā,1
pavattadoso,1
pavattamānaṃ,1
aññāti,1
pavattanatoti,1
pavattanaṭṭhena,1
phalasamāpattivīthiyaṃ,1
pavattanavasena,1
pavattaparivitakko,1
pavattasamaññaṃ,1
pavattasaññāya,1
pavattassāti,1
aññathāyevāti,1
pavattāya,1
pavattento,1
pavattiākāraṃ,1
pavattanti,1
paṭusaññākiccābhāvavacanato,1
phalasamāpattiyo,1
phalassādhigamavasena,1
piyasamudācārāti,1
poṅkhānupoṅkha,1
porāṇo,1
posoti,1
annamayo,1
poṭṭhapādaṃ,1
poṭṭhapādassevāyaṃ,1
poṭṭhapādasuttabhāvaṃ,1
poṭṭhapādasuttaṃ,1
poṭṭhapādasuttanti,1
poṭṭhapādasuttavaṇṇanāya,1
poṭṭhapādāti,1
poṭṭhapādātiādimavoca,1
poṭṭhapādena,1
aññamaññaviruddhena,1
poṭṭhoti,1
pubbabhāgabhūtaṃ,1
piyasamudācārassa,1
piyālāpā,1
pitugharassa,1
pitugharaputtagharaṭṭhāniyānaṃ,1
phale,1
phalehi,1
phalūpacārena,1
phassādayopīti,1
phassotiādinā,1
phusanaṃ,1
phusatīti,1
phusatītiādi,1
phalassa,1
piṇḍassa,1
aññasabhāvo,1
pītīnaṃ,1
pītisukhānaṃ,1
pītisukhāni,1
pītīti,1
aññapariyāyo,1
pitugehaṃ,1
annapānopaṭṭhānatañcassa,1
piṇḍatthaṃ,1
pubbabhāge,1
paṭusaññābhāvato,1
aññattaṃ,1
paṭiggaṇhanti,1
paṭiharaṇaṃ,1
paṭiharaṇamaggassa,1
paṭiharaṇavirahitanti,1
paṭihāriyaṃ,1
pāṭihāriyaṃ,1
pāṭihāriyamevettha,1
paṭiharīyati,1
antaravāsakaṃ,1
paṭijānanaṃ,1
antarantarā,1
antadvayaṃ,1
paṭijānitvā,1
paṭikkhepakāraṇavacanaṃ,1
paṭikkhipitvā,1
paṭikkhittā,1
anotaritvā,1
paṭicca,1
paṭibhāgakiriyanti,1
paṭibhāgabhūtaṃ,1
pati,1
paṭhamajjhānaṃ,1
paṭhamajjhānasamaṅgino,1
paṭhamajjhānasaññāya,1
paṭhamajjhānatappaṭipakkhasaññāvasena,1
antogadhāvadhāraṇaṃ,1
antiyoti,1
paṭhamajjhānepi,1
paṭhamajjhānikādikā,1
paṭilabhatīti,1
paṭhamajjhānikāti,1
paṭhamanaye,1
paṭhamanayo,1
paṭhamavādiṃ,1
paṭhamena,1
antarikaṃ,1
pathavīkasiṇādīsūtiādinā,1
pathavīkasiṇena,1
antare,1
anteti,1
paṭukiccakaraṇasamatthāpi,1
paṭiladdhamatte,1
paṭiniyatavatthukā,1
pātoatthaṃ,1
patodakenāti,1
pātopadamiva,1
pātoti,1
pattā,1
pattabhāvaṃ,1
aññena,1
pattharaṇavasena,1
aññāva,1
pattharitvāti,1
patthaṭamiva,1
patthaṭavasenāti,1
aññatthātiādi,1
patthayamānoti,1
patthayanahetu,1
patthetīti,1
paṭṭhitagāvoti,1
paṭivijjhituṃ,1
paṭivedhatthāya,1
patiṭṭhāti,1
patiṭṭhāpetvāti,1
paṭiññātaṃ,1
aññesampi,1
paṭipadāni,1
paṭipādeti,1
paṭipajjitabbāti,1
paṭipakkhadhammānaṃ,1
paṭipakkhaharaṇato,1
paṭipannataṃ,1
paṭiladdhīti,1
aññesaṃ,1
aññepi,1
paṭipattiyāti,1
paṭippassaddhi,1
paṭipucchitvāti,1
pātipuṇṇaṃ,1
patiṭṭhahati,1
patiṭṭhaṃ,1
aññenevāti,1
paṭipannoti,1
pubbābhisaṅkhārabalena,1
aññamaññavidhure,1
pubbābhogavasena,1
sabhāvadhammassa,1
sabhāvaṃ,1
sabhāvamevāti,1
aṅgavasena,1
sabhikkhukaṃ,1
saccā,1
saccabhāvato,1
saccādibhāve,1
saccamevāti,1
aṅganaṃ,1
aṅgaṃ,1
saccasabhāvā,1
saccasabhāvaṃ,1
saccasampaṭivedho,1
saccassa,1
ānetvā,1
sacetiādimāha,1
sabhāvadhammāpi,1
aniccādikathāpi,1
sabhāvadhammā,1
sabbopi,1
sabbapāṭihārikapaññāya,1
sabbāpi,1
sabbappakārena,1
sabbasaṅgāhikabhāvato,1
aniyyānikā,1
sabbassa,1
sabbassāpi,1
sabbattha,1
saddaggahaṇuttarakālaṃ,1
sabbatthapīti,1
ānītāti,1
sabbavihāresūtiādi,1
ānisaṃsakathāya,1
anirujjhanakaṃ,1
anicco,1
aniccatādi,1
sabbesupi,1
sabbo,1
anīyasaddo,1
sabbaññutaññāṇaṃ,1
saddaṃ,1
anena,1
sahetukaṃ,1
anavaṭṭhitacittā,1
sahetukoti,1
sahetusapaccayatādassanatthaṃ,1
sajjhabbharitamakaṃsūti,1
akāraṇabhāvapaṭikkhepaparattā,1
sakalajambudīpe,1
sakaṃ,1
sakasaññā,1
sakasaññitāggahaṇena,1
sakasaññīti,1
anavajjadhammānaṃ,1
sakka,1
sakkoti,1
anattāti,1
sālāyaṃ,1
sālayasseva,1
andhabālakathāsadisī,1
sahāyako,1
sahajātādipaccayabhāvo,1
anekadhā,1
saddavidūnaṃ,1
saddena,1
anekākāravokāraṃ,1
saddhoti,1
anekākārānavasesañeyyatthavibhāgato,1
sādhakaṃ,1
sādhakatamabhāvato,1
sādhakatamabhāvo,1
saddaniruttiyā,1
sādhāraṇo,1
sādheti,1
sādhetuṃ,1
sādhippāyaṃ,1
sādhu,1
sādhuvilāsiniyā,1
sadisakappanāvasena,1
sadisattāti,1
anekakaraṇāpi,1
sādhenti,1
sabbaññupavāraṇaṃ,1
sabbaññunāti,1
sabbaññubuddhaṃ,1
puññañāṇasambhāro,1
puññapāpaṃ,1
pupphaphalapallavādiguṇasampattiyā,1
purimañcettha,1
purimasaññānirodhanti,1
purimāti,1
purimavāde,1
purimavādino,1
purimoti,1
purimoyeva,1
purisā,1
aṅkurādīnaṃ,1
purisena,1
puriso,1
puthūti,1
puthuvacanavasenāti,1
puthuvacanavipariyāyoti,1
punaruttibhāvato,1
aññadatthu,1
aññadeva,1
pūjaṃ,1
pubbābhogo,1
aññamaññasmiṃ,1
pubbenivāsadīpanatthaṃ,1
aññaṃ,1
pucchāmīti,1
pucchanto,1
pucchati,1
pucchāti,1
puttagehaṃ,1
pucchāvasenāti,1
aññākāreneva,1
pucchiyamānaṃ,1
puggala,1
puggalajjhāsayavasena,1
puggalaṃ,1
puggalapaññattiādayo,1
aññadevāti,1
puggalo,1
puccheyyuṃ,1
puttagehameva,1
puttagharācikkhaṇenāti,1
puttagharassa,1
aniyyānikaṃ,1
rūpāvacaracatutthajjhānasamāpattiṃ,1
rūpavedanādayo,1
aniyyānikabhāvo,1
aniyyānikabhāvaṃ,1
rūpībhāvena,1
aniyyānikabhāvadassanatthanti,1
aniyyānikabhāvadassananti,1
rūpaloke,1
sabbadā,1
sabbakālaṃ,1
sabbākārenāti,1
aniyyānikabhāvadassanakāraṇāti,1
sabbametaṃ,1
sabbametanti,1
sabbampi,1
sabbampīti,1
sabbaṅgapaccaṅgī,1
sabbadisāsu,1
samacittasuttavaṇṇanādīsupi,1
rūpādikhandhasamūhaṃ,1
rūpadhammānañca,1
puttagharasseva,1
puttagharato,1
aṅkurādinā,1
rāgo,1
rājakathādikā,1
rājakumāro,1
rajanena,1
ramanti,1
rūpādidhammānaṃ,1
rametīti,1
rattameghavaṇṇaṃ,1
rocanaṃ,1
ropitattā,1
ruccate,1
ruciaññathāyevātiādi,1
rucivasena,1
rūpabhavaṃ,1
aniyyānikatā,1
rattaṃ,1
sukhamicceva,1
supitvā,1
sukhavihārassa,1
vibhāvanatthoti,1
vibhāvento,1
vibhāvessatīti,1
ācariyo,1
vibhāvetvā,1
vicāraṇavaseneva,1
viddhaṃsanato,1
viddhaṃsessatīti,1
vigatasaññibhāvaṃ,1
ācariyassa,1
vihāramahaṃ,1
viharaṇahetu,1
viharantassa,1
vihārato,1
viharatoti,1
vihāre,1
ācariyasaññāyāti,1
vibhatyantadassanaṃ,1
vihāro,1
vibhattivasena,1
vibhattaṃ,1
veneyyasattapariggaṇhanatthaṃ,1
veneyyasatte,1
veneyyavasena,1
vepullaṃ,1
vesasaṃvidhānaṃ,1
veti,1
vevacanaṃ,1
vevacanameva,1
vibbhamanavāro,1
vibbhamane,1
vibbhami,1
vibbhamīti,1
vibbhamitvā,1
vibhāgaṃ,1
vibhāgassa,1
vibhāgena,1
vibhajja,1
vibhattāvadhiatthe,1
ācariyamati,1
vijānituṃ,1
vijjamānanti,1
viññāṇamayoti,1
viññāyati,1
viññāyatīti,1
viparivattīyati,1
vipariyāyo,1
vipassanācittaparidamanādīnaṃ,1
ācariyabhāvo,1
vipassanāmaggavasena,1
vipassanāpādakabhāvena,1
vipassanāpādakameva,1
vipassanāpubbakā,1
ācārasikkhāpanaṃ,1
abhūto,1
virahattho,1
virahitanti,1
abhūtaparikappitaṃ,1
visākha,1
vinivaṭṭetvāti,1
vinivattetvā,1
vinibhujja,1
vineyyapuggalavasena,1
vijjamānatāya,1
ācariyako,1
vijjati,1
vijjhanaṃ,1
vijjhiṃsūti,1
vikappānaṃ,1
vikkhambhanavasena,1
vilāso,1
veneyyānamanabhisambujjhanavasena,1
vīmaṃsīyatīti,1
ācariyakaṃ,1
vinayanatthanti,1
vinayanatthāya,1
vinayo,1
vindanaṃ,1
vindanto,1
vindati,1
vineyyadammakusalassa,1
vimutti,1
veneyyānaṃ,1
veneyyajjhāsayavasena,1
accantanirodhassa,1
adhi,1
vādepīti,1
vādīsu,1
vakkhamānāya,1
ādāya,1
vākyaṃ,1
adadamappiyotiādīsu,1
vāmaṃsavarappavattaṃ,1
vanaṃ,1
vanapattā,1
vanasūkaramapaneti,1
vañcito,1
vaneti,1
vaṅgīsasuttavaṇṇanāyaṃ,1
vaṇṇanā],1
vaṇṇasampattiṃ,1
vaṇṇayanti,1
vādena,1
vāde,1
vaḍḍhentassa,1
vadatīti,1
vacanapatho,1
adhippetakiccassa,1
vacanasesāpekkhā,1
vacanato,1
vacane,1
adhippāyadassanaṃ,1
vācāsiliṭṭhatāmattaṃ,1
adhipaññāsikkhā,1
vāre,1
adhikatattā,1
vadāma,1
vadāmāti,1
vadantānaṃ,1
adhigateti,1
vadantīti,1
adhigatajhānaṃ,1
vadataṃ,1
adhicittasikkhāya,1
vādadvaye,1
visaṃvādanābhāvato,1
vāreti,1
varoti,1
vatthacchāyāchādanapabbajjūpagatattā,1
vatthaṃ,1
acchariyavibhāvanato,1
vatvāti,1
vavatthapitā,1
vāyokasiṇaparikammaṃ,1
vedako,1
vedānamatthasaṃvaṇṇanako,1
acchariyatthopi,1
veditabbā,1
acchannaparibbājakopi,1
acchannaparibbājako,1
accantasukhumagambhīraṃ,1
vekhanasāditāpasānaṃ,1
velaṃ,1
venayikoti,1
veneyyabhāveneva,1
vaṭṭato,1
acchariye,1
vaṭṭati,1
vattati,1
vāsanābhāgiyāya,1
ācikkhaṇenapi,1
vasīkaraṇaṃ,1
vatāti,1
vātiādimāha,1
vattabbaṃ,1
vattabbameva,1
acetanova,1
varo,1
acetanatātiādidosappasaṅgo,1
vaṭṭadukkhassa,1
vaṭṭakathāya,1
vattamānuppannatāvasena,1
vaṭṭanato,1
vaṭṭantīti,1
vaṭṭantogadhabhāvatoti,1
vaṭṭantogadhattā,1
vaṭṭasambandhanato,1
vaṭṭadukkhapariyosānaṃ,1
visaññī,1
visaññibhāvāpādanappayogaṃ,1
visayaṃ,1
yaṃnūna,1
abhinavaṃ,1
yaṃtaṃsaddā,1
yānena,1
abhimukhaṃ,1
yasmātiādi,1
yasmātiādimāha,1
abhijānanatthāya,1
yassā,1
abhidhammiko,1
yathābhūtasabhāvaṃ,1
yathābhūtasabhāvo,1
yathādhigatadhammānussaraṇapakkhiyā,1
yathānupubbaṃ,1
yathāpadamanupubbiṭhapanepi,1
yathāpaññattāti,1
yathāparicchinnakālaṃ,1
abhinavatāya,1
yakkhadāsīnanti,1
yakārassa,1
yakāraṃ,1
vuṭṭhānampijhāne,1
abhiññāpaññāvasena,1
vuṭṭhānanti,1
vuṭṭhānasamayaṃ,1
abhinivissa,1
vuṭṭhitāti,1
abhinivisanaṃ,1
vuttova,1
yathāparicchinnakālanti,1
abhinivesātidhāvanāni,1
yācantassāti,1
abhinavuggatasūriyātape,1
abhinave,1
yādisena,1
yāhītiādi,1
yajjetaṃ,1
yajjevaṃ,1
yakāralopo,1
yācaṃ,1
abhiññāsambodhanibbānāsaṃvattanañca,1
yathāparicchinnakālavasena,1
yathāpāṭhamatthaṃ,1
abhāvatoti,1
abhāvāti,1
ābhato,1
yenākārena,1
yenesa,1
ābhassarā,1
yogavatiyotipi,1
yoginiyotipi,1
abbhuṇhe,1
yojanaṃ,1
yojanāya,1
abbhantare,1
yoti,1
yotiādi,1
yugandharapabbataṃ,1
yuñjanaṃ,1
yuttapayuttatāti,1
abhāvena,1
yatthāti,1
abhavissātiādimhi,1
yatonena,1
yathāpāṭhameva,1
yathāpucchitassa,1
ābhidhammikā,1
yathārutapāṭhoti,1
abhibhūtattāti,1
yathāvākyaṃ,1
abhi,1
yathāvuttadosassa,1
yathāpāṭhaṃ,1
yathāvuttaghanavinibbhogābhāvato,1
yathāvuttaparicchedabbhantare,1
yathāvuttapaṭipāṭiyā,1
yathāvuttavacanassa,1
yathāvuttāya,1
yathāvutte,1
yathāyuttavibhattiyāva,1
yatheva,1
abhedato,1
yathāvuttaguṇasampattiyā,1
vacanapathamattakānīti,1
vuṭṭhahanto,1
vuttāya,1
vitthāretukamyatāpucchāvasenāti,1
vitthāretukamyatāti,1
vitthāretuṃ,1
vivaraṇaṃ,1
vivaratīti,1
vivaṭaṅgaṇe,1
vivecetvā,1
vivekajapītisukhakoṭṭhāsikāti,1
vivekajapītisukhāni,1
vivekajapītisukhānīti,1
vivekajapītisukhasaṅkhātāti,1
vivekajapītisukhasukhumasaccasaññāya,1
vivekajapītisukhehi,1
vivekajehīti,1
vividhehi,1
vivitto,1
ābhogasaṅkhāto,1
vitthāretukāmatāya,1
vitthārato,1
vitakkavicāraparikkhobhena,1
vitakkavicārakkhobhavirahitena,1
visayataṃ,1
visayavasena,1
visaye,1
visesadassanaṃ,1
abhūtā,1
visesanassa,1
visesato,1
visesatthoti,1
ābhogasamannāhāroti,1
visesena,1
ābhuso,1
ābhogavasena,1
vissajjetvā,1
vissajjitaṃ,1
vissajjitvā,1
visuddhimaggaṭīkāya,1
visuddhimagge,1
visuṃ,1
viseseti,1
vuṭṭhahanaṃ,1
vodāniyā,1
vohāramattakaṃ,1
vuttākārato,1
abhisaṅkharontovāti,1
vuttameva,1
vuttanayaṃ,1
abhisaṅkharonto,1
abhisaṅkharaṇaṃ,1
vuttañhetaṃ,1
abhisambujjhitvā,1
vuttantiādimāha,1
vuttantipi,1
vuttappakārā,1
vuttappakārena,1
vuttassa,1
vuttassevatthassa,1
vuttattā,1
vuttavacanamiva,1
abhiramīti,1
vuttakāraṇampi,1
vūpasamoti,1
vuddhinti,1
vuccatīti,1
vohāramattakāni,1
vohāramattakānīti,1
voharantassa,1
voharantassāti,1
abhivādeti,1
voharanto,1
vohārassa,1
abhisaññānirodho,1
voharakusalassa,1
vohārāti,1
vuccamānā,1
vuccamānampi,1
vuccamānanirodhapādakatāya,1
vuccamānauttarehi,1
vuccamāne,1
vuccamānoyeva,1
vuccanti,1
abhisaññānirodhakathāya,1
vohāro,1
sukhattā,1
adhippetāni,1
uttaravirahitavacanaṃ,1
taṅkhaṇe,1
tannimittaṃ,1
ahesunti,1
tappaccayabhūtaṃ,1
tappahāneneva,1
tappahāyakaarahattasaṅkhātanikūṭena,1
tārukkhoti,1
taruṇapītīti,1
tāsaṃ,1
āhātiādimāha,1
āharitvā,1
āharaṇaṃ,1
ahanti,1
tasmiñhi,1
tasmintiādinā,1
ahaṃmāno,1
ahametaṃ,1
tāni,1
tassaṃ,1
tañhi,1
taṇhāmānaparāmāsappahānakittanena,1
tameva,1
tamhā,1
tampi,1
taṃsabhāvameva,1
taṃsabhāvānativattanato,1
taṃsamaṅginaṃ,1
taṃsamaṅgino,1
taṃsamatikkameneva,1
taṃsamāyogo,1
taṃsamīpatā,1
taṃsampayuttā,1
taṃsaññā,1
taṃtaṃnāmapaññāpanamattakānīti,1
taṃtaṃsaññānaṃ,1
tañca,1
taṇhā,1
taṇhaṃ,1
taṇhāpi,1
tassapi,1
tassāpi,1
ahaṃ,1
tatoti,1
aggā,1
āgatāti,1
āgatapubbattā,1
tatthātiādi,1
tattheva,1
āgatanti,1
āgatanayena,1
tayā,1
tayāti,1
tayo,1
tayopete,1
tebhūmakadhammā,1
agāravassa,1
agāravaṃ,1
tenāhāti,1
tenākārena,1
aggaṃ,1
tatiyoti,1
tatiyāti,1
tatiyanaye,1
tassātiādi,1
tassattho,1
aggo,1
aggijuhanapubbakaṃ,1
tathābhāvā,1
tathābhāvāpatti,1
tathābhūtassa,1
tathameva,1
tamatthañhi,1
tathanti,1
aggañcāti,1
tathātiādinā,1
aggamaggena,1
tathevāti,1
tāti,1
tatiyacittena,1
tatiyajjhānassa,1
tatiyaṃ,1
tathārūpapaccayā,1
ahetū,1
ahīnindriyo,1
tajjāpaññatti,1
suttakāle,1
suttanipātaṭṭhakathāyaṃ,1
suttantapariyāyena,1
suttassa,1
sutvāva,1
suuggatitaṃ,1
suvimalavipulapaññāveyyattiyajananāya,1
suviññeyyameva,1
suvuttaduruttasamavisamadassanasamatthassa,1
svāyamattho,1
svāyamatthotiādinā,1
svevāti,1
ājīvakoti,1
tabbinimutto,1
tabbipāko,1
tabbipariyāyato,1
tabbivaraṇaṃ,1
sūti,1
sutamayañāṇaṃ,1
sutaṃ,1
sūriyuggamane,1
ākappo,1
sukhoti,1
sukhumā,1
ajjhotthaṭattā,1
sukhumañāṇagocaresu,1
sukhumesu,1
sukusaloti,1
sumaṅgalavilāsiniyā,1
tacchanti,1
ajjhāsayavasena,1
supanaṃ,1
ājīvaṭṭhamakādi,1
sūpaṭṭhitā,1
paṭhamajjhānabrahmaloko,1
suraṃ,1
surāmadanimittakaṃ,1
surāpātinti,1
surattadupaṭṭanti,1
suññoti,1
āgamma,1
ājīvako,1
ājīvakānaṃ,1
ahosīti,1
tadidha,1
tādisassa,1
tādise,1
tādisesu,1
tādiso,1
ahosi,1
ahosaddo,1
tadubhayampi,1
tadubhayeneva,1
tadupādānabhūto,1
tadupādānasabhāvadhammā,1
tadupādāno,1
taduppādakanti,1
āhito,1
tāhi,1
tājhānasaññāti,1
tadevāti,1
ahoti,1
tadetaṃ,1
tadayuttameva,1
tadanantaraṃ,1
tadanantarañca,1
tadaññesampi,1
tadantogadhabhāvo,1
tadanugatañca,1
tadanugatena,1
tadanupavisato,1
tadanuviddhapaṇṇattiggahaṇamukheneva,1
tadabhāve,1
tadārammaṇaṃ,1
tadasaṃvattanato,1
tadassatthīti,1
ajānantoti,1
tadatthañca,1
tadatthāvabodho,1
tadatthavivaraṇaṃ,1
tadavinābhāvato,1
ajānanto,1
tadārammaṇikaṃ,1
ādiyeyyātiādīsu,1
tenātiādi,1
tenettha,1
upalabbhamānaṃ,1
adhivacanaṃ,1
upamāvacanaṃ,1
upamāya,1
upamopameyyatā,1
upanissayaṃ,1
upanissayapaccayabhāvova,1
upanissāyāti,1
upapannaṃ,1
upaparikkhantoti,1
adhiṭṭhānena,1
uparijhānasamāpajjanaṃ,1
adhiṭṭhānaṃ,1
uparimaggaṃ,1
adhiṭṭhānakiccasādhanato,1
uparivisesādhigamassa,1
uparūpari,1
upakārato,1
upakaḍḍhanaṃ,1
upakacchakantare,1
upagantabbato,1
ādi,1
ukkaṃsagatatāya,1
ukkaṇṭhitabhāvāya,1
ukkaṭṭhabhāvato,1
uṇhaṃ,1
unnādiniyāti,1
unnādo,1
unnādoyevāti,1
adhiṭṭhānakiccaṃ,1
unnatabahulatāya,1
upabhuñjanakoti,1
upādānabhūtā,1
upādānabhūtānaṃ,1
upādānassa,1
upādānato,1
upādānavisesaṃ,1
adhivacanattā,1
upādāyātiādi,1
unnatapāyo,1
uggahitaniyāmena,1
upasampādemi,1
upasaṅkameyyanti,1
uppajjeyyuṃ,1
uppannā,1
uppannaṃ,1
uppannamattā,1
uppannāya,1
uppannesu,1
uppattiākāradassanaṃ,1
adhippeto,1
ussāhitoti,1
ussāriyavatthuṃ,1
ussukkāpetvā,1
ussūreti,1
uttamañāṇaṃ,1
uttamo,1
uttarapadalopena,1
uttaravacanaṃ,1
uttaravacanena,1
uppajjatīti,1
adhisīlasikkhāmattanti,1
adhisīlasikkhāva,1
uppajjanti,1
upasanto,1
upaṭṭhānaṃ,1
upavananti,1
upayogavacanaṃ,1
upekkhāpi,1
uppādanato,1
uppādanirodhādhikārattā,1
adhiṭṭhahanto,1
upasaṅkameyyaṃ,1
uppādanirodhamatte,1
uppādanirodhanti,1
uppādanirodhe,1
uppādapubbako,1
uppādātiādinā,1
uppādavayadassanato,1
uppādo,1
uppādoyeva,1
uppajjanakarāgo,1
uppādanirodhamicchatīti,1
uṭṭhahiṃsu,1
uggahitākāradassananti,1
ādibhūtā,1
thiratarā,1
ṭhitā,1
ṭhitabhāvena,1
ṭhitaṃ,1
ṭhitasabhāvanti,1
ṭhitassa,1
ṭhitassetaṃ,1
ṭhitasseva,1
ādimāhāti,1
ṭhitopi,1
thūlatarā,1
thūpikasadisatāparikappanena,1
thusarāsimhi,1
thutighoso,1
ti,1
tibbatapo,1
tilakkhaṇabbhāhatatāya,1
theyyasaṅkhātaṃ,1
ādimattanti,1
therena,1
theravāde,1
teneva,1
tenevāha,1
tesamagganti,1
āditoti,1
tesañhītiādimāha,1
adinnaṃ,1
tesūti,1
tevīsatimaparicchedatoti,1
tindukā,1
thaddhaṃ,1
ādimhīti,1
ṭhānesu,1
ṭhapesi,1
ṭhapetvā,1
ṭhapetvāti,1
ṭhapitanti,1
ṭhāsaddassa,1
theravādānukūlameva,1
ṭhānaṃ,1
uddhaṭattā,1
tindukacīro,1
ādibrahmacariyaṃ,1
tulyādhikaraṇasamāso,1
ādibrahmacariyakaṃ,1
tuṇhībhāvasaṅkhātaṃ,1
tuttakehi,1
tveva,1
ubhayameva,1
ubhayatthasādhāraṇena,1
ubhayesampi,1
uccākulā,1
uccākulīnatāyāti,1
uccanti,1
uccāsaddamahāsaddābhāvaṃ,1
uccāsaddamahāsaddatākāraṇaṃ,1
uccāsaddamahāsaddāyāti,1
udāhu,1
udānaṭṭhakathāyaṃ,1
uddhaṃgamanavasenāti,1
tudiṃ,1
tucchoti,1
tuccho,1
tu,1
tipiṭakamahāsivattheravādo,1
tiracchānakathāya,1
tīraṇapahānapariññāvasena,1
tissaṃ,1
tissopi,1
tītaṃ,1
tiṭṭhantīti,1
tiṭṭhatesāti,1
tinduko,1
tiṭṭhati,1
ādibrahmacariyakanti,1
titthiyā,1
titthiyānaṃ,1
tividhesu,1
tividho,1
todanaṃ,1
todeyyajāṇusoṇīsoṇadaṇḍakūṭadantādike,1
tosaddassa,1
tiṭṭhatu,1
pāṭhaṃ,1
pariyāyena,1
passantopi,1
heṭṭhimasamāpattidhammā,1
heṭṭhimāya,1
hetu,1
attasassatādikaṃ,1
attapaṭilābhotveva,1
attapaṭilābhotiādivohārā,1
hetunā,1
hetunāti,1
hetupi,1
attapaṭilābhopi,1
attapaṭilābhasaddena,1
hīnabhāvato,1
hīne,1
hirottappadīpanatthaṃ,1
hissa,1
hitāvahaṃ,1
hītiādi,1
attavādānaṃ,1
heṭṭhātiādimāha,1
attavādī,1
hettha,1
aṭṭha,1
goṭṭhā,1
guṇaparidīpanī,1
gūthaṭṭhānasadisaṃ,1
hatthācariyassa,1
hatthācariyo,1
hatthaggahaṇamattadibbaphassena,1
hatthāmalakaṃ,1
attantapo,1
hatthato,1
hatthisārī,1
hatthisārino,1
hatthisāriputto,1
hatthisāriputtoti,1
hāvādīnaṃ,1
hāvāti,1
hāyati,1
attavādimataṃ,1
hatthiṃ,1
gihisahāyakoti,1
hontīti,1
attānesu,1
imā,1
atīte,1
atītattapaṭilābhassa,1
imameva,1
atītasmiṃyeva,1
atītapaccuppannānaṃ,1
imasseva,1
imāsu,1
atītānāgatānaṃ,1
atītā,1
imesūtiādi,1
atīta,1
imināva,1
indriyagocarabhāvena,1
iriyāpathavihārādīsu,1
isisiṅgotipi,1
itarabhavadvayattabhāvato,1
īkāro,1
idhāti,1
idhādhippetaṃ,1
idhādhippetabhāvadassanaṃ,1
hotītiādi,1
hotiyeva,1
hotūti,1
attaṃ,1
attadiṭṭhisaṅkhātena,1
icceva,1
icchanti,1
attadiṭṭhiṃ,1
attani,1
icchito,1
attabhāve,1
attabhāvapaṭilābhoti,1
idañcātiādinā,1
idañhi,1
idappaccayāti,1
idappaccayo,1
ativiya,1
idhādhippetā,1
attabhāvoti,1
itarasaññānampīti,1
gihikāle,1
gihibhāvacitte,1
atthasaddo,1
evamettha,1
evamidha,1
evaṃladdhiko,1
evaṃnāmakatāpasassa,1
evampi,1
evaṃsaddo,1
evaṃsampadamidanti,1
aṭṭhārasahiraññakoṭisantharaṇena,1
evañcassa,1
evañcettha,1
evarūpā,1
atthāpattimattaṃ,1
gacchantādisaddānañhi,1
atthāpattidassanaṃ,1
atthantaresūti,1
atthamicchanti,1
evamassattho,1
evamassa,1
atthasādhikā,1
evamādivibhāgo,1
atthibhāvajotako,1
etassatthīti,1
atthe,1
ete,1
atthavikappo,1
atthavikappaṃ,1
eteneva,1
etenupāyenāti,1
gahaṇato,1
etesantiādimāha,1
atthāvahaṃ,1
aṭṭhatvā,1
atthatoti,1
atthasaṃhitā,1
aṭṭhasamāpattiyātiādi,1
evamādikaṃ,1
evamādinā,1
evamādīnaṃ,1
ettakaṃ,1
gihibhāve,1
gahaṇūpāyamattakāni,1
gahapatinā,1
gārayhavacanametaṃ,1
gatepi,1
aṭṭhahi,1
gatiatthe,1
gatoti,1
gavāti,1
gāvito,1
gayhanti,1
ghanavinibbhogo,1
gharaṃ,1
gharamajjheyevapakkhalitāti,1
gharato,1
gharavivare,1
ghaṭapaṭādippabhedo,1
ghaṭentassa,1
ghoratapo,1
gihī,1
gantvā,1
gantukāmā,1
ganthagarukabhāvato,1
gaṇācariyoti,1
gahetabbo,1
gahetuṃ,1
atthamāha,1
gahetvāti,1
gahetvāva,1
gahitā,1
gahitaṃ,1
gahitānīti,1
gahapati,1
gahitanti,1
gahitāti,1
aṭṭhakathāyampi,1
aṭṭhakathāvacanañca,1
gahitoti,1
gamanaliṅga,1
gāmasūkaroti,1
gamissati,1
gamissatīti,1
gahitapubbānīti,1
etanti,1
itarassa,1
itaro,1
karissāmātiādiko,1
kāritoti,1
karontevāti,1
karontīti,1
karonto,1
asaññatā,1
karotīti,1
kasiṇajjhānāni,1
kasiṇānaṃ,1
kasiṇānameva,1
kasiṇānampi,1
āsannapaccakkhabhāvena,1
asaññakabhāvanti,1
kassaci,1
kassacipi,1
āsaṅkāya,1
katanti,1
karissāma,1
kārāpetvā,1
āsannatarā,1
kāraṇehi,1
kammassa,1
kammassakatādīpanatthaṃ,1
kammattheyeva,1
kamo,1
aseṭṭhabhāvato,1
karaṇabhāvo,1
asati,1
asaññībhavo,1
kataparicayatāya,1
asaññībhave,1
kāraṇantarampi,1
kāraṇanti,1
karaṇappakārasaṅkhāto,1
kāraṇasseva,1
kāraṇaṭṭhena,1
asaññībhavāvahaṃ,1
kāraṇavibhāvanena,1
kāraṇe,1
kāraṇamāha,1
kammasarikkhakena,1
kataraṃ,1
āsanena,1
kathetukamyatāpucchāvasena,1
kathetvā,1
katheyya,1
katheyyāti,1
asamuppannakāmacāroti,1
kathitaṃ,1
kathitanti,1
asamuppannakāmacāro,1
kathitatovāti,1
kathitattāti,1
kathitaṭṭhānato,1
asamuppannakāmacārato,1
kathiteti,1
kathīyati,1
katipāhaccayenāti,1
kattutthābhidhāyako,1
asamucchede,1
asamuppannakāmarāgoti,1
katheti,1
kathetabbadhammavibhāgena,1
kathetabbā,1
kathādvayakathane,1
kathākittighoso,1
āsanasālāya,1
āsanasālā,1
kathananimittaṃ,1
kathanena,1
kathanti,1
asamuppanno,1
asañjānanasabhāvattā,1
kathāvibhāgassa,1
kathayimhāti,1
kathentānanti,1
kathentāpītiādi,1
kathentassa,1
kathente,1
kathenti,1
kathentīti,1
kathentopi,1
kathāya,1
itarattha,1
kammaphalena,1
kāmassādo,1
jāyantīti,1
āthabbaṇikānaṃ,1
āthabbaṇavede,1
jeto,1
jeṭṭhabhāvato,1
jhānaggahaṇenapi,1
āthabbaṇavedavihitaṃ,1
jhānamanaso,1
jhānamanena,1
āthabbaṇapayoganti,1
jhānaṅgato,1
jhānāni,1
jhānanikantibhavarāgādippabhedo,1
jhānapadaṭṭhānaṃ,1
jhānapariyāpannameva,1
jhānapariyāpannāni,1
jhānasamaṅgīvasena,1
jayaggāhaṃ,1
javati,1
athassa,1
jātibandhānaṃ,1
itīti,1
itītiādinā,1
ito,1
ittheke,1
itthilīḷā,1
atidivā,1
jānanāya,1
jānanena,1
jhānasaññānaṃ,1
jānantā,1
jānanti,1
jānantīti,1
janapadaniruttiṃ,1
jānāpetvā,1
jānāti,1
jānātīti,1
jātāti,1
jātehi,1
jānantassa,1
kāmesu,1
jhānasaññāya,1
jhānasukhaṃ,1
kāmacchandādioḷārikaṅgappahānavasena,1
kāmacchandādioḷārikaṅgappahānavasenāti,1
kāmaguṇārammaṇova,1
kāmaguṇassādo,1
kāmakoṭṭhāse,1
assādo,1
kāmanaṭṭhena,1
aseṭṭhabhāvatoti,1
kāmanīyaṭṭhena,1
kāmarāgādisahagato,1
kāmarāgo,1
kāmasaññābhāvo,1
kāmasaññādibhāvena,1
kāmasaññāggahaṇaṃ,1
kāmasaññānirodhaṃ,1
kāmasaññāti,1
kāmasaññāya,1
kāmabhavaṃ,1
kāmā,1
kaṃ,1
kāle,1
jhāne,1
jhānenāti,1
jiṇṇe,1
jotanato,1
jotīyati,1
āthabbaṇaṃ,1
kaccāyanamatena,1
kāci,1
jhānassa,1
assātiādi,1
kakāraṃ,1
kakārassa,1
kakkhaḷaphusanādisabhāve,1
kāladesapuggalādivibhāgena,1
kāḷakkhandharukkho,1
kalāpatoti,1
kālasseva,1
kālavibhāgato,1
kadācipi,1
asambhinnakhattiyakulāti,1
etañhi,1
etadahosīti,1
cāvuso,1
cāyamadhippāyo,1
bakassa,1
cesā,1
bahuvidhena,1
cetanābhisaṅkharaṇāni,1
cetanābhisaṅkharaṇasambhavato,1
cetanākiccassa,1
bahutte,1
cetentovāti,1
ceteti,1
bahūnīti,1
bahūni,1
bahunāti,1
cevaṃ,1
cha,1
chakkhattumeva,1
catutthoti,1
catuttheti,1
catutthāruppakusalakiriyajavanaṃ,1
catutthajjhānikaphalasamāpatti,1
balavatī,1
balavabhāvato,1
cātiādimāhāti,1
cattālīsanipāte,1
cattāro,1
bālātapeti,1
catūhi,1
catukkanayavibhatte,1
channaparibbājakādike,1
catumahārājadattiyaṃ,1
catupaññāsahiraññakoṭipariccāgena,1
cāturiyaṃ,1
catusaccaṃ,1
catusantatirūpappabandhaṃ,1
catūsu,1
catutthacetasāti,1
catutthajjhāne,1
catutthajjhānikā,1
catunnaṃ,1
balavatuṭṭhīti,1
channaparibbājakasaṅkhyaṃ,1
channaparibbājakoti,1
cittuppāde,1
cīvarādipaccayapaṭibaddhatāya,1
bahi,1
ayuttova,1
codanāyāti,1
coditavacanapaṭihārakaṃ,1
cūḷā,1
cūḷadukkhakkhandhasuttaṭṭhakathāyaṃ,1
cūḷavedallasutte,1
cutassa,1
dadhiādipaññattiyā,1
dadhiādīsupi,1
dadhītiādinā,1
dakāraṃ,1
dakārenapi,1
dakkhiṇāvisuddhidīpanatthaṃ,1
dametīti,1
bāhirapaccayanirapekkho,1
citteti,1
cittavodānassa,1
cittavārepi,1
chapi,1
chasu,1
cheko,1
chekoti,1
ciṇṇavasībhāvattā,1
ciṇṇavasitāyāti,1
bāhullakammena,1
cīraṃ,1
channaparibbājako,1
cīranti,1
citta,1
cittābhimukhaṃ,1
cittācāro,1
bahulaṃ,1
cittaṃ,1
cittanirodheti,1
cittassa,1
bahubhedattā,1
cirassaṃ,1
ayuttasamāsoyaṃ,1
cāpi,1
calitaṃ,1
bhikkhā,1
bhikkhācaraṇavelā,1
bhikkhu,1
bhikkhunī,1
bhikkhunoti,1
bhikkhunotiādi,1
bhikkhusaṅghassa,1
bhagavanto,1
bhinne,1
bhagavantañhītiādi,1
bhummaṃ,1
bhummanti,1
bhummatthe,1
bhusaṃ,1
bhūtakāraṇāti,1
bhūtakathanaṃ,1
bhūtalakkhaṇaṃ,1
bhijjatīti,1
bhedasabbhāvato,1
bhagavātiādimāha,1
bhavitabbanti,1
bhāvalopena,1
bhāvanānubhāvasiddhā,1
bhavaṅgasaññā,1
bhavaṅgasaññāti,1
bhavaṅgavasena,1
bhavantarapaṭicchannampi,1
bhavantarasamayanti,1
bhavanti,1
bhūtalakkhaṇanti,1
bhāvappadhānena,1
bhavesu,1
bhante,1
bhaveyyuṃ,1
bhavissantīti,1
bhañjitakusalajjhāsayo,1
bhaṅgakkhaṇo,1
bhavissatītiādinā,1
bhaggoti,1
bhavassādo,1
cañcalāti,1
bhūtaparamparāya,1
bhūtatāya,1
buddhānañhītiādi,1
buddhānubhāvo,1
buddhappamukhassa,1
buddhasāsane,1
buddhehipi,1
buddhiādiguṇavinimuttassa,1
buddhiyā,1
byākaraṇavasena,1
byākariṃsu,1
byākarissanti,1
byāpanicchāvacanaṃ,1
byāsavasena,1
bālo,1
cāhu,1
cajāpanavasena,1
cakkhumāti,1
cakkhunā,1
buddhānañcātiādi,1
buddhānamāciṇṇanti,1
bāverujātakena,1
buddhādīhi,1
bhūtatāyāti,1
bhūtāti,1
bhagavantaṃ,1
bhūtupādāyarūpassa,1
bhūtupādāyarūpavisesesu,1
bhūtupādāyasaññitaṃ,1
bodhetvāti,1
bodhimūle,1
bhūtapubbagatiyā,1
brahmabhūmi,1
brahmalokādīni,1
brāhmaṇamahāsāloti,1
brāhmaṇānaṃ,1
brāhmaṇe,1
brāhmaṇo,1
brahmavihāradīpanatthaṃ,1
brahmuno,1
bhadantadhammapālattherena,1
brahmacariyassa,1
avacanato,1
dassanamappadhānaṃ,1
dassanatthanti,1
avicchedaṃ,1
duveyeva,1
duvidhattā,1
āvi,1
duvidhopesa,1
dvādasa,1
avayavavinibbhoge,1
avayavatoti,1
dvīhatīhaccayena,1
dvīhi,1
avaṭṭhitasabhāvaṃ,1
dvikkhattumeva,1
avaṭṭhānaṃ,1
dvinnamantare,1
dvīsu,1
edisāti,1
edise,1
dutiyoti,1
dutiyena,1
dutiyavikappe,1
dutiyapadassa,1
dubbiññeyyo,1
avijahanto,1
dukkaratapatāya,1
dukkhaṃ,1
dukkhānattā,1
dukkhanirodhagāminipaṭipadā,1
dukkhanirodhaṃ,1
dukkhasabhāvā,1
edisesu,1
dukkhasamudayā,1
dunnivāro,1
dūre,1
dutiyacetasā,1
dutiyajjhāne,1
dutiyajjhānikā,1
dutiyajjhānikaphalasamāpatti,1
dutiyanaye,1
dutiyanayopi,1
dukkhoti,1
dubbidhā,1
ediso,1
ekaccā,1
ekasmiṃyeva,1
ekatāti,1
ekato,1
ekattasaññitaṃ,1
ekattavasena,1
ekavāraṃ,1
ekavāranti,1
eke,1
ekena,1
ekenāti,1
avarodhattā,1
ekuppādanirodhabhāvova,1
eḷamūgakathā,1
āvajjanapaccavekkhaṇāni,1
avadhāraṇaphalattāti,1
avadanto,1
etā,1
ekasmiṃ,1
ekasesaniddeso,1
ekasālako,1
ekasaddo,1
ekacceti,1
ekadvicittakkhaṇikampi,1
ekajjhaṃ,1
ekālambaṇavatthukabhāve,1
avassaṃ,1
ekameva,1
ekaṃsaṃ,1
ekaṃsanti,1
avattabbattā,1
ekaṃsavaragatanti,1
avasiṭṭhakilesameva,1
ekamūlakena,1
ekantasukhe,1
avasesasamāpattīsupi,1
ekantikatā,1
ekasabhāvabhūtena,1
ekasabhāvabhūto,1
ekasabhāveneva,1
ekaṃsikā,1
āyūhati,1
dubbibhāgattā,1
dubbalapītisaṅkhātaṃ,1
desitā,1
desitanayaṃ,1
desitoti,1
devadāsīnaṃ,1
devatā,1
avisaṃyanti,1
devatūpahāranti,1
avisaṃvādanavasena,1
dhammadesanāya,1
avisaṃvādanatāya,1
dhammānanti,1
dhammanissitatāpi,1
dhammaniyāmatāti,1
dhammapadaṭṭhakathāyaṃ,1
dhammasamūhaṃ,1
aviparītatāya,1
dhammaṭṭhitatā,1
desetabbamatthaṃ,1
avisayatāya,1
avisayattā,1
desanānayamuddharitvā,1
dassane,1
dassanena,1
āyūhanto,1
dassentoti,1
dassesīti,1
ayoniso,1
āyogo,1
ayanti,1
dhammaṭṭhitatantiādinā,1
ayañhetthādhippāyo,1
ayamadhippāyo,1
dassito,1
avocumhāti,1
avocāti,1
dāyakattā,1
avisesacodanā,1
avisayova,1
desanamārohanti,1
ayañca,1
dubbalāti,1
aviparītasabhāvāti,1
dhātvatthānuvattanato,1
diṭṭhapubbāni,1
diṭṭhapubbānīti,1
diṭṭhapubbānītiādi,1
diṭṭhi,1
diṭṭhiādīnaṃ,1
diṭṭhiādīsu,1
diṭṭhigataṃ,1
diṭṭhigatanti,1
diṭṭhimaññanāya,1
diṭṭhivasena,1
divasabhāvena,1
divāti,1
dosadassanaṃ,1
avijjamānaṃ,1
avijjādipaccayantarasahitā,1
dubbalā,1
dubbalapīti,1
diṭṭhapadena,1
diṭṭhānugatimāpajjantānaṃ,1
diṭṭhadhammikādiatthanissito,1
diṭṭhābhiniveso,1
dibbaphassenāti,1
dīghabhāṇakānaṃ,1
dīghanikāyatantiṃ,1
dīghanikāyaṭṭhakathāya,1
dīghanikāye,1
diguṇaṃ,1
dinne,1
dinneti,1
aviparītaṃ,1
dīpetabbo,1
dīpetuṃ,1
dīpetunti,1
dīpikāya,1
dīpitoti,1
disāsu,1
avinābhāvato,1
diṭṭhābhinivesapaṭisaññuttāya,1
diṭṭhābhinivesassa,1
dīpeti,1
pāṭekkaṃ,1
kāyacittapassaddhī,1
asambhinnakhattiyakulatāyāti,1
pabhāveti,1
pabhuti,1
pabuddhakāle,1
paccāgacchantassa,1
apaharaṇaṃ,1
paccagghaṃ,1
paccagghantveva,1
anvāhāro,1
paccakkhabhūto,1
paccakkhakaraṇaṃ,1
paccakkhakaraṇameva,1
paccakkhakiriyāyāti,1
anuyogaṃ,1
paccāmasati,1
paccattapurisakāradīpanatthaṃ,1
anuvilittaṃ,1
paccavekkhaṇā,1
pabhāventīpi,1
pabhāvanatoti,1
pabbajjāyameva,1
pabbajjā,1
apaññapento,1
āpannamevāti,1
nūpalabbhatīti,1
nuppajjanti,1
nuppajjatīti,1
okāragakārāgamane,1
āpannamatthaṃ,1
oḷārikamattapaṭilābhaṃ,1
anussaraṇe,1
apanento,1
oḷārikattabhāvapaṭilābhenātiādi,1
apakaḍḍhanaṃ,1
ovādakarassa,1
ovādānusāsanaṃ,1
pabandhavasena,1
āpajjanti,1
pabbajito,1
pabbajituṃ,1
oḷārikattā,1
aparaddhanti,1
paccavekkhaṇañāṇassa,1
paccavekkhaṇāya,1
padesaññuno,1
pādesu,1
padhānā,1
padhānaṃ,1
padhānanti,1
paduddhāraṃ,1
anussaraṇatthamukhena,1
paguṇe,1
pahānābhivuddhiniṭṭhaṃ,1
pahānavasena,1
pahīnakilesameva,1
pahīnaparāmāsattā,1
paiccupasaggato,1
pajānantassa,1
anussaraṇamukheneva,1
pakappeti,1
pakappetīti,1
padena,1
padattayaṃ,1
padanti,1
padamulliṅgetvā,1
paccayabhūtā,1
paccayavisesavisiṭṭhaṃ,1
paccayo,1
paccayoti,1
paccekaṃ,1
paccesīti,1
pacceti,1
pacchā,1
paccavekkhaṇāsu,1
pacchābhāge,1
pacchimadisāyaṃ,1
pacchimoyeva,1
paccuppannā,1
paccuppannasamaye,1
paccuppanno,1
paccuppannoti,1
paccuṭṭheti,1
padacchedo,1
pacchābhāgeti,1
pakārasāmaññanti,1
niyyātuṃ,1
aparajjhitaṃ,1
apavajjanavasena,1
apattabbatāya,1
nirodhe,1
apassantoti,1
apassanto,1
apasakkantopi,1
nirodhopi,1
nirodhoti,1
niruddhattā,1
nirujjhanti,1
apasakkanto,1
nirujjhantipītiādinā,1
apasādanavasena,1
nirujjhantiyeva,1
apariyositā,1
nirūpanattho,1
nirutti,1
nirodhasamāpattiyañhi,1
nirodhasamāpattiyaṃ,1
nirodhasamāpattiyā,1
nirodhasamāpattisaññitaṃ,1
appahīnanikantikatāvasena,1
nirodhadhammānanti,1
nirodhakathā,1
nirodhakathanti,1
appahānatthañcātiādinā,1
nirodhakathāyaṃ,1
appaccayā,1
nirodhampi,1
niruttimattakānīti,1
nirodhanti,1
nirodhapaṭipādanapaṭipattiyā,1
nirodhaphusanassa,1
nirodhasabhāvaṃ,1
nirodhasamāpattatthāya,1
nirodhasamāpatti,1
nirodhasamāpattikathā,1
nirodhasamāpattikathaṃ,1
nirodhasamāpattisamāpajjanakassa,1
nirodhapaṭipādanapaṭipattiṃ,1
niyyātito,1
niruttiyeva,1
nisīdatītiādi,1
aparāparuppattito,1
nivedanañcassa,1
niyamato,1
niyametuṃ,1
niyamitattā,1
niyataṃ,1
niyojitattā,1
niyuttāti,1
niyyānaṃ,1
niyyānameva,1
niyyānassa,1
aparāmasantova,1
niyyānikatā,1
niyyānikātiādi,1
niyyātanatthaṃ,1
niyyātesīti,1
aparāmasanti,1
aparappaccayena,1
nivāsetvā,1
nivāsaphāsutādinā,1
nivasanti,1
nisīditabbanti,1
nissaddaṃ,1
nissakkavacanena,1
nissaraṇaṃ,1
nissārāti,1
aparihīnadhammattā,1
nissitoti,1
apariccattattā,1
nisedhetvāti,1
apariccajantoyeva,1
niṭṭhamiti,1
niṭṭhāpesīti,1
niṭṭhāpetvā,1
apare,1
niṭṭhāya,1
nīvaraṇavikkhambhanavasena,1
nīvaraṇavivekato,1
nivāritañāṇacārattāti,1
niṭṭhāmaggo,1
niratthakatāya,1
pakārato,1
pakārena,1
paramo,1
paramparāgataṃ,1
parampi,1
anunāsikalopaniddesoti,1
pare,1
anumatiṃ,1
parena,1
paresupi,1
paribbājakā,1
anumānavisayataṃ,1
paribbājakavacane,1
paribbājakavācātodanehi,1
anumānatoti,1
paribbājakotiādi,1
paribbhamāpentī,1
paribhuñjanti,1
pariggayhamāne,1
parammukhabhāvena,1
anunāsikalopassa,1
paramatthavacanassa,1
anunāsikalopo,1
anupādānato,1
paramatthadhammoyeva,1
anupadadhammavipassanāya,1
paramatthakathampi,1
paramatthakathaṃyeva,1
paramatthakathāpubbikā,1
anupadadhammavipassanañhi,1
paramatthakathāya,1
pariharanto,1
paramatthamañjūsāya,1
paramatthañca,1
paramatthasabhāvato,1
paramatthasaccaṃ,1
paramatthasacce,1
paramatthasannissayā,1
paramatthasannissitakathābhāvato,1
anupadadhammatoti,1
anuññaṃ,1
paramatthamukhena,1
paramattacintanādiparibbājakapaṭipattiyā,1
pariharantoti,1
pariharituṃ,1
pariyāpannaṃ,1
pariyāpannattā,1
pariyāyamakāsīti,1
pariyāyantaraṃ,1
pariyāyavacanametaṃ,1
bhāsitāti,1
anujānantoti,1
pariyosāne,1
anujānananti,1
anuggaṇhissāmīti,1
pasaddoyeva,1
passaddhidvayaṃ,1
passaddhidvayassa,1
passaddhīti,1
passantāti,1
passantena,1
anu,1
pariyante,1
parivitakkapubbabhāgoti,1
parivattante,1
parivattanavasena,1
parihīnoti,1
parikappane,1
parikappavacanaṃ,1
parikappento,1
anukkaṇṭhitā,1
parikappito,1
parikkhipitvāti,1
parimāṇato,1
pariharati,1
pariññābhisamayavasena,1
anujānāpetvā,1
paripuṇṇakiccā,1
paripuṇṇāpi,1
pāripūrī,1
pāripūrivepullabhūtaṃ,1
parisadosoti,1
parisaṃ,1
parisāya,1
paripālitattā,1
pakāraviseso,1
paramasukhumagambhīraduranubodhatthaparidīpanāya,1
paramamadhuroti,1
pāḷiyā,1
anupubbena,1
pāḷiyameva,1
palokatā,1
pamādaṃ,1
pamodappabhavā,1
pāmojjādayo,1
anupubbanirodhavasena,1
pāmojjapakkhikā,1
anuppannāva,1
panāhanti,1
pānamayoti,1
panassa,1
anuppajjanato,1
panatthaṃ,1
panāyaṃ,1
pañca,1
pāḷivasena,1
pāḷivacanaṃ,1
pāḷinayānurūpameva,1
pāḷimāharitvā,1
pakāsanattho,1
pakāsetīti,1
pakāsetuṃ,1
pakāsetvā,1
pākaṭā,1
pākaṭena,1
pakatiādi,1
pakatipadamicchanti,1
pañcagorasesu,1
pakatipurisantarāvabodho,1
pakatīti,1
pakativipassakānaṃ,1
pakatiyā,1
pākaṭo,1
pakkamitabbantiādīsu,1
pakkhalanaṃ,1
paḷāsavasena,1
pāḷiṃ,1
pakatisaññāya,1
parāmasanto,1
pañcakāmaguṇikarāgaggahaṇena,1
pañcakāmaguṇikarāgopi,1
anupalabbhamānattā,1
paññapentīti,1
paññapeti,1
paññāpitaniṭṭhāyāti,1
anupalabbhamānaṃ,1
paññattappakārā,1
paññattāti,1
paññatti,1
paññattiatthato,1
anupagamma,1
paññattimattametaṃ,1
paññattiyeva,1
paññāya,1
panti,1
pāpuṇīyatīti,1
paraṃ,1
paramadhitindriyosakkavimānanti,1
anupalabbhanatoti,1
paññācakkhunonatthitāyāti,1
paññācakkhuno,1
paññā,1
pañcakāmaguṇikarāgoti,1
pañcakkhandhe,1
pañcamajjhānasamāpattiṃ,1
pañcasu,1
pañcavokārabhave,1
paṇḍitamānīnaṃ,1
paṇḍitassa,1
anuppādassa,1
pañcakāmaguṇikarāgassa,1
paṇḍito,1
anuppādanirodho,1
panesā,1
panetaṃ,1
anuppādanirodhaṃ,1
panidaṃ,1
panimesaṃ,1
pāṇino,1
paṇītā,1
paṇḍukambalasilāsanaṃ,1
kāyavipattikati,1
niratthakabhāvena,1
nipuṇatāya,1
lokasaṅketamattasiddhā,1
lokasiddhā,1
ārocento,1
lokathūpikā,1
lokathūpikādivasena,1
lokathūpikāti,1
ārocananayena,1
lokena,1
lokiyamahājanehi,1
lokiyamahājano,1
lokiyānaṃ,1
ariyavinaye,1
lokīyati,1
lokiyo,1
ariyasaccakathā,1
lokuttaradhammaniyāmaniyatanti,1
lokuttaradhammaniyāmatanti,1
lokasammutiyā,1
lokasammutikāraṇāti,1
lokasammutikāraṇanti,1
lokasammutikāraṇaṃ,1
laggoti,1
lakkhaṇaṃ,1
lakkhaṇavacanaṃ,1
lakkhaṇavacanametaṃ,1
lakkhaṇe,1
likhanti,1
līnatthapakāsanā,1
līnatthapakāsaniyā,1
lokuttaradhammasampāpananiyāmena,1
liṅgavasena,1
lobhacāro,1
lobho,1
lobhuppatti,1
lokanāthassa,1
lokasamaññā,1
lokasamaññābhūtaṃ,1
lokasamaññāhi,1
āroceti,1
liṅgavipallāso,1
arūpabhavaṃ,1
lokuttarasamāpattīhi,1
lūkhasadisā,1
mahāsīhanādasuttapade,1
mahāsīhanādasuttassānantaraṃ,1
mahāvibhavatāya,1
mahiddhikātiādinā,1
majjhe,1
majjhimabhāṇakānaṃ,1
majjhimapaṭipadāvasena,1
makārassa,1
malavidūsitatāya,1
mamātiādinā,1
mānante,1
manasāva,1
manasikāraṃ,1
manasikārasāmaññena,1
manasikārasseva,1
manasikārena,1
manasikāro,1
mahāsīhanādasuttaṃ,1
mahāsāvakassa,1
mahāsāvakabhūtena,1
mahāsārataṃ,1
madaniddanti,1
maggā,1
aritanti,1
maggameva,1
maggañāṇaṃ,1
maggapātubhāvoti,1
maggaphalañāṇesu,1
maggaphalapaccavekkhaṇañāṇāni,1
lūkhākārāti,1
maggaphalapaññānameva,1
maggasamuppādo,1
maggasodhanavasena,1
maggavīthiyaṃ,1
aribhanti,1
ārāpitopīti,1
mahagghatāya,1
mahākoṭṭhikattherena,1
mahāsammatarājato,1
maggaphalavasena,1
manasikātabbato,1
laddhiyaṃ,1
laddhinti,1
khīrapaññatti,1
khīrapaññattiupādānassa,1
khīre,1
asambhavato,1
khosaddo,1
asakkuṇeyyarūpena,1
khotiādi,1
asakkontoti,1
khotiādimhi,1
kiccakārakasamāpattīnanti,1
kiccakārikāti,1
kiccanipphatti,1
kiccato,1
kīdisā,1
kilesānaṃ,1
kilese,1
asakattani,1
asambhāvetvā,1
khīrādīsu,1
khanti,1
khaṇikanirodheti,1
kenaci,1
kesabandhavatthaggahaṇādiākāraviseso,1
kesaṃ,1
asambhavoti,1
kevalāti,1
khajjopanakūpamā,1
khajjopanamiva,1
khalu,1
asādhāraṇo,1
khalusaddo,1
khamate,1
khaṇanirodhavasena,1
khandhādikathāpi,1
khandhādipaññatti,1
khandhādisīsena,1
khandhānantiādi,1
khandhāyatanādi,1
khandhāyatanādīsu,1
khamanaṃ,1
laddhīsu,1
asaddo,1
kinnu,1
kutūhalaṃ,1
labbhamānā,1
arūpībhāvena,1
labbhanatoti,1
labbhanti,1
labbhantīti,1
arūpabhāvatotiādi,1
lābhaguṇavuddhiṃ,1
lābhasakkāropi,1
labhati,1
labheyya,1
laddhā,1
laddhagharamevāti,1
laddhāsevanā,1
laddhavohārena,1
arūpabhāvato,1
laddhiṃyeva,1
kusaloti,1
kusalo,1
kusalasaddayoge,1
kuṇḍalādyālaṅkāravibhūsitaṃ,1
kira,1
kirāti,1
āruppakathāyaṃ,1
kiresa,1
kiriyā,1
kiriyāmayasaññāvasena,1
kiriyāpadena,1
kiriyātipi,1
kiṇitvā,1
kittighosoti,1
kolāhalamettha,1
koṭṭhāsattho,1
kotūhalā,1
kotūhalasālāti,1
kotūhaluppattiṭṭhānatoti,1
kudālapaṇḍitajātake,1
kulagāravena,1
kumārassa,1
arūpīti,1
nipuṇo,1
mandabuddhitāya,1
maññanato,1
nevasaññānāsaññāyatanabhūmiṃ,1
nevasaññānāsaññāyatanajhānasaññā,1
nevasaññānāsaññāyatanajjhānaṃ,1
appāṭihīrapade,1
nevasaññānāsaññāyatananirodhasamāpattīnaṃ,1
appāṭihīrakatanti,1
nhāpitaṃ,1
ni,1
nibbacanaṃ,1
appasannānampi,1
nibbānameva,1
nibbānañceva,1
appasaddanti,1
nibbānapaññāpanassa,1
nibbānavahabhāvena,1
nibbānāvahabhāvena,1
nibbānāya,1
nesaṃsamaye,1
appaṭikkhipitvā,1
nepātikaṃ,1
nāyūhati,1
napuṃsakaliṅgena,1
nasamuppanno,1
ñātapariññāvasena,1
nātidhāveyyāti,1
ñāto,1
appavattīti,1
navalokuttaradhammesūti,1
navavidhā,1
nibbattaṃ,1
nayā,1
nāyaṃ,1
nayapavattaṃ,1
ñāyatevāti,1
naye,1
appavattinimittaṃ,1
nayidamevaṃ,1
appavatti,1
nayoti,1
ñāyāgatameva,1
nappatiṭṭhātīti,1
nibbattanti,1
nibbattemi,1
nigrodhakappasutta,1
nigūhanañca,1
nigūhantoti,1
appahīnaparāmāsattā,1
nijjhānavasena,1
nikantiṃ,1
nikantivasena,1
nikāralopo,1
ṇikasaddena,1
nikhātakhāṇuko,1
nikkhanto,1
nimantetītiādīsu,1
nimittaṃ,1
nimittena,1
nipātadvayanti,1
appahīnanikantikatāya,1
nippabhataṃ,1
niggaṇhanavasena,1
niggamanaṃ,1
nigamanaṃ,1
niddiṭṭhattā,1
nibbattitalokuttarameva,1
nibbattoti,1
nibbidāvirāganirodhupasamāsaṃvattanaṃ,1
nibbindanatthāyāti,1
nibbisevanabhāvāpādanena,1
niccābhiniveso,1
niccameva,1
niccaparibhutto,1
nibbattasarīraṃ,1
niccasambandhāti,1
nicchitā,1
nicchitāti,1
nicco,1
niccoti,1
nidassanametaṃ,1
niddhāraṇe,1
niddhārento,1
niddiṭṭhanti,1
nicchayā,1
maññamānoti,1
nappamajjantīti,1
ñāpanavasena,1
migasiṅgatāpasassāti,1
migasiṅgatāpasavatthuṃ,1
migasiṅgatāpaso,1
milāpitacakkhāditikkhindriyatāya,1
missakoti,1
arahattaphaluppattiyā,1
arahattaphalasaññāya,1
mokkhoti,1
muggavaṇṇasilāmayaṃ,1
muñchāpattiyā,1
arahattaphalasamādhisahagatasaññāpaccayāti,1
arahattaphalanti,1
arahattaphalaṃ,1
nābhiniviseyya,1
arahattanikūṭena,1
naccanagāyanādinā,1
arahattamaññanāya,1
migasiṅgākārena,1
migapadavaḷañjananiddeso,1
micchāgāhavasena,1
micchādassanenāti,1
maññatīti,1
maññe,1
maññeti,1
manogaṇādīnaṃ,1
ārammaṇassa,1
manomayanti,1
ārammaṇābhimukhaṃ,1
mantapadaṃ,1
arahattaṃ,1
manussānaṃ,1
ārāmaṃ,1
matthakappatti,1
matthake,1
mayā,1
arahattasaṅkhātaṃ,1
meghavaṇṇanti,1
metaṃ,1
micchābhinivesena,1
mataṃ,1
napekkhatā,1
arahatīti,1
nāmakathitāti,1
ñāṇaṃ,1
ñāṇaparipākassa,1
nānārammaṇā,1
nānārammaṇāya,1
nānāsabhāvena,1
ñāṇassa,1
nānātitthasaṅkhātāsu,1
nānātitthiyāṇiyasaddena,1
nānātitthiyasamaṇabrāhmaṇesu,1
āraddhā,1
nānatthasaññāpaṭighasaññāhi,1
nānāvidhasammutiparamatthakusalo,1
ārabhīti,1
nāññāsīti,1
ārabbha,1
appavatto,1
ñāpananti,1
nānākkhaṇe,1
nānakkhaṇe,1
ñāṇajālatā,1
nānādesabhāsākusalo,1
nāmakāyapassaddhītipi,1
arahā,1
nāmamattametanti,1
ārādheyya,1
nāmamattamevāti,1
nāmamattena,1
nāmanipātopasaggavasena,1
namanti,1
nāmabhūtapaññattimattavasena,1
nāmanti,1
nāmapaññattimattametaṃ,1
nāmapaññattivasenāti,1
nāmasaddo,1
āraddhaṃ,1
nāmātiādi,1
nāmāyaṃ,1
ñāṇacariyā,1
ñāṇadassanaṃ,1
nāmapaṇṇattimattakānīti,1
[su,1
