ca,63
vā,45
evaṃ,36
na,32
taṃ,29
pana,28
hi,27
tattha,26
sutanti,24
te,23
bhagavā,20
attho,19
tathā,19
me,18
evanti,17
hoti,16
ekaṃ,16
tena,16
idaṃ,16
itthiyā,15
so,15
bhikkhave,14
vacanena,14
tasmā,14
mayā,13
cittaṃ,13
ettha,13
dīpeti,13
veditabbo,12
bhagavato,12
nāma,12
idha,12
ayaṃ,12
kho,11
tassa,11
attano,11
samayanti,10
yaṃ,10
vuttaṃ,10
sutaṃ,9
sā,9
purisassa,9
bhagavāti,9
dhammaṃ,9
bhante,9
meti,8
purimena,8
tassā,8
pacchimena,8
katvā,7
rūpaṃ,7
veditabbaṃ,7
tesaṃ,7
aññaṃ,7
iminā,7
viya,7
pariyādāya,7
atha,6
ānando,6
yo,6
bhikkhu,6
bhikkhū,6
gahetvā,6
ye,6
namo,6
viharati,6
vāti,6
tāva,6
cettha,6
vatthu,6
samayaṃ,5
ñatvā,5
nikkhepo,5
maṃ,5
bhikkhavoti,5
vattabbaṃ,5
niddeso,5
mama,5
sāvatthiyaṃ,5
tasmiṃ,5
yathā,5
itthirūpaṃ,5
dhammā,5
gantvā,5
apica,5
tiṭṭhatīti,5
vuccati,5
sutvā,5
vacanaṃ,5
bhadanteti,4
yasmā,4
ekadivasaṃ,4
bhikkhusaṅghassa,4
ekaccā,4
yoniso,4
namatthu,4
ime,4
imaṃ,4
no,4
sotadvārānusārena,4
janeti,4
vo,4
pañca,4
kato,4
tiṭṭhati,4
dhamme,4
samayo,4
idāni,4
iti,4
samaye,4
honti,4
loke,4
yāni,4
cassa,4
āha,4
sādhu,4
suttaṃ,4
daharo,4
hissa,4
tvaṃ,4
rājā,4
atthi,4
bhagavatā,4
satthu,4
kira,4
garu,3
dassento,3
ārāme,3
ñāṇasamanupassanā,3
yujjati,3
uppanno,3
vattati,3
mukhato,3
sammā,3
yassa,3
tadatthajotanatthaṃ,3
karoti,3
yasmiṃ,3
sambhavati,3
kevalaṃ,3
atthe,3
tatra,3
yadidaṃ,3
attānaṃ,3
paṭhamaṃ,3
kathesi,3
nāhaṃ,3
kataṃ,3
suttassa,3
sabbaṃ,3
pariyādiyitvā,3
saṅkhaṃ,3
buddhappamukhassa,3
anayabyasanaṃ,3
dhammo,3
satthāraṃ,3
satthā,3
sattānaṃ,3
sati,3
paññāya,3
ettāvatā,3
āmantesi,3
bhaddāli,3
samayena,3
nissāya,3
itthī,3
akusalā,3
sakalaṃ,3
imassa,3
sakkā,3
saṅkhepo,3
pubbe,3
parajjhāsayo,3
viharatīti,3
sādheti,3
nayo,3
jetavaneti,3
aparo,3
veditabbā,3
kathitāni,3
nayena,3
samayesu,3
vihāraṃ,3
āyasmā,3
nidānaṃ,3
ceva,3
teneva,2
kirekissā,2
catusamuṭṭhānikaṃ,2
pucchi,2
puṭṭhena,2
brāhmaṇā,2
khaṇo,2
katoti,2
buddhānaṃ,2
sāmikassa,2
pucchāvasiko,2
bhāsati,2
samayeti,2
bhāsamāno,2
bhariyaṃ,2
svāyaṃ,2
tīsu,2
khepeti,2
kena,2
bhikkhūti,2
samīpe,2
bodhiyā,2
candanagandho,2
samīpatthe,2
bhikkhaveti,2
tayājja,2
tenetaṃ,2
hatthināgo,2
tāya,2
kāyato,2
gato,2
tesu,2
tañhi,2
tañca,2
kiṃ,2
ṭhapetvā,2
harissavaṇṇaṃ,2
bhummavacanena,2
rāgagginā,2
catubhūmakakusalacittaṃ,2
cakkhumā,2
puna,2
handa,2
guttā,2
kāraṇaṃ,2
kathetabbaṃ,2
sādhukaṃ,2
itthirūpanti,2
ekekaṃ,2
ekarūpampi,2
ekarājā,2
ekapuggalo,2
saddhiṃ,2
ekakanipāto,2
itthisaddo,2
sāvajjā,2
ekaccassa,2
ehi,2
dve,2
saddhamme,2
samādinnā,2
dutiyaṃ,2
dukkhāya,2
itthirasoti,2
savanaṃ,2
sādhūti,2
hotīti,2
gahitabhāvaṃ,2
sakkhibhāvatthāya,2
gahaṇaṃ,2
iccassa,2
sakkaccaṃ,2
imasmiṃ,2
santikaṃ,2
hutvā,2
ito,2
evametaṃ,2
itthiṃ,2
evamāha,2
evamādīsu,2
evamādīni,2
sāsane,2
saṃvattanti,2
eva,2
satijananatthaṃ,2
janaṃ,2
divasaṃ,2
diṭṭhisamanupassanā,2
gaṇheyyuṃ,2
sūriyamaṇḍalaṃ,2
desanāsamayo,2
sūriyassa,2
samanupassāmīti,2
ḍayhitvā,2
sutantiādikaṃ,2
rūpagarukassa,2
rūpādīsu,2
suttāni,2
kasmā,2
suttantā,2
damiḷadevī,2
samattā,2
suttapadesu,2
daharasāmaṇerā,2
cittasantānassa,2
karaṇavacanena,2
rūpārammaṇe,2
ruppati,2
ruppatīti,2
sāvatthiyanti,2
saddādayo,2
dissati,2
gandho,2
dīpento,2
sabbopi,2
sabbesaṃ,2
seyyathidaṃ,2
kathitā,2
sabbattha,2
sivathikadassanaṃ,2
gaṅgāya,2
gaṇhāti,2
sabbadhamme,2
kāle,2
sotukāmataṃ,2
kālo,2
devamanussesu,2
sabbasattānaṃ,2
jīvitakkhayaṃ,2
punadivase,2
harissavaṇṇo,2
ālapati,2
panesā,2
panetaṃ,2
panettha,2
āmantesīti,2
amhākaṃ,2
attajjhāsayo,2
vacanattho,2
vadanti,2
viññugarahitā,2
vadati,2
ānandaṃ,2
assaddahanto,2
ānandena,2
moro,2
viññāṇavīthiyā,2
mayāti,2
pathavippabhāsaṃ,2
orodhagaṇaparivuto,2
upasaṅkamitvā,2
ahitāya,2
ahosi,2
atthato,2
oloketvā,2
mayāpi,2
aṭṭhāsi,2
panassa,2
panāyaṃ,2
akatapuññassa,2
uppajjati,2
paṭicca,2
vedagū,2
olokesi,2
atthesu,2
nimittaṃ,2
vinaye,2
aññatra,2
aññena,2
aññesu,2
ārāmeti,2
antepuraṃ,2
vattabbato,2
aññathā,2
anumodanaṃ,2
appaṭividdho,2
nānatthabyañjanaggahaṇaṃ,2
appābādhaṃ,2
api,2
vāyati,2
nesaṃ,2
nānappakārena,2
nīluppalakalāpaṃ,2
ārammaṇe,2
viharemu,2
vaneyeva,2
parajjhāsayavasena,2
vaṇṇe,2
vimuttiyā,2
vimuttānaṃ,2
paramatthato,2
parittaṃ,2
pariyādiyati,2
vikkhittacitto,2
namassāmi,2
vasaṃ,2
vasanaṭṭhānaṃ,2
nānākārappavattiyā,2
vihāsi,2
niddisati,2
patiṭṭhāpeti,2
pathavippabhāso,2
vutte,2
pattāti,2
ayamettha,2
ayanti,2
āyasmatā,2
pavattāya,2
mahantaṃ,2
yamhi,2
mahādānaṃ,2
āharitvā,2
ādimhi,2
yamunāya,2
yañhi,2
adhippeto,2
phāsuvihāraṃ,2
ādaraṃ,2
yathāha,2
bhagavantaṃ,2
padassa,2
yena,2
abhidhamme,2
tumhehi,2
āgato,2
avoca,2
aparampi,2
mamāti,2
vutto,2
avadhāraṇe,2
ahaṃ,2
vuttepi,2
paṭivacanaṃ,2
pālayantu,2
upadhāraṇanti,2
upadhāritanti,2
samayañca,1
padesu,1
pahānaṃ,1
samayā,1
samavāyo,1
saddhāsampadaṃ,1
samavāye,1
parehi,1
pahāne,1
paribhogaraso,1
sallakkhetuṃ,1
saddhammavaracakkavattino,1
samattho,1
pahaṭṭhakāraṇañca,1
paribbājako,1
pahaṭṭhākāraṃ,1
saddhātissamahārājā,1
paribāhiro,1
palāyissantīti,1
paresaṃ,1
pāde,1
pade,1
parinibbuto,1
parinibbānasamayoti,1
saddādigarukā,1
parimoceti,1
samayappavādake,1
saddādigarukānaṃ,1
saddagarukādīnaṃ,1
parimocento,1
padapūraṇamatte,1
saddaṃ,1
saddārammaṇādīsu,1
pariḷāhasamayotiādīsu,1
sakkoti,1
paricitāti,1
saddavidū,1
saddhaṃ,1
padavibhāgo,1
palibundhati,1
saddhammadesanākāle,1
paricchinnaniddeso,1
saddhammassavanaṃ,1
padena,1
samattāti,1
sakalasāsanapaṭiggāhakattā,1
sādhakaṃ,1
paññāpetvā,1
sahassaṃ,1
paññāpayanto,1
pañhaṃ,1
samaṇamuṇḍikāputto,1
samaṇaṃ,1
samaṇakassa,1
pakkosanepi,1
pakkosāpetvā,1
sahatthā,1
sahāyesu,1
pañcame,1
sakasakabhāsānurūpato,1
sajātiitthīnaṃ,1
panesa,1
paṇḍitoti,1
sallapantī,1
pañcasu,1
sakalena,1
pañcapi,1
sakalarājanivesane,1
pakkhe,1
paññāpubbaṅgamāya,1
paññāsiddhi,1
pañcakanipāto,1
samassāseti,1
samanupassatītiādikā,1
samanupassati,1
samanupassanā,1
parahitasukhakaraṇe,1
pāṇasamaṃ,1
parahitapaṭipattisamayo,1
samanupassāmītiādinā,1
pāpuṇi,1
pañcagarukā,1
pahiṇi,1
samaṇo,1
sāmaññalakkhaṇañca,1
sādhukāraṃ,1
pākaṭā,1
sādhukāritāguṇayuttopīti,1
papañcasūdaniyā,1
pañcagarukajātakavasena,1
pañcagarukavasena,1
saha,1
pañcagarukavaseneva,1
pāpakā,1
pañcagarukajātakaṃ,1
pakāsento,1
sabbappakārena,1
saccikaṭṭhaparamatthavasena,1
paṭivasatītiādīsu,1
paṭivedayāmi,1
paṭivedhe,1
paṭivedho,1
puriso,1
purisāyeva,1
paṭivacanadānaṃ,1
pattā,1
pattāni,1
paṭṭhāya,1
purimavacanaṃ,1
patto,1
pāvacanaṃ,1
pavanasmintiādīsu,1
purisānaṃ,1
patiṭṭhāpetvā,1
rāhulaṃ,1
paṭisedhattho,1
paṭiggahitamidaṃ,1
paṭijānanto,1
rakkhaṃ,1
paṭijānāti,1
rājorodhāya,1
rajjateva,1
paṭikkamitabbantiādīsu,1
rājanivesanaṃ,1
paṭilābhe,1
rājakumārassa,1
paṭilābho,1
patinti,1
rāhulovādasuttaṃ,1
paṭipattisabbhāvatotipi,1
rāhulassa,1
pavattabhāvappakāsanaṃ,1
pavattento,1
purimasseva,1
pavatteti,1
piṇḍāya,1
puggalo,1
puggalena,1
piṭṭhikapāle,1
piyarūpaṃ,1
puggalappakāsanaṃ,1
puggalakiccappakāsanaṃ,1
puggalakiccaniddeso,1
pucchitvā,1
porāṇā,1
pucchatīti,1
pucchanto,1
pucchanti,1
puccha,1
porāṇehipi,1
piṇḍapātikattherassa,1
raññā,1
puññaṃ,1
pupphesu,1
pavisanto,1
paviṭṭho,1
purimaṃ,1
pavuccatīti,1
payogāsayasuddhassa,1
payogasuddhi,1
payogasuddhiyā,1
pesitassa,1
phassādidhammānaṃ,1
phasso,1
purimacakkadvayasiddhiyā,1
purimacakkadvayasampattiṃ,1
pīḷanaṭṭho,1
pūretunti,1
puretarameva,1
piḷandhanamālādīnaṃ,1
paṭiggahesunti,1
paṭiassosuṃ,1
rañño,1
sabbamālāvilepanādisugandhagandhaṃ,1
parittakammato,1
sabbahatthino,1
sabbaguṇavisiṭṭhatāya,1
sabbadevamanussānaṃ,1
parivārito,1
pariyādānaṃ,1
pariyādānānubhāvadassanavasena,1
pariyādānānubhāve,1
rūpūpapattiyā,1
rūpūpajīvino,1
rūpe,1
rūpāyatanasaṅkhāte,1
rūpassa,1
rūpasaddo,1
sabbametaṃ,1
rūpappasannoti,1
sabbaññutaññāṇena,1
pubbāparakusaloti,1
sacchikatanti,1
saccamevesā,1
sacāhaṃ,1
sabbopesa,1
paripakkā,1
sabbo,1
paripālitaṃ,1
sabbe,1
parisāya,1
sabbathāmena,1
sabbāsavasuttavaṇṇanāyaṃ,1
sabbasattuttamassa,1
sabbasampattiyā,1
sabbāsaṃ,1
parittakammaṃ,1
sabbaparisasādhāraṇā,1
sadāsannihitā,1
pariyādiyatītiādīsu,1
rūpanti,1
rudāmi,1
pathabyā,1
ropitaṃ,1
paṭhamamahāsaṅgīti,1
paṭhamamahāsaṅgītikāle,1
rodantiyā,1
paṭhamasutte,1
rodanakāraṇañca,1
ravissāmi,1
rattiṃ,1
paṭhamavaye,1
paṭhamuppannattā,1
rattibhāge,1
rasopi,1
rasāyatanaṃ,1
rūpabhave,1
rūpappamāṇo,1
pasutotiādīsu,1
passatotiādīsu,1
pariyādiyitvātiādīsu,1
parodi,1
rūpanteva,1
rūpāni,1
pāsādikā,1
pasatthabhāvānurūpaṃ,1
rūpakkhandhe,1
rūpakāyaparinibbānaṃ,1
pasenadikosalo,1
pasīditvā,1
rūpagaruko,1
passāmīti,1
rūpagarukānaṃ,1
passatīti,1
rūpādīni,1
pasutaṃ,1
pubbaṅgamaṃ,1
savanābhāvato,1
samayassa,1
ussāhaṃ,1
uppattiyā,1
uppattiñcassa,1
uppannaṃ,1
uppaṇḍetvā,1
uppalaṃva,1
uppalagandhoti,1
uppalagandho,1
uppajjanti,1
uppajjamāno,1
uppāditabhāvaṃ,1
uppādeti,1
upayogena,1
upayogavacanena,1
upayogavacananiddeso,1
upaṭṭhākānaṃ,1
upasiṅghitvā,1
upasaṅkameyyāma,1
upasaggapadaṃ,1
upanidhāya,1
upanidhāpaññatti,1
uttānamevāti,1
upamūpadesasampahaṃsanagarahaṇavacanasampaṭiggahākāranidassanāvadhāraṇādianekatthappabhedo,1
uttari,1
uṭṭhitena,1
vaṇṇaṃ,1
vane,1
vanditvā,1
vajirasaṅghātasamānakāyo,1
vagge,1
vadetha,1
vadehi,1
vaḍḍheti,1
vadanto,1
vadamāno,1
vadamānā,1
vadaṃ,1
vacasā,1
vacanato,1
vacanassa,1
vacanasampaṭiggahe,1
vacananti,1
vacanamuttamaṃ,1
utumhi,1
utugandhena,1
uttiṇṇabhāvaṃ,1
uttarimanussadhammānuyoganimittaṃ,1
upamāyaṃ,1
upaladdhaṃ,1
upakārabahulataṃ,1
udayakāle,1
udakaṃ,1
ubhopi,1
ubhayattha,1
ubhayampi,1
ubhayakiccayuttapuggalaniddeso,1
ubhayākāraṃ,1
tuvaṃ,1
tumhe,1
tumhākaṃ,1
todeyyaputto,1
todeyyaputtassa,1
tīre,1
tiracchānagatānaṃ,1
tiracchānagatā,1
tipiṭakacūḷanāgacūḷābhayattherā,1
tīṇipi,1
tindukācīre,1
tikanipāto,1
thokaṃ,1
ṭhitopi,1
udayato,1
uddesatthāya,1
uddhane,1
uddhatadīnabhāvaniggahaṃ,1
upakappati,1
upagato,1
upagamanaṃ,1
upadese,1
upādāyātiādīsu,1
upādāyāti,1
upādāya,1
upādāpaññatti,1
upacitanti,1
uṇhenapi,1
vaṇṇanāya,1
uṇhasamayo,1
ummattakacittattherotveva,1
ummattakacittattherassa,1
ummādappatto,1
ulloketvā,1
ukkhipitvā,1
ukkaṇṭhitaṃ,1
uggāhamāno,1
udetayaṃ,1
uddisituṃ,1
uddisāpetuṃ,1
ummattakavacanameva,1
vaṇṇayanti,1
vaṇṇo,1
vantagamano,1
vuccamānopi,1
vuccamānā,1
vohariṃsu,1
viyāti,1
vividhapāṭihāriyaṃ,1
vivicceva,1
vivekādhimuttiṃ,1
vivaṭavātapānena,1
vivaranto,1
vitthāro,1
vitthāritanayeneva,1
vitthāritameva,1
vitthāritā,1
vitthārato,1
vītināmetvā,1
vīti,1
visuddhimagge,1
vissutadhammassāti,1
visaye,1
visayaniddeso,1
visabhāgārammaṇe,1
vuccanti,1
vuccatīti,1
vuḍḍhapabbajito,1
vuttānaṃ,1
yojanadviyojanatiyojanacatuyojanampi,1
yāvatatiyaṃ,1
yattha,1
yathodaketi,1
yathayidanti,1
yathayidaṃ,1
yathāsutaṃ,1
yathāruciyā,1
yathānusiṭṭhaṃ,1
yassatthāya,1
visabhāgārammaṇaphasso,1
yassā,1
yaṃnūnāhaṃ,1
yaṃkiñci,1
yadi,1
yadatthaṃ,1
vuttoyeva,1
vuttiṃ,1
vuṭṭhāpeti,1
vuttaviññāṇasamaṅgipuggalanidassanaṃ,1
vuttāni,1
vuttanayeneva,1
yasmiñca,1
ṭhito,1
viravitvā,1
viññuppasatthā,1
verīti,1
veditabbāni,1
vattuṃ,1
vatthūsupi,1
vatthūni,1
vatthukāmappahānato,1
vatthasuttanti,1
vatthālaṅkāramālādīnampi,1
vaṭṭati,1
vaṭṭameva,1
vattabbā,1
vassasatāni,1
vasenassa,1
vasena,1
vasato,1
vasati,1
vasanto,1
vāsamakappayīti,1
vasalī,1
vārisayo,1
vārijo,1
vibhattavā,1
vicaranti,1
vicarati,1
vicāretvāva,1
viññātuṃ,1
viññāṇavasena,1
viññāṇakiccaniddeso,1
vineyyanti,1
vīṇāya,1
vināseti,1
vināsayati,1
vīṇāsaṅkhapaṇavādisaddopi,1
vimuttiparipācanīyā,1
vimati,1
vipariṇāmaṭṭho,1
vilapasi,1
vikkhittacittāpi,1
vijjamānesu,1
vijjamānapaññatti,1
vijjamānanti,1
viharitunti,1
viharaticceva,1
viharanto,1
vicuṇṇikaṃ,1
vicuṇṇayiṃsu,1
vicchinditvā,1
vikkhittacittassa,1
samayasaddo,1
ṭhitanisinnaṭṭhānesu,1
ṭhitā,1
sāvakasampattiṃ,1
sāvakānaṃ,1
saupasaggo,1
satthusantikāvacarattāti,1
satthusantikattā,1
satthucariyānuvidhāyakattā,1
saṭṭhihāyanaṃ,1
satthāti,1
sattapaññāsa,1
sattakanipāto,1
sattā,1
satta,1
satiyā,1
satisiddhi,1
satipubbaṅgamāya,1
satimantānaṃ,1
sātarūpaṃ,1
sāsanasampatti,1
sarūpā,1
sarīre,1
sarīragandho,1
sāvakattaṃ,1
sāriputtaṃ,1
pādaṃ,1
savanamanasikārāyattā,1
siddhā,1
seṭṭho,1
seṭṭhaṃ,1
seṭṭhā,1
sesavacanaṃ,1
sesaṃ,1
sesā,1
senāya,1
sedagandhinī,1
sayānopi,1
sāyanhasamaye,1
sāyanhakālasamanantare,1
sayambhū,1
sāvatthiyā,1
sāvatthivacanena,1
sāvatthivacanaṃ,1
savane,1
savanayogena,1
savanayogadīpakavacanaṃ,1
savanaraso,1
savanamanasikārepi,1
savanakiccaviññāṇasamaṅginā,1
sāriputtādīhipi,1
saraṃ,1
sappurisūpanissayavirahitassa,1
samūhattho,1
samuddasmiṃ,1
sampaṭicchiṃsu,1
samparāyiko,1
sampahaṃsane,1
samodhānetvā,1
sammuṭṭhaṃ,1
sammūḷho,1
sammukhā,1
saṃmoheti,1
sammāsambuddhoti,1
sammāsambuddhassa,1
saṃkhittena,1
sāmiko,1
sāmī,1
same,1
sambodhesīti,1
sambodhanatthena,1
sambandho,1
samayopi,1
samayenāti,1
samūhe,1
samūho,1
saṃvaccharādīsu,1
saṃvaccharautumāsaaḍḍhamāsarattidivapubbaṇhamajjhanhikasāyanhapaṭhamamajjhima,1
sappurisūpanissayañca,1
sappurise,1
sappurisabhūmiṃ,1
sāpi,1
santike,1
saṇṭhāne,1
santāpetvā,1
santāpaṭṭho,1
sannipatitvā,1
sannipatitānaṃ,1
sīhanādanādino,1
sannipātaṭṭhāne,1
saṅkhataṭṭho,1
sañjānitvā,1
saṅgaṇhitabbāni,1
sandhāya,1
saṇḍāsena,1
saṃvejeti,1
saṃvegasamayo,1
saṃvaḍḍhitaṃ,1
saṃvaḍḍhabhāvaṃ,1
saṃvacchare,1
saññāya,1
sikkhāpadāni,1
sikkhāpadapaññattihetuñca,1
sikkhāpadapaññattisamayo,1
tantiyo,1
tantissarena,1
taṃsamaṅgino,1
tammūlako,1
tamhā,1
tamatthaṃ,1
tadubhayenapi,1
tadubhayasamatthatāyogena,1
tadatthaparinipphādanaṃ,1
tadanurūpavihāraṃ,1
tadabhāvato,1
svepi,1
svāyamidha,1
suviditaṃ,1
suvavatthāpitaṃ,1
suvaṇṇamoropi,1
suvaṇṇamorassa,1
suvaṇṇakakkaṭako,1
suvaṇṇakakkaṭakasuvaṇṇamoradaharabhikkhuādīnaṃ,1
suvaṇṇakakkaṭakassa,1
suttesu,1
tāsampi,1
tassāpi,1
tasseva,1
tāsu,1
theroti,1
there,1
therassa,1
ṭhatvā,1
ṭhapento,1
ṭhāne,1
ṭhānagamananisajjāsayanappabhedesu,1
thāmasatisampanno,1
tesupi,1
tesampi,1
suttavaṇṇanā,1
tenupasaṅkamatu,1
tenassa,1
tenābhibhūto,1
tatridaṃ,1
tatrāti,1
tatoti,1
tato,1
tatiye,1
tatiyasutte,1
tathāgato,1
tathāgatappaveditaṃ,1
tenupasaṅkama,1
ṭhitaṃ,1
suttato,1
suttasahassāni,1
sugatātiādīsu,1
sudhāmuṇḍakavāsī,1
subho,1
subhassa,1
sotuṃ,1
sotukamyataṃ,1
sotena,1
sotaviññeyyanti,1
sotaviññāṇādiviññāṇakiccanidassanaṃ,1
sotapathamāgacchantaṃ,1
sotadvārānusāraviññātadharoti,1
sotabboti,1
sotabbabhedapaṭivedhadīpakena,1
sopi,1
soṇitagandhinī,1
siyā,1
sivathikadassanatthāya,1
sithilamakāsi,1
sītenapi,1
siṅgīmigo,1
sikkhāya,1
sukhāvagāhaṇatthaṃ,1
sukhāya,1
sukhena,1
sumaṅgalavilāsiniyā,1
suttānusārena,1
suttante,1
suttantaṃ,1
suttanikkhepavicāraṇā,1
suttanikkhepaṃ,1
suttanikkhepā,1
sutoti,1
sutassa,1
sutasannicayotiādīsu,1
sutasaddo,1
suttasatāni,1
sutantiādimāha,1
sutamevetaṃ,1
sutadharo,1
sutadhammassa,1
sutā,1
suppiyo,1
suppaṭividdhāti,1
suppakāsā,1
sūpaṭṭhitā,1
suṇiṃsu,1
suṇanto,1
sutamiccevaṃ,1
abbhantare,1
mukhaṃ,1
pacchimayāmamuhuttādīsu,1
bhummamevatthoti,1
bhītaravaṃ,1
bhikkhūyeva,1
bhikkhūtiādinā,1
bhikkhusaṅgho,1
bhikkhusaṅghe,1
bhikkhūnaṃ,1
bhikkhuṃ,1
bhikkhavetiādīsu,1
bhikkhane,1
bhummavacanaṃ,1
bhikkhanasīlatāguṇayuttopi,1
bhikkhanasīlatādiguṇayogasiddhattā,1
bhikkhanadhammatāguṇayuttopi,1
bhikkhakoti,1
bhikkhācariyaṃ,1
bhayā,1
bhāvo,1
bhavitunti,1
bhāvitā,1
bhavissatīti,1
bhāvetīti,1
bhikkhanasīlatādiguṇayogasiddhena,1
bhavesu,1
bhummavacananti,1
bodhimaṇḍeti,1
cattāro,1
cattāripi,1
cāti,1
carati,1
caranto,1
carantīti,1
caranti,1
carantāni,1
cakkhuviññāṇassa,1
cakkhuviññāṇanti,1
bhummena,1
cakkhuñca,1
cakkavattino,1
byañjane,1
byañjanāvadhāraṇasamatthatā,1
byañjanato,1
byañjanakusalo,1
byākho,1
bujjhanabhāvañca,1
buddho,1
buddhānussatiniddese,1
brahmacariyavāsāyātiādīsu,1
cakkavattirañño,1
bhāvenabhāvalakkhaṇattho,1
bhāvena,1
bhavathātiādīsu,1
bahūnaṃ,1
bahulīkatā,1
bahujanasukhāya,1
bahujanahitāya,1
bahū,1
bahu,1
bāhiyātiādi,1
bahiddhā,1
baddhāpeti,1
ayya,1
bahunti,1
ayutte,1
āyatacakkhunetto,1
ayañhi,1
ayañhettha,1
ayañca,1
ayampi,1
ayamevetassa,1
ayamānisaṃso,1
avocumha,1
avisesena,1
avikkhepena,1
ayoniso,1
bahussutānaṃ,1
bajjhāpeti,1
bajjhitvā,1
bhavantaṃ,1
bhavaṃ,1
bhattavā,1
bhattakiccapariyosāne,1
bhāsitaṃ,1
bhāsitabbayutte,1
bhāsato,1
bhāsatītiādīsu,1
bhanteti,1
bhaṇati,1
bhaṇathāti,1
bhaṇanto,1
bhājiyamānesu,1
bhājanaṃ,1
bhāgyavā,1
bhaggavā,1
bhagehi,1
bhagavāpi,1
bhagavāetadavocāti,1
bhaddako,1
bhaddakenākārena,1
bārāṇasiyaṃ,1
balaṃ,1
cattho,1
catubhūmakampi,1
catukkanipāto,1
catupaññāsahiraññakoṭipariccāgena,1
dhammadīpassa,1
dhammādhipatino,1
dhammadesanāya,1
dhammadesanaṃ,1
dhammadesanābhiyogaṃ,1
dhammadesanā,1
dhammadāyādasuttaputtamaṃsūpamādīni,1
dhammadāyādā,1
dhammacakkappavattananti,1
dhammabhaṇḍāgārikattasiddhi,1
dhammakathaṃ,1
deviyā,1
devatāsaṃyuttabojjhaṅgasaṃyuttādīni,1
devatānaṃ,1
devamanussānaṃ,1
devamanussā,1
deti,1
desiyamāne,1
desitāti,1
desitaṃ,1
desetūtiādīsu,1
deseti,1
devī,1
dhammakosassa,1
dhammakusalo,1
dhammameva,1
diṭṭhadhammasukhavihārasamayo,1
disvā,1
dinnayāgubhattādīnaṃ,1
dinnameva,1
dīghanikāyaṭṭhakathāya,1
dhūmaṇṇanti,1
dhitimantānaṃ,1
dhīro,1
dhīrātiādīsu,1
dhātā,1
dhāretuṃ,1
dhāraṇabalaṃ,1
dhammissarassa,1
dhammikathāsamayo,1
dhammikasukhāpariccāganimittaphāsuvihāraṃ,1
dhammatthadesanāpaṭivedhagambhīraṃ,1
dhammasenāpatinā,1
dhammasarīraṃ,1
dhammasaraṇassa,1
dhammarājassa,1
dhammappakāsanaṃ,1
dhammaniruttipaṭisambhidāsampattisabbhāvaṃ,1
dhammanettiṃ,1
desesīti,1
avikkhepaṃ,1
desesi,1
dese,1
daharabhikkhuno,1
cittuppādaṃ,1
cittatthero,1
cittatthera,1
cittasantānena,1
cittasamuṭṭhāno,1
cittapariyādānasuttaṃ,1
cintesi,1
cintento,1
cintentāpi,1
daharaṃ,1
chātapabbatavāsī,1
cetiyagirimhi,1
cetiyagiriṃ,1
cetaṃ,1
ce,1
cāyaṃ,1
catuvesārajjavisāradassa,1
catutthe,1
catūsu,1
catusamuṭṭhāne,1
cāturantāya,1
chakkanipāto,1
daharasāmaṇerehi,1
daharassa,1
daḷhīkaraṇatthaṃ,1
desanāsampattiṃ,1
desanāsamayasaṅkhātaṃ,1
desanāpaṭipattisamayesu,1
desanā,1
desako,1
desakasampattiṃ,1
desakāle,1
desakālaparidīpanaṃ,1
denti,1
datvā,1
daṭṭhabbo,1
daṭṭhabbanti,1
daṭṭhabbaṃ,1
dassetvā,1
dassetīti,1
dasseti,1
dassanīyā,1
dasakanipāto,1
dasabaladharo,1
dasabaladharassa,1
dāpeti,1
dāpesi,1
damiḷadevīti,1
desento,1
avijjamānapaññatti,1
avijjamānabhāvaṃ,1
avidūraṭṭhāne,1
anāmantetvā,1
anajjhiṭṭho,1
anagāriyabhāvaṃ,1
ambatthale,1
amanussehi,1
āmantetvā,1
āmantehīti,1
āmantayāmi,1
āmantanaṃ,1
āmantanākāraparidīpanaṃ,1
ānandoti,1
alomo,1
ālapi,1
alaṅkatapaṭiyatto,1
alaṅkatālaṅkārassāpi,1
alaṅkārassa,1
akkamitvā,1
akīḷitvā,1
ākhyātapadanti,1
akatvā,1
ākāso,1
ākāseyeva,1
aḷehi,1
anappakantiādīsu,1
anāthapiṇḍikassa,1
anāthapiṇḍikassāti,1
anukampaṃ,1
antouṭṭhitena,1
antamakāsi,1
aññataravihārasamaṅgiparidīpanametaṃ,1
aññatarassa,1
aññataraṃ,1
aññatarairiyāpathasamāyogaparidīpanaṃ,1
aññasmiñca,1
aññasmiṃ,1
aññanti,1
aniyamitaparidīpanaṃ,1
aniccato,1
aniccasaññā,1
aṅguttarāgamo,1
aṅguttarāgame,1
anekesu,1
aneke,1
anekakālappabhedā,1
anekajjhāsayasamuṭṭhānaṃ,1
andhabālo,1
anavajjā,1
anatikkamanto,1
anāthapiṇḍikena,1
ākāro,1
anūnādhikāviparītaggahaṇanidassanaṃ,1
ākāre,1
ākārapaññatti,1
ādi,1
adhippetā,1
adhikaraṇattho,1
adhikaraṇaṃ,1
adhigamabyattisiddhi,1
ādāya,1
adassanena,1
ādarena,1
adahanto,1
ācikkhi,1
ādikālatthe,1
accantasaṃyogattho,1
abhojaneyyantiādīsu,1
abhisambodhisamayo,1
abhisamayaṭṭhotiādīsu,1
abhinikkhamanasamayo,1
abhinīhāraṃ,1
abhimukhaṭṭhāne,1
abhimukhā,1
abhilāpamattabhedo,1
abhikkamitabbaṃ,1
abhāsi,1
accantameva,1
ādiṃ,1
ādisaddena,1
ādīsu,1
ākāranidassanāvadhāraṇesu,1
ākaṅkheyyasuttaṃ,1
akālo,1
ākaḍḍhitvā,1
ajjhupagatoti,1
ajjhattaṃ,1
ajjhāsayeneva,1
ajjhāsayenāti,1
ajjhāsayaṃ,1
ājānāmītiādīsu,1
ahosītiādīsu,1
āhāti,1
āharitabbaṃ,1
āharāpetvā,1
ahanti,1
aggi,1
aggahetvā,1
āgate,1
āgatāti,1
āgantukaanulepanādigandhova,1
āgantukaanulepanādigandho,1
āgamādhigamasampannassa,1
āgamabyattisiddhi,1
ākāratthena,1
diṭṭhādīni,1
anūnamanadhikaṃ,1
anupalittataṃ,1
attappakāsanaṃ,1
attanā,1
attakilamathānuyogavivajjanaṃ,1
attahitaparahitapaṭipattisamayesu,1
attabhāvaṃ,1
ativiya,1
atīte,1
atītānāgatapaccuppannanti,1
atikkantasatthukaṃ,1
atikkamati,1
attasammāpaṇidhiṃ,1
atheko,1
asukautumhi,1
asukatthero,1
asukasaṃvacchare,1
asukarattibhāge,1
asukapakkhe,1
asukamāse,1
asukadivasabhāge,1
assuṇanto,1
assosi,1
assavanabhāvapaṭikkhepato,1
athassa,1
attato,1
atthābhisamayā,1
atthabyañjanaparipuṇṇaṃ,1
avassutassātiādīsu,1
avassutā,1
avadhāraṇatthena,1
aṭṭhuppattiyā,1
aṭṭhuppattikoti,1
aṭṭhuppattiko,1
aṭṭhittaco,1
atthīti,1
atthayojanā,1
atthāya,1
atthavaṇṇanā,1
atthasambhavato,1
atthapaṭivedhasamatthatā,1
atthapaṭibhānapaṭisambhidāsampattisabbhāvaṃ,1
atthaṅgataṃ,1
atthamapekkhitvā,1
atthakusalo,1
aṭṭhakanipāto,1
atthakāmānaṃ,1
atthadvaye,1
atthabyañjanasampannassa,1
atthabyañjanasampannaṃ,1
atthabyañjanapāripūriṃ,1
assāmikā,1
anupālanasamatthato,1
assagandhinī,1
assaddhaṃ,1
arahaṃ,1
āraddhamatte,1
appeva,1
appeti,1
appatirūpadese,1
appaṭijānanto,1
appātaṅkaṃ,1
appaṇihitattassa,1
appaṇihitattano,1
apetayaṃ,1
arahati,1
apekkhamāno,1
aparipatantaṃ,1
aparesupi,1
āpaṇādivicāraṇāya,1
apagamanaṃ,1
apadisati,1
anuppatto,1
anupekkhitā,1
anupavisitvā,1
anupassayamānassa,1
anupasaggo,1
aparipūrakārīti,1
ārammaṇaṃ,1
ārammaṇāni,1
arasarūpotiādīnipi,1
āsayavasena,1
āsayasuddhiyā,1
āsayasuddhi,1
āsayānusayavasena,1
āsavānaṃ,1
asaritvā,1
asappurisabhūmiṃ,1
āsannā,1
āsanāni,1
asaṃvare,1
asaṃvaraniyāmena,1
asammosena,1
asammosaṃ,1
asammohena,1
asammohaṃ,1
asakkontā,1
asaddhammā,1
āsabhaṭṭhānaṭṭhāyino,1
āsā,1
arūpāti,1
arūpasaññī,1
aruṇuggaṃ,1
ariyadhammassa,1
assaddhiyaṃ,1
pacchinditvā,1
diṭṭhaṃ,1
diṭṭhi,1
madhuranti,1
maccena,1
mā,1
lumbinivane,1
luddakassa,1
lokiyalokuttarāya,1
lokena,1
lokānukampāya,1
lokagarudīpanaṃ,1
lohapāsādadvāre,1
maggaṃ,1
lohapāsādadvārakoṭṭhake,1
lahuṭṭhānaṃ,1
laddhoti,1
laddhasavanakiccavohārena,1
laddhanti,1
labhetha,1
kuṭumbikadhītāya,1
kusalaṃ,1
kusalakammassa,1
kusalacittaṃ,1
kusalā,1
lakkhīyati,1
kuñjaraṃ,1
mahācetiyaṅgaṇe,1
mahāhatthiṃ,1
maññanti,1
māṇavo,1
māṇavassa,1
māṇavaka,1
manasikaroto,1
manasikarontāpi,1
manasikāro,1
manasikārena,1
manasikāraṃ,1
manasikāradīpakavacanaṃ,1
mahādāṭhikanāgarājā,1
manasā,1
mānābhisamayā,1
mallikāya,1
majjhimaṭṭhakathāya,1
mahesī,1
mahāthūpaṃ,1
mahatā,1
mahāsamayo,1
mahārāja,1
mahāpurisassa,1
mahāparibhogasaro,1
manaṃ,1
kuḷīro,1
kuḷīrena,1
kuḷīrā,1
kattuniddeso,1
kattu,1
kattabbāti,1
kattabbanti,1
kattabbaṃ,1
kathitepi,1
kathitaṃ,1
kathitagītavāditasaddo,1
kathetukamyatādīpakena,1
kathetabbo,1
kāyappaṭibaddho,1
kathāsavanayuttapuggalavacanaṃ,1
katāya,1
kataro,1
katapuññataṃ,1
katamo,1
katamāya,1
kasiṇanimitte,1
karuṇāya,1
karuṇāvipphārasommahadayanayananipātapubbaṅgamena,1
karuṇāvihārena,1
karuṇākiccasamayo,1
kathaṃ,1
kāyāruḷho,1
kāyasamphasso,1
kāyūpapanno,1
koci,1
ko,1
kireko,1
kiñhettha,1
kiñci,1
kiñcāpi,1
kiñca,1
kiṃpaccayā,1
kiṃnidānā,1
kiṃkārapaṭissāvitādivasena,1
kimatthaṃ,1
kilinnākilinnassāti,1
khoti,1
khipi,1
khepetvā,1
khepayamānaṃ,1
khepanaṃ,1
khaye,1
khantiṃ,1
khaṇe,1
khandhabhavanimittapaccayasarīravaṇṇasaṇṭhānādīsu,1
khaṇasamavāyahetusaṅkhātassa,1
kesaṃ,1
maññatha,1
manussānaṃ,1
māravijayasamayo,1
māreti,1
niyojeti,1
niyāmena,1
niviṭṭhākāro,1
nivesanaṃ,1
nivatthavatthaṃ,1
nivatthanivāsanassāpi,1
nivatthanivāsanassa,1
nivatthanivāsanaanulittālepanapiḷandhamālādigandho,1
nivārayamānameva,1
niṭṭhituddesakicco,1
niyyātitattā,1
nisinnopi,1
nisinnesu,1
nisinnā,1
niruttikusalo,1
nirupalepataṃ,1
nipāto,1
nipātesu,1
nipātapadaṃ,1
nipātā,1
nīluppalaṃ,1
nikkhittassa,1
nisinno,1
okāso,1
okāsoti,1
okkamati,1
pacchimacakkadvayasiddhiyā,1
pacchimacakkadvayasampattimattano,1
pacchā,1
paccaye,1
paccayaggahaṇato,1
paccavekkhantāpi,1
paccassosuntiādīsu,1
paccassosunti,1
paccālapanti,1
paccakkhaṃ,1
paccābhāsanti,1
pabbatantaraṃ,1
pabbatagahanaṃ,1
pabbajitānurūpanivāsanaṭṭhānanidassanatthaṃ,1
pabbajitānuggahakaraṇaṃ,1
pabbaji,1
oṭṭhamaṃsasammakkhanakheḷādirasopi,1
otiṇṇotiṇṇe,1
otārāpekkhā,1
opammavasena,1
oloketvāpi,1
olokentopi,1
olokento,1
nikkhittaṃ,1
karonto,1
nikkhepesu,1
niddisissāmi,1
nakārena,1
nagare,1
nacirasseva,1
mutantiādīsu,1
muṇḍakassa,1
muñca,1
mukhābhimukhe,1
morakukkuṭikāya,1
moheti,1
mocetuṃ,1
nakāro,1
metiādīni,1
mesaddassa,1
meṇḍakagandhinī,1
mayhanti,1
mayaṃ,1
mātugāmena,1
mātugāmassa,1
matāya,1
matāti,1
matabhāvaṃ,1
māse,1
mesaddo,1
naṃ,1
nāmaṃ,1
nāmapadāni,1
niddesaṃ,1
nidasseti,1
nidassane,1
nidassanatthena,1
nidānamādi,1
niccatoti,1
niccalova,1
niccakālaṃ,1
netvā,1
nayenettha,1
navakanipāto,1
nava,1
nāpi,1
ñāpanepi,1
nanu,1
nānappakārapaṭivedhasamattho,1
nānappakārapaṭivedhadīpakena,1
nānappakārapaṭivedhābhāvato,1
nānānayanipuṇaṃ,1
ñāṇakaruṇākiccasamayesu,1
nānākārappavattena,1
nānākāraniddesoti,1
nānākāraniddeso,1
niddisitabbappakāsanaṃ,1
karissatīti,1
karissāmettha,1
kārāpetvā,1
gaṇhantassa,1
gaṇhantaṃ,1
gaṅgāyamunādīnaṃ,1
gandhāyatanaṃ,1
gandhavaṇṇakādīnaṃ,1
gandhapūraṃ,1
gaṇasajjhāyaṃ,1
gaṇanaparicchedaniddeso,1
gamissāmīti,1
gameti,1
gaṇhi,1
gāme,1
gamanavissutakilinnaupacitānuyogasotaviññeyyasotadvārānusāraviññātādianekatthappabhedo,1
gamanaṃ,1
gahitākāreneva,1
gahaṭṭhānuggahakaraṇaṃ,1
gahapatinā,1
gahaṇasanniṭṭhānaṃ,1
gacchatu,1
gacchatīti,1
gacchantoti,1
gacchantopi,1
gāmassa,1
gaṇhituṃ,1
gaṇhitvā,1
garahaṇe,1
guṇe,1
goyūthāni,1
gotamasāvakoti,1
gocaraṃ,1
gocaragāmanidassanatthaṃ,1
gītassaraṃ,1
gītasaddaṃ,1
giribhaṇḍapūjaṃ,1
gihibhūtena,1
gehassa,1
gehadvāre,1
gāyi,1
gatimantānaṃ,1
gāthāya,1
gāthaṃ,1
gāthābhigītaṃ,1
gate,1
gataṭṭhāne,1
gataṃ,1
gatā,1
garuñhi,1
gāravayutto,1
gāravavacanametaṃ,1
gacchanti,1
guttilavīṇāvādako,1
gabbhokkantisamayo,1
evarūpā,1
ekasmiṃ,1
ekasālake,1
ekarūpampīti,1
ekanti,1
ekampi,1
ekamevārammaṇaṃ,1
ekādasakanipātoti,1
ekādasa,1
ekacco,1
dvepi,1
ekekissā,1
dvāranti,1
dutiyādīni,1
dukkhassātiādīsu,1
dukkhassa,1
dukkarakārikasamayo,1
dukanipāto,1
duggandho,1
duggahitaṃ,1
dubbiññeyyo,1
divasabhāge,1
diṭṭhiyā,1
dutiyasutte,1
ekenākārena,1
ekeneva,1
eko,1
evañca,1
evaṃvidhassa,1
evaṃsaddo,1
evaṃsaddena,1
evampi,1
evaṃnāmake,1
evaṃjātike,1
evamimesu,1
evamidhāpi,1
evamevaṃ,1
evameva,1
evametesu,1
evamāhaṃsu,1
evamādinā,1
evamādayo,1
etesu,1
ete,1
etamatthaṃ,1
etaṃ,1
etadaggaṃ,1
esanāti,1
esa,1
ekova,1
evarūpāyapi,1
diṭṭhe,1
harāpetvā,1
haratīti,1
jīvitamadamattaṃ,1
jinavacanaṃ,1
jhānappasutā,1
jhānānuyuttāti,1
jeṭṭhaseṭṭhāsannasadāsannihitabhāvato,1
jeṭṭhakaṃ,1
jeṭṭhā,1
jetavane,1
jetavananti,1
jetavanaṃ,1
jīvite,1
jetavanādikittanena,1
jāyate,1
jātisamayo,1
jātena,1
jātassa,1
jātaṃ,1
jānissati,1
janetvāpi,1
janetvā,1
janetabbāti,1
jānāpetuṃ,1
jetassa,1
kahaṃ,1
kāladesadesakaparisāpadesapaṭimaṇḍitaṃ,1
kāḷadīghavāpigāmadvāravihāraṃ,1
karaṇīyadvayasamayesu,1
karaṇena,1
karaṇattho,1
karaṇabhūtena,1
kapaṇaṃ,1
kantāramajjhe,1
kaṅkhā,1
kammaṭṭhānaṃ,1
kāmehīti,1
kāmāvacaranti,1
kāmasukhallikānuyogavivajjanūpāyadassanaṃ,1
kāmarāgaṃ,1
kalyāṇiyamahāvihārato,1
kālena,1
kālattho,1
kālasampattiṃ,1
kālappabhedabhūtesu,1
kālantarena,1
kālañca,1
kālamakāsi,1
kālamakaṃsu,1
kālāmā,1
kālaṃ,1
jahissāmi,1
harati,1
jaheyyāti,1
itthisarīrāruḷhānaṃ,1
hitāya,1
hitasukhanipphādanādhimuttitaṃ,1
hitā,1
hīnādhikajanasevitaṃ,1
himavantaṃ,1
heva,1
hetudiṭṭhisu,1
hetubhūtena,1
hetuattho,1
hetu,1
hontiyeva,1
heṭṭhā,1
heso,1
hesa,1
hatthināgaṃ,1
hatthināgakulaṃ,1
hatthināgā,1
hatthinā,1
hatthikāyaṃ,1
hatthiassagoṇādayo,1
hatthena,1
hatthaṃ,1
hetaṃ,1
hosi,1
hotītiādīsu,1
hotu,1
itthisaddotveva,1
itthisaddoti,1
itthisaddassavanena,1
itthisaddaṃ,1
itthirūpato,1
itthirūpassa,1
itthirūpanteva,1
itthiratanassa,1
itthirasotveva,1
itthiphoṭṭhabbotveva,1
itthiphoṭṭhabboti,1
itthipayoganipphādito,1
itthikāye,1
itthigandhotveva,1
itthigandhoti,1
iriyāpathesu,1
iriyāpathena,1
iriyāpathadibbabrahmaariyavihāresu,1
iriyāpathabādhanaṃ,1
imissāpi,1
īdisaṃ,1
idhāti,1
icchi,1
itthiyopi,1
yutto,1
