ca,530
tattha,326
ayaṃ,252
na,235
so,131
katamo,129
yaṃ,127
yo,113
dhammā,105
taṃ,101
vā,94
tassa,91
te,90
idaṃ,88
padaṭṭhānaṃ,87
hāro,84
ime,76
ye,75
evaṃ,71
hoti,65
yā,64
yathā,56
paccayo,55
cittaṃ,54
viharati,46
tena,43
hetu,42
jhāne,40
jhānaṃ,40
dasseti,39
dve,37
paññattaṃ,37
kiṃ,35
paññattā,34
katamā,34
paññā,34
puggalo,33
suttaṃ,33
adhippāyo,32
yāva,30
sutte,30
hi,29
bhagavato,29
tesaṃ,28
dhammesu,28
pana,28
bhavati,28
sabbe,27
yañca,27
iti,27
dhamme,26
ko,25
tamo,25
sattā,25
imāni,25
atthi,24
cattāri,24
yena,24
pahānaṃ,24
tathā,24
sīlaṃ,24
puññaṃ,23
sā,23
vuccati,23
vicayo,23
sukhaṃ,22
saddhā,22
kathaṃ,22
pāpuṇāti,22
lakkhaṇo,21
veraṃ,21
manasā,20
yathābhūtaṃ,20
cattāro,20
paṭikūlesu,19
catubyūho,19
vuccate,19
manasikāro,19
dadato,19
dukkhaṃ,19
honti,19
samāropano,19
imamhi,19
dhammo,18
gacchati,18
kāme,18
diṭṭhiyā,18
saṃyamato,18
ete,18
karoti,18
yutti,18
maggo,17
sa,17
joti,17
rāgadosamohakkhayā,16
nibbutoti,16
dhammānaṃ,16
dhammāti,16
saccāni,16
bhagavā,16
appaṭikūlasaññī,16
paññatti,16
idha,16
ārambho,15
otaraṇo,15
samādhi,15
āvaṭṭo,15
upasampajja,15
desanā,15
paṭipakkho,15
samudayo,15
dasa,15
appaṭikūlesu,15
kāmesu,14
cittassa,14
tīṇi,14
paṭilabhati,14
jahāti,14
pavaḍḍhati,14
nirodho,14
cāgo,14
paṭhamaṃ,14
pariyāyo,14
aparo,14
puna,14
taṇhā,14
sodhano,14
kusalo,14
natthi,14
pañca,14
sabbaṃ,13
bhavanti,13
saṅkhārā,13
vibhatti,13
yassa,13
cetasikaṃ,13
paṭhame,13
tato,12
bhūmi,12
dutiyaṃ,12
dutiye,12
dvīhi,12
ekaṃsena,12
ekattatāya,12
pīti,12
tamena,12
esā,12
āyasmā,12
pajānāti,12
viññāṇaṃ,12
vuttā,12
akusalassa,12
tayo,11
paṭisevati,11
paṭikūlasaññī,11
paññatto,11
desitaṃ,11
padāni,11
indriyesu,11
vemattatāya,11
gacchanti,11
bhāsati,11
bhāvanāya,11
jotiparāyano,11
jhānaṅgaṃ,11
niddiṭṭho,11
parikkhāro,11
cetanā,11
kusalamūlaṃ,11
tu,11
catutthaṃ,11
avijjā,11
manopubbaṅgamā,11
jhāyati,11
nāma,11
āsavā,11
cīyatīti,11
vevacano,11
tañca,10
ce,10
vicāro,10
avippaṭisāro,10
tehi,10
ceteti,10
pahānāya,10
āyatanesu,10
kāyo,10
kāyena,10
dhammehi,10
jhānāni,10
jhānassa,10
pāpakanti,10
bhūmiyaṃ,10
kammaṃ,10
kāraṇaṃ,10
imaṃ,10
katamaṃ,10
pavaḍḍhatīti,10
yāni,10
adhiṭṭhāno,10
channamativassatīti,10
cha,9
catutthe,9
tatiyaṃ,9
tamaparāyano,9
channaṃ,9
vevacanaṃ,9
dhātūsu,9
parivattanā,9
paññattiyā,9
tāni,9
passati,9
sucaritaṃ,9
padaṭṭhāno,9
bhāvitaṃ,9
dukkhañca,9
viññāṇassa,9
vitthārena,9
atha,9
jhānabhūmi,9
kilesā,9
iminā,9
kiñci,9
yadi,9
ajjhattaṃ,9
akusalā,9
imehi,9
naṃ,9
gāthā,9
alobho,9
pajahati,9
attho,9
attato,8
pasādo,8
sabbāni,8
bhaddikā,8
tasmā,8
cetetīti,8
vuttaṃ,8
sace,8
manteti,8
kho,8
attāti,8
catūsu,8
kusalamūlāni,8
upanisā,8
khandhesu,8
kammassa,8
nīvaraṇā,8
vivaṭaṃ,8
paṭipakkhena,8
pañcasu,8
sotānugatā,8
sato,8
bhāvanā,8
suddho,8
yassevaṃ,8
dhammaṃ,8
imesaṃ,8
indriyāni,8
paññāya,8
tappaccayā,8
bhagavatā,8
tatiye,8
jhānakosallaṃ,8
no,8
vitakko,8
vadati,8
aññāṇaṃ,7
bandho,7
ṭhānaṃ,7
ṭhito,7
vāti,7
vacasā,7
tiṇṇaṃ,7
uddhaṃ,7
assādo,7
upekkhako,7
parivattano,7
anupekkhitāti,7
sāriputto,7
vicikicchā,7
jotinā,7
samudāgacchanti,7
samudācaranti,7
sampajāno,7
pubbaṅgamā,7
kāyikaṃ,7
evameva,7
nīvaraṇaṃ,7
tapparamo,7
samanupassati,7
koci,7
kusalassa,7
puggalassa,7
kuto,7
vutte,7
me,7
keci,7
paccayā,7
sassatadiṭṭhi,7
yoniso,7
parikkhāroti,7
eso,7
deti,7
cittanti,7
dhammadhātu,7
abhinivajjayitvā,7
paññindriyaṃ,7
suttattho,7
satto,7
tadubhayaṃ,7
pañcakkhandhā,7
paripūreti,7
vibhattīti,6
niddiṭṭhāni,6
anveti,6
nirujjhati,6
pāripūriyā,6
pāripūriṃ,6
ārabbha,6
pasannenāti,6
vācāya,6
oghaṃ,6
paññattīti,6
paṭijānāti,6
otaraṇoti,6
upekkhā,6
ārammaṇaṃ,6
nissāya,6
purisattho,6
ayamahamasmīti,6
rūpaṃ,6
cetenti,6
suttassa,6
cittena,6
bhūmiṃ,6
cīyati,6
sukhāya,6
deseti,6
desitā,6
dīgharattaṃ,6
sīlena,6
sīlavato,6
sevitabbā,6
ekattāya,6
esa,6
sati,6
thinamiddhaṃ,6
santāpajātoti,6
tīsu,6
kātabbaṃ,6
katame,6
ayoniso,6
kilesānaṃ,6
kiñcāpi,6
āvaṭṭoti,6
sakkāyadiṭṭhi,6
nātivassatīti,6
cetaso,6
niddiṭṭhā,6
vipallāso,6
vimutti,6
adhiṭṭhānoti,6
ādīnavā,6
vītarāgo,6
yeva,6
vihātabbā,6
yujjati,6
viya,6
akusalaṃ,6
vedanā,5
vipākaṃ,5
vitakketi,5
abyāpādavitakko,5
sīlāni,5
kusale,5
adoso,5
sattāti,5
sakkā,5
padehi,5
rūpesu,5
sattānaṃ,5
jarāmaraṇaṃ,5
nāmarūpassa,5
alobhassa,5
ṭhiti,5
pasannena,5
patthayatīti,5
bhajanti,5
ekodibhāvo,5
bhagavantaṃ,5
api,5
devabhūto,5
sodhanoti,5
uppādeti,5
jhānaviseso,5
byāpādo,5
dukkhamessatīti,5
amohassa,5
dukkhassa,5
ariyasaccāni,5
tāya,5
cassa,5
rogaṃ,5
pāpakammaṃ,5
pannarasa,5
assa,5
vīriyindriyaṃ,5
catūhi,5
adosassa,5
paññāpiyati,5
uppannassa,5
bhavissati,5
nekkhammavitakko,5
uppajjati,5
indriyehi,5
uppajjanti,5
vāyamati,5
niddiṭṭhaṃ,5
desitāni,5
parihāyati,5
akusalamūlāni,5
maṇikuṇḍalesu,5
manindriyaṃ,5
niddeso,5
paṭipadāya,5
mano,5
avihiṃsāvitakko,5
anusotagāmī,5
ucchedadiṭṭhi,5
anusetīti,5
anusayo,5
hetupaccayatāya,5
samāhito,5
cittekaggatā,5
niggaṇhāti,5
avippaṭisāroti,5
anuppannassa,5
suppaṭividdhāti,5
ayamettha,5
ettha,5
tasseva,5
sambhāro,5
puriso,5
vibhajjabyākaraṇīyaṃ,5
kusalā,5
akusalehi,5
āsavānaṃ,4
upādānāni,4
vacanattho,4
asekkhā,4
aṭṭha,4
tāva,4
nābhidhaṃsiyati,4
indriyabhāvanā,4
yesaṃ,4
paṭiccasamuppādo,4
paccekabodhiṃ,4
saṅkappenti,4
pahānā,4
asati,4
bhūtā,4
avijjānirodho,4
tiṭṭhati,4
pahānamāha,4
saṅkhārakkhandhapariyāpannā,4
lokikā,4
dosanīye,4
nāmarūpaṃ,4
yadā,4
jotiparāyanena,4
gatīsu,4
pañcannaṃ,4
etaṃ,4
paṭisotagāminā,4
avijjāpaccayā,4
loko,4
sīlakkhandhe,4
kāmānaṃ,4
sīlakkhandho,4
ṭhitattena,4
vimuttāyatanaṃ,4
akusale,4
padaṭṭhānanti,4
attānaṃ,4
bāhiresu,4
satthā,4
vitakkā,4
jānāti,4
manāyatanaṃ,4
ākaṅkhati,4
bhavaṃ,4
pañcahi,4
pañcindriyāni,4
jarāmaraṇanirodho,4
manasikātabbā,4
bhati,4
imāya,4
ādīnavaṃ,4
bahiddhā,4
idamassa,4
ṭhitiyā,4
saññāmanasikārā,4
adho,4
maññati,4
pakappitaṃ,4
upādāya,4
tividhā,4
paṭipadā,4
upapattiṃ,4
gahitā,4
sāratto,4
saddhindriyaṃ,4
saddhāya,4
manena,4
saṃyojanāni,4
tīhi,4
paññākkhandho,4
vaḍḍhati,4
parato,4
vibhattihāro,4
samādhikkhandho,4
dhammāyatanaṃ,4
tamoti,4
sukhindriyañca,4
kusalesu,4
samādhindriyaṃ,4
sukhavedanīyo,4
puggalā,4
khandhā,4
puggalānaṃ,4
arahaṃ,4
pītiyā,4
khayā,4
nirodhā,4
cāti,4
vīriyaṃ,4
passaddhi,4
tamaparāyanena,4
abhayaṃ,4
saṃkilesabhāgiyaṃ,4
desanāhāro,4
vipallāsā,4
nissaraṇaṃ,4
kusalaṃ,4
abhijjhā,4
vevacanāni,4
vevacananti,4
kāyakammaṃ,4
sukhamanvetīti,4
sammādiṭṭhiyā,4
nibbedhabhāgiyañca,4
nīvaraṇāni,4
cetasikañca,4
anāgāmī,4
cetasikā,4
kāyikañca,4
samāropanoti,4
anupekkhitā,4
ceva,4
vūpasamena,4
diṭṭhigatāni,4
yuttīti,4
byāpādassa,4
tapparāyano,4
kissa,4
somanassindriyañca,4
rāgo,4
sopādisesā,4
lokā,4
sītena,4
niddisitabbā,4
kāmehi,4
taṇhāya,4
sotāpanno,4
sammāvācāya,4
ajjhattañca,4
amoho,4
vipassanā,4
suttaniddeso,4
diṭṭhi,4
anusayena,4
puthujjanā,3
gaṇhāti,3
sabbepi,3
chandarāgo,3
manoviññāṇadhātu,3
dassitā,3
aññāni,3
abyāpādacchando,3
paṭisotaṃ,3
gāthāya,3
akusalo,3
tadapi,3
niddiṭṭhāya,3
manova,3
puttadāre,3
suppaṭividdhā,3
paṭisotagāmī,3
niddisati,3
punabbhavo,3
bandhanaṃ,3
yamidaṃ,3
cittabhāvanāya,3
puggalena,3
āyatanāni,3
sukhino,3
sutvā,3
cintāmayī,3
suttāni,3
patthayati,3
yampi,3
yattha,3
vipañcitaññū,3
sukhindriyassa,3
akusalānaṃ,3
chāyāva,3
niddisitabbāni,3
niddisiyati,3
yato,3
pahīyati,3
pahīyanti,3
sutamayī,3
chasu,3
daḷhaṃ,3
sukhindriyaṃ,3
tadā,3
etesaṃ,3
dassanabhūmimāgamma,3
etampi,3
aṅgāni,3
nibbedhabhāgiyaṃ,3
nibbindati,3
amohena,3
tatthāyasmā,3
dukkhatāya,3
dukkhavedanīyo,3
nekkhammacchando,3
parivattanoti,3
phalaṃ,3
sotāpattiphalaṃ,3
sekkho,3
visajjanā,3
niyutto,3
muhuttaṃ,3
duvidhaṃ,3
bhāvitā,3
selo,3
nava,3
virūḷhiṃ,3
sevitabbaṃ,3
dosajo,3
domanassindriyassa,3
sīlañca,3
ñāṇaṃ,3
tasmiṃyeva,3
doso,3
nātivassati,3
ugghaṭitaññū,3
somanassindriyaṃ,3
sīlakkhandhassa,3
aṅganti,3
aṅgehi,3
bhūmiyā,3
dukkhanti,3
diṭṭhe,3
catubbidhā,3
bhajati,3
bhavissatīti,3
bhavissanti,3
mohassa,3
tamaparāyanoti,3
ekaṃ,3
rāgajo,3
cetasā,3
mohacarito,3
virattaṃ,3
phasso,3
virāgā,3
vipāko,3
bhāsitaṃ,3
mocetuṃ,3
anavajjā,3
vipulaṃ,3
ṭhitassa,3
subhāvitaṃ,3
cesa,3
sāvajjā,3
sekkhā,3
bhaveyya,3
duvidho,3
bhāvetabbā,3
netaṃ,3
rūpataṇhā,3
neva,3
neyyo,3
mudindriyo,3
dvidhā,3
ānisaṃso,3
tesaṃyeva,3
moho,3
subhanti,3
vutto,3
catunnaṃ,3
santāpajāto,3
santhāgāraṃ,3
vivareyyāti,3
saṃyojanānaṃ,3
abhiññāya,3
kusalamūlena,3
kāyabhāvanāya,3
yehi,3
saddhāpadānaṃ,3
sammā,3
jāyati,3
manaṃ,3
upaṭṭhapeti,3
saṃkilesabhāgiyañca,3
sañjānāti,3
passaddhakāyo,3
saṅkappanā,3
yuñjanto,3
kāyassa,3
saṅkappeti,3
ādīnavānupassanā,3
kusalakammapathā,3
manasi,3
kāye,3
manasikārā,3
ahanti,3
vitakkavicārānaṃ,3
vitakkavicārā,3
samādhinā,3
attasaññā,3
vibhattiyā,3
appaṭikūlasaññā,3
saṃyamena,3
sampasādanaṃ,3
pathavī,3
pāpaṃ,3
ariyā,3
asampajaññañca,3
pāpakaṃ,3
saṃsaranti,3
pathavīsamena,3
paraṃ,3
ghoso,3
paññindriyassa,3
kāmaguṇesu,3
anunayo,3
vivareyya,3
kareyya,3
vācasikaṃ,3
karitvā,3
maggaṅgānaṃ,3
pāraṅgatoti,3
ārabhati,3
kātabbāni,3
yenārambhena,3
saṃvattanti,3
jhānesu,3
mahantanti,3
paribhāvitaṃ,3
kāmacchando,3
saṅkhārānaṃ,3
mama,3
pariḷāho,3
saññā,3
hotīti,3
viso,3
hontīti,3
paṭinissayaghātapaññattiyā,3
samāropanāya,3
samāropanā,3
anusotagāmīti,3
samāpattīnaṃ,3
hetunā,3
anusotagāminā,3
samāpannassa,3
viseso,3
manojavāti,3
kilesakāmā,3
avijjāya,3
hānabhāgiyaṃ,3
vuddhiṃ,3
uṇhena,3
kileso,3
parivattanāti,3
anuppādāya,3
santaṃ,3
samādhino,3
khayaṃ,3
ariyo,3
imasmiṃ,3
imassa,3
ākiñcaññāyatanasahagatā,3
khaṇaṃ,3
samatho,3
vodānaṃ,2
āghātavatthūni,2
sakkāyanirodho,2
rajanīyesu,2
kāraṇena,2
adukkhamasukhavedanīyo,2
nekkhammacchandena,2
kareyyāti,2
lahuṃ,2
kāritā,2
samādhikkhandhaṃ,2
sammattāni,2
dāresu,2
sammāsatiyā,2
karotīti,2
dhīrāti,2
sotāpattiphalañca,2
sakkāyasamudayo,2
sakkāyo,2
kassa,2
nekkhammapaññattiyā,2
katā,2
rāgavirāgā,2
dhanena,2
rāgena,2
sotaṃ,2
sambhavesino,2
sotā,2
kammānaṃ,2
lobho,2
kammavipākaṃ,2
nīce,2
sukhena,2
kāmo,2
lobhassa,2
somanassaṃ,2
kampati,2
samādhikkhandhassa,2
kampatīti,2
sakkāyadiṭṭhiyā,2
nijjhānakkhamanti,2
sukhavedanā,2
yadapi,2
āgacchati,2
lakkhaṇoti,2
niddiṭṭhe,2
diṭṭheva,2
purisoti,2
somanassindriyena,2
ahaṃkāro,2
kāpurisasevito,2
sopādisesaṃ,2
khalu,2
kāraṇā,2
vuccanti,2
kira,2
dassanabhūmi,2
dānaṃ,2
sammāsambuddhā,2
soyeva,2
sammākammantassa,2
khandhadhātuāyatanesu,2
nibbuto,2
khayo,2
rāgacarito,2
kāyabhāvanāyañca,2
sukhamanveti,2
kāyagatāsati,2
lokaṃ,2
vūpasamā,2
desito,2
saṃkhittena,2
khippābhiññāya,2
saṃkiyate,2
saṃkileso,2
kāyānupassino,2
samādāya,2
puttesu,2
samathamaggo,2
nibbijjhati,2
sukhumā,2
samādhindriyassa,2
desanāya,2
dandhābhiññāya,2
kāyasaṅkhārā,2
sukhañca,2
sukhanti,2
katvā,2
kukkuccaṃ,2
virāgo,2
kule,2
sakkoti,2
ajhāniyā,2
adosena,2
vivitto,2
sukhassa,2
dhammāyatanañca,2
āhāre,2
sammāsamādhi,2
dānamayikapuññakiriyavatthu,2
subhasaññā,2
sammappaññāya,2
nibbānadhātu,2
kesañci,2
subhasaññino,2
āhāraṭṭhiti,2
dhammassavanassa,2
dhammassa,2
kusalena,2
kosallaṃ,2
nibbānaṃ,2
saḷāyatanaṃ,2
adhimattena,2
dhammānusārī,2
sallaṃ,2
kusalānaṃ,2
sukhindriyena,2
niddesena,2
samādhiyati,2
manoseṭṭhā,2
ñāṇāloko,2
iriyati,2
vuttāni,2
satisampajaññaṃ,2
middhaṃ,2
satipaṭṭhānā,2
akusalena,2
manasikaroti,2
indriyā,2
saṅkhārakkhandho,2
etāni,2
satindriyaṃ,2
ākārehi,2
sacchikato,2
akatasattā,2
sātarūpaṃ,2
akūṭo,2
issariyena,2
ekodibhāvena,2
ito,2
saṃyojanesu,2
mamanti,2
sattannaṃ,2
saṃyojanīyesu,2
ekattapaññatti,2
ekattapaññattiyā,2
saṃyutto,2
saṅkhārapaccayā,2
visesabhāgiyaṃ,2
manāpikesu,2
itthīti,2
itthirūpe,2
saṅkappanaṃ,2
sadā,2
satta,2
sabbadhi,2
alobhena,2
eva,2
micchā,2
sabbamhi,2
māno,2
santi,2
saññāpi,2
hetū,2
manokammaṃ,2
hārena,2
akusalamūlānaṃ,2
hetupaññattiyā,2
gati,2
guttadvāratā,2
gato,2
sabbesampi,2
santāpehi,2
gilāno,2
manoseṭṭhāti,2
akusalamūlaṃ,2
hananti,2
saṃyojane,2
hīnappaṇītakāriyakammassa,2
mānussake,2
evametaṃ,2
mettā,2
manasikātabbaṃ,2
evañca,2
sāsavā,2
imāhi,2
mayaṃ,2
hīnāsu,2
manasikātabbāti,2
idampi,2
akusalamūlena,2
maraṇakāle,2
sabbaso,2
gahite,2
sārajjati,2
manusso,2
gacchantīti,2
visatto,2
mohajo,2
saṃyojanapaññattiyā,2
amāyāvī,2
dukkhaniddeso,2
kāmacchandassa,2
nābhiramissanti,2
kāmā,2
sahopattibhāve,2
nābhinandatīti,2
dukkhamidaṃ,2
kalyāṇamittatā,2
nābhinandanti,2
dukkhato,2
kallitā,2
kallaṃ,2
maggaphalaṃ,2
kālaṃ,2
dukkhena,2
kalyāṇamittassa,2
selopamatā,2
kāmadhātuyā,2
sīlabbataparāmāso,2
namo,2
sīlavā,2
domanassindriyena,2
sīlassa,2
sampasādo,2
dosacarito,2
kāmataṇhāya,2
sīghaṃ,2
kāmataṇhā,2
loke,2
sīlampi,2
yācanāya,2
duccaritā,2
kāmarāgapariyuṭṭhānaṃ,2
duggatiṃ,2
kāmappacārapaññattiyā,2
lokassa,2
ādito,2
kadāci,2
dukkhindriyena,2
savicāraṃ,2
saddhindriyassa,2
dvidho,2
mudindriyassa,2
akammaniyatā,2
majjhanhikasamaye,2
dvinnaṃ,2
savitakkaṃ,2
rūpīni,2
majjhena,2
ekādasa,2
saddhāparibhāvitaṃ,2
ekaggatā,2
jhānaṅgāni,2
ekalakkhaṇā,2
sabbā,2
jhānaphalena,2
kabaḷīkāre,2
mudūhi,2
sāyanhasamaye,2
maggena,2
ādīnavo,2
dussati,2
sekkhassa,2
sekkhasīlaṃ,2
mūlānaṃ,2
jotitamaparāyanena,2
ajjhosito,2
ajjhosānaṃ,2
mudūni,2
mahābhūtesu,2
jigucchino,2
saṃvaro,2
saṃvattati,2
jhāyino,2
mahānāma,2
dutiyo,2
citte,2
hetupaccayo,2
yāvatā,2
paccanubhoti,2
bojjhaṅgavippayuttāni,2
brahmacariyaṃ,2
paccājāto,2
palibodhadukkhatāya,2
patirūpadesavāso,2
vātena,2
phasse,2
phassehi,2
paṭhamābhinipāto,2
otiṇṇo,2
buddhā,2
ārammaṇaṭṭhiti,2
ārammaṇapaccayatāya,2
brāhmaṇoti,2
upekkhaṃ,2
bojjhaṅgasampayuttāni,2
bojjhaṅgā,2
ariyena,2
pāpañca,2
vācā,2
ariyasaccaṃ,2
tatiyañca,2
bījaṃ,2
tathāyaṃ,2
uddhaccaṃ,2
ariyapuggalā,2
aññena,2
paṭisaṃvedeti,2
vihātabbaṃ,2
paññākkhandhassa,2
paralokaṃ,2
ativassatīti,2
bujjhissanti,2
bujjhitassa,2
avippaṭisārena,2
pajahissantīti,2
arahantā,2
attā,2
oḷārikānaṃ,2
pahātabbā,2
parāyanena,2
pāraṅgato,2
parāyano,2
oḷārikā,2
cāgādhiṭṭhānena,2
tarissantīti,2
apuññamayā,2
passanti,2
paresaṃ,2
pītipāmojjaṃ,2
pāraṅgatena,2
tasmiṃ,2
balaṃ,2
uju,2
parāmasati,2
byāpādaṃ,2
ārammaṇametaṃ,2
anunayappaṭighena,2
tassā,2
uḷārānaṃ,2
paṭipanno,2
viharissantīti,2
byāpādapariyuṭṭhānaṃ,2
passitabbaṃ,2
avippaṭisārā,2
paṭikkhipati,2
arahattaṃ,2
upekkhābhāvanā,2
aniccaṃ,2
paṭiccasamuppāde,2
paññākkhandhaṃ,2
pāpamittavasānugo,2
pakappanā,2
thale,2
teyeva,2
vacīkammaṃ,2
vikkhepapaññattiyā,2
añjaliṃ,2
vimuttiyā,2
uppādāya,2
vimuttiyo,2
bhavatīti,2
paṭigho,2
asaṃyamato,2
tenupasaṅkamiṃsūti,2
tenupasaṅkamiṃsu,2
bhavataṇhā,2
āyatanaṃ,2
asaṭho,2
pajjanti,2
paṭicca,2
paññāvimutti,2
padena,2
yathāvuttaṃ,2
bhatīti,2
padaṭṭhānoti,2
anugatā,2
anugacchati,2
asubhe,2
bhāvanāmayī,2
bhāvanāmayipaññaṃ,2
patthenti,2
ṭhānesu,2
yesu,2
thāvarā,2
bhāvessati,2
teneva,2
viharituṃ,2
payogo,2
tedhātuke,2
vikkhambhanaṃ,2
pāpakehi,2
pathavīsamacittataṃ,2
yathāpi,2
paṇītāsu,2
asamanupassanto,2
upapanno,2
bhikkhuno,2
paṇītaṃ,2
paṭhamo,2
vimuccati,2
bhiyyobhāvāya,2
aniddiṭṭhāpi,2
bhavo,2
ayañca,2
tikkhindriyo,2
bhāvī,2
bhāvitabbā,2
bhāvitabbaṃ,2
āyasmato,2
vaḍḍhanti,2
vaḍḍheti,2
pavisati,2
tikkhindriyassa,2
vinīlakavipubbake,2
bhajitabbā,2
paṭissarati,2
vajjamapassamānāti,2
payogena,2
bhāvito,2
asampajaññaṃ,2
pajānanto,2
cāgena,2
tareyyuṃ,2
avihiṃsāchandena,2
vicarati,2
chandarāgaṃ,2
pubbe,2
paṇāmeti,2
vicāreti,2
vijjuppādā,2
antamaso,2
vicayantaṃ,2
pattasaññī,2
vicayoti,2
anuttarā,2
atthā,2
chandikā,2
tadabhisannitāya,2
attatoti,2
panassa,2
pariyuṭṭhānaṃ,2
tadidaṃ,2
vijānāti,2
upādāno,2
paṭipadamāha,2
abhivaḍḍhati,2
adadato,2
attasammāpaṇidhānañca,2
chadanaṃ,2
pariyuṭṭhānassa,2
nissitaṃ,2
pubbante,2
avedayitaṃ,2
cetovimuttiyā,2
cettha,2
upadhiṃ,2
pahīnā,2
uṭṭhahitvā,2
nirujjhaṅgāni,2
tabbahulavihārīti,2
sutamayāya,2
paṭilābhapaññattiyā,2
añño,2
anusayatīti,2
abhisamparāyo,2
atthaniddeso,2
anusaye,2
vijjati,2
anapāyinīti,2
bālaputhujjanānaṃ,2
parivattakehi,2
anusayā,2
pañcaṅgikaṃ,2
assaddhiyaṃ,2
paññapeti,2
aṭṭhakavaggiyesu,2
aṭṭhaṅgiko,2
pañcānisaṃsā,2
atthaṃ,2
suvaṇṇavaṇṇā,2
upakacaṇḍālaṃ,2
paṭikūlasaññino,2
chetvāna,2
yuttihāro,2
sutamayipaññaṃ,2
cintāmayipaññaṃ,2
cintetvā,2
anāsavā,2
vicinanto,2
upakkileso,2
adhikā,2
paññañca,2
suttesu,2
tajjāya,2
asubhasaññāya,2
aparāpariyavedanīyena,2
aparante,2
tampi,2
caturaṅgasamannāgataṃ,2
appamādo,2
appatte,2
paridāho,2
vediyati,2
viññāṇe,2
vedeti,2
paṭipakkhe,2
piyarūpaṃ,2
nīyati,2
pasanno,2
upabhogaparibhoge,2
avijjāvirāgā,2
pamādena,2
anekā,2
abyāpādacchandena,2
āvikaroti,2
paribhāvitanti,2
appaṭikūlo,2
assato,2
pariccāgo,2
vepullataṃ,2
appaṭikūlañca,2
paricitā,2
nu,2
pajahissanti,2
taṇhāvasena,2
vedanāya,2
paricitāti,2
appaṭikūlaṃ,2
nivesanaṃ,2
attanā,2
ponobhavikā,2
viharatīti,2
asītihatthaṃ,2
pāmojjaṃ,2
paṭipajjeyya,2
upādānassa,2
upasaṅkamiṃsu,2
vevacanapaññatti,2
pasādena,2
pubbaṇhasamayaṃ,2
vibhattaṃ,2
avihiṃsāchando,2
cetasikanti,2
pubbaṇhasamaye,2
apare,2
vibhajjabyākaraṇīyo,2
viññāṇapaccayā,2
bandhati,2
anupādisesaṃ,2
cakkhu,2
yepi,2
attani,2
anāvilasaṅkappo,2
anupādisesā,2
cetaṃ,2
anāvilalakkhaṇā,2
tamhi,2
upādānaṃ,2
appahīnabhūmiyaṃ,2
parihāni,2
upādānānaṃ,2
tamassa,2
bandhanamāhu,2
uppādiyati,2
cakkhūnaṃ,2
saddhindriyapaññattiyā,1
saddhindriyesu,1
paṭighasamphassena,1
sadhammakiccaṃ,1
saddho,1
paṭikujjitaṃ,1
paṭighātāya,1
saddhādhanaṃ,1
saddhābalaṃ,1
vussati,1
vuttakappikānaṃ,1
paṭikūlaṃ,1
saddesu,1
yāyaṃ,1
paṭikūlañca,1
paṭikūlasaññā,1
yāya,1
sacchikiriyāsu,1
paṭikūlati,1
sacchikiriyā,1
paṭikūlato,1
paṭikūlasamatā,1
paṭikūladhammā,1
paṭikūlā,1
saddhaṃ,1
saddhāti,1
paṭighātena,1
saddhāsatibhāvite,1
paṭijaggissāmāti,1
paṭijaggitukāmā,1
paṭijaggitvā,1
paṭijānanto,1
saddhānusārino,1
pāṭikaṅkhitabbā,1
saddhānusārī,1
paṭikarissantīti,1
saddhammassavanena,1
saddhammassavanañca,1
saddhammassavanaṃ,1
saddhammaṃ,1
paṭighasaṃyojanassa,1
sādhāraṇā,1
sakkassa,1
paṭighānusayo,1
paro,1
parodhaṃ,1
pasādā,1
pasādanaṃ,1
pasādapaññattiyā,1
yuñjati,1
pasādentīti,1
samādhijā,1
samādhibhūtassa,1
samādhibhāvanāya,1
pasādeti,1
vūpagatā,1
pasannaṃ,1
pasannamānaso,1
pasannānañca,1
samādahatopi,1
samabhāgacarito,1
vūpasamapaññattiyā,1
salloti,1
pasāraṇaṃ,1
pasāritasuvaṇṇapaṭaparikkhittā,1
sallāpi,1
passaddhāyaṃ,1
passaddhisambojjhaṅgo,1
passaddhiyañca,1
passambhati,1
passambhayaṃ,1
samādhindriyañca,1
passantā,1
pariyuṭṭhānavipallāsā,1
pariyuṭṭhānanti,1
sāmaṃ,1
yuttīnaṃ,1
parivattito,1
parivisati,1
samaggate,1
samaggataṃ,1
parivissanti,1
samāgatā,1
pariyādinnatā,1
pariyādiyati,1
vuddhiyeva,1
samādiyati,1
samādinnā,1
pariyantadiṭṭhi,1
samādhitā,1
samādhīsu,1
pariyāpannā,1
samādhisambojjhaṅgo,1
samādhiphale,1
yuttā,1
pariyāye,1
yuñjituṃ,1
yuñjato,1
samādhindriyena,1
pariyodāpetuṃ,1
pariyuṭṭhānāni,1
samādhindriyāni,1
pariyuṭṭhānasamugghātaṃ,1
paṭighappahīnattā,1
yuñjanāya,1
sakkena,1
sakalanagaraṃ,1
sakadāgāmiphalañca,1
sakadāgāmī,1
pathavīsamo,1
yojanasatiko,1
sajjhāyati,1
sajjhāyaṃ,1
sajjanti,1
paṭibhānapaṭisambhidāyañca,1
pāṭibhogo,1
sahetu,1
paticāro,1
sahapaññattiyā,1
sahajātā,1
sahagataṃ,1
yesañca,1
sahagatā,1
saha,1
yepissa,1
paṭiccasamuppannānaṃ,1
saggassa,1
sādhu,1
paṭighā,1
sādhāraṇabhūtā,1
paṭighaṃ,1
paṭighañca,1
paṭighānusayesu,1
sakaṃ,1
passatīti,1
sakampidhātupuriso,1
sakampitaṃ,1
passato,1
passavatā,1
sakkāyasamudayena,1
sakkāyasamudayagāminiṃ,1
passitabbāni,1
passitvā,1
pāteti,1
sakkāyasamudayagāminī,1
paṭhamābhinibbattiārammaṇavasena,1
sakkāyanirodhagāminiṃ,1
sakkāyanirodhagāminī,1
paṭhamajjhānabhāvanābhūmi,1
paṭhamajjhānassa,1
paṭhamakassa,1
sakkāyadiṭṭhippahānena,1
paṭhamapadesu,1
yoyaṃ,1
sakkāyadiṭṭhīnaṃ,1
paṭhamassa,1
yopi,1
sakkāyādhīnā,1
paṭhamena,1
pathavīsamacittatā,1
sakassa,1
sakasatthe,1
pathavīsamataṃ,1
yonisomanasikārapaññatti,1
pathavīsamenāti,1
puratthimakāyato,1
paṭisaṅkhānaphale,1
sacchikatvā,1
rājā,1
rājadaṇḍabhayena,1
rājagahaṃ,1
rajanīyaṃ,1
pītisukhaṃ,1
yasena,1
rahitehi,1
pītisambojjhaṅgo,1
pītisahagatā,1
rajanīyesūti,1
pītipharaṇasahagato,1
yadārammaṇaṃ,1
pītimanugatā,1
rājāno,1
pītisambojjhaṅgampi,1
rajo,1
pītisukhañca,1
pītisukhino,1
piyāyamānassa,1
piyasampayogopi,1
rāgānusayassapi,1
piyarūpasātarūpesu,1
rāgānusayena,1
rāgānusayo,1
pītisukhasampajaññā,1
rāgasantāpo,1
piyaṃ,1
pituno,1
rāgavirāgāya,1
pītivītarāgo,1
yanti,1
pītivītarāgatāya,1
rāgavirāgañca,1
pubbahetu,1
rakkhāvaraṇaguttiyā,1
rasesu,1
phassesu,1
rūpakāyo,1
rūpakkhandhassa,1
rūpakkhandho,1
phassatā,1
rūpakkhayāpi,1
rūpadhātuyaṃ,1
vviya,1
rūpapariggaho,1
rūpapatiṭṭhitaṃ,1
rūparāgassa,1
phassapareto,1
rūparāgo,1
phassapaccayā,1
rūpañca,1
rasataṇhāya,1
yathādhammaṃ,1
pihitaṃ,1
rasmi,1
pītimanassa,1
rati,1
rodhavīriyapaññattiyā,1
pītibhāgiyānañca,1
rogabhūtaṃ,1
yathābhūtadassanassa,1
rogadukkhatāya,1
rogañca,1
rogato,1
rūpadhātu,1
yathābhūtadassanaṃ,1
rūpadhātuyā,1
piṇḍāya,1
rogajāto,1
pharitvā,1
rāgānusayapaṭisotagāmino,1
pubbaṃyeva,1
puggalamūlāni,1
puggalaṃ,1
purisindriyañca,1
purisindriyassa,1
yañcassa,1
pucchitena,1
purisena,1
pucchāya,1
pucchati,1
pucchā,1
puthujjanabhūmiṃ,1
puthujjanabhūtassa,1
pubbeyeva,1
pubbeva,1
yañcetayitaṃ,1
puthujjanassa,1
puggalesu,1
punabbhavaṃ,1
purakkhatvāti,1
purā,1
puṇṇo,1
puññañca,1
yamatikkantamatītaṃ,1
puññamayānaṃ,1
punabbhavābhinibbattikā,1
puññamayā,1
yaduccate,1
purisametakaṃ,1
yamhi,1
puññakiriyapaññattiyā,1
punabbhavāya,1
yadidaṃ,1
purisaṃ,1
pubbaṃ,1
puthujjanasukhampi,1
puthujjano,1
rāgadosamohasamabhāgacaritassa,1
pubbaṅgamo,1
rāgadosassāpi,1
rāgaje,1
rāgajehi,1
pubbaṅgamānaṃ,1
rāgadosamohānaṃ,1
rāgaṃ,1
rāgamohacarito,1
rāgānaṃ,1
pubbaṅgamaṃ,1
rāgānubandhibhūto,1
rāgānusayamanugatānaṃ,1
yānimāni,1
rāgamohacaritassa,1
pubbayogasambhārasambhūto,1
rāgadosamohaṃ,1
yadeva,1
puthupaññattiyā,1
pubbāparanimittābhāso,1
yañhi,1
pubbāpannena,1
pubbantato,1
rāgā,1
rāgadosamohakkhayena,1
pubbantāparante,1
pubbantākappikānaṃ,1
yānīkatā,1
rāgacaritā,1
rāgacaritassa,1
rāgadosacaritassa,1
rāgadosacarito,1
pubbantaṃ,1
phale,1
rūpārammaṇaṃ,1
phalassa,1
sabbena,1
paṭisotagāmino,1
paṭisotagāminīti,1
sabbepime,1
sabbesaṃ,1
paṭisevanāya,1
sabbatthagāminī,1
purato,1
paṭisaṃhāro,1
paṭisallānabahulo,1
sabbesu,1
paṭipāṭiyā,1
sabbo,1
paṭipakkhoti,1
paṭisañcikkhati,1
sabboḷāriko,1
sabbattha,1
paṭissarato,1
vuṭṭhānaṃ,1
sabbaphāliphullo,1
paṭivedhena,1
patiṭṭhāya,1
patiṭṭhati,1
sabbarajanīyesu,1
sabbasuttesu,1
sabbasaṃyojanāni,1
sabbasattesu,1
sabbasekkhā,1
patiṭṭhāno,1
patiṭṭhahati,1
sabbassa,1
patiṭṭhā,1
sabbasantharinti,1
sabbapaṭiccasamuppādaṃ,1
sabboyaṃ,1
sabhāvaāsavatāya,1
paṭiladdhamaggo,1
saccesu,1
sacchikareyya,1
sacchikatā,1
sacchikātabbaṃ,1
paṭilābho,1
paṭiladdhassa,1
paṭilabhissatīti,1
yāvadivaso,1
paṭilābhapaccayā,1
paṭilabhanti,1
yāvaratti,1
paṭilabhanaṃ,1
paṭilabbhati,1
sacchikātabbanti,1
vuttesu,1
saccādhiṭṭhānena,1
paṭinissaggo,1
sabhāvakilesā,1
sabhāvakilesatāya,1
sabhāvakileso,1
yāvadhammasañcetanā,1
sabhāvakosallaṃ,1
sabhāvatāya,1
pātimokkhasaṃvaro,1
paṭipakkhapaññattiyā,1
sabrahmacārī,1
paṭipakkhaṃ,1
sabrahmacāriṃ,1
sabyāpādaṃ,1
paṭipadāni,1
saccādhiṭṭhānassa,1
paṭipakkhaniddeso,1
pativicāro,1
sabbapaccatthikehi,1
vuṭṭhāti,1
pāyetha,1
rūpasaññīsu,1
paviddhoyaṃ,1
rūpasmiṃ,1
paveso,1
rūpassa,1
rūpasaññāsahagatā,1
rūpavantaṃ,1
pavattiyā,1
rūpena,1
pavattitānañca,1
pavatti,1
pavatte,1
rūpūpagaṃ,1
rūpavantañca,1
pavattassa,1
rūpasaññāhi,1
rūpasaññā,1
yathākāmo,1
phalasambhāro,1
phalāni,1
rūpārūpadhātuṃ,1
petaṃ,1
pesetvāpi,1
payirupāsanā,1
pesetvā,1
peseti,1
pemaṃ,1
vuyhati,1
rūpasaddagandharasaphoṭṭhabbā,1
rūpasañcetanā,1
rūpasañcetanānupassanamanasikāro,1
rūpasaddagandharasaphassaputtadāradāsakammakaraporisañca,1
pavattaṃ,1
pavāḷavaṇṇarasmi,1
yathārūpena,1
sabbakilesehi,1
sabbakilesesu,1
patthanāya,1
patthanā,1
sabbakusalapakkhassa,1
sabbalokassa,1
patthayanti,1
sabbaloke,1
vuṭṭhitaṃ,1
pattabhūto,1
pattabbataṃ,1
paṭiyujjhante,1
sabbamicchādiṭṭhiyā,1
paṭividdhā,1
pattapāṇī,1
yatikena,1
sabbakilesadhammā,1
patthayantīti,1
pavaḍḍheti,1
sabbabālaputhujjanānaṃ,1
yathāsamādhikā,1
sabbabhavāni,1
sabbabhavassa,1
yathāyaṃ,1
pātubhavati,1
pattheti,1
patthayissantīti,1
sabbabhavo,1
patthayissanti,1
sabbagāthāsu,1
yāti,1
patthayate,1
sabbakāme,1
paṭikūlo,1
samaṇā,1
vigamessamidaṃ,1
samaṇassa,1
vimuttirasañāṇadassanaṃ,1
ṭhānanti,1
ṭhāne,1
ṭhapāpetvā,1
ṭhapitānaṃ,1
thinaṃ,1
vimuttikkhandho,1
thinamiddhañca,1
thinamiddhapariyuṭṭhānaṃ,1
vimuttīti,1
thinamiddhapariyuṭṭhānassa,1
ṭhitajjhānaṃ,1
ṭhitaṃ,1
ṭhitattā,1
ṭhitatto,1
ṭhitattoti,1
tikassa,1
tikkhindriyatāya,1
vimuttaṃ,1
vimuccantīti,1
thinamiddhassa,1
ṭhānāni,1
teva,1
tesu,1
tatiyo,1
viññāṇakkhandho,1
viññāṇakkhandhaṃ,1
tatthassa,1
tatthāyaṃ,1
tatthāyasmato,1
tatthimaṃ,1
tayā,1
tayopi,1
viññāṇakāyo,1
tedhātukalokasamatikkamanañca,1
tedhātukānaṃ,1
tedhātuko,1
viññāṇakāye,1
viññāṇakāyā,1
tenāha,1
tenañjaliṃ,1
tenassa,1
tenāyaṃ,1
tepi,1
tepissa,1
vimokkhesu,1
vimokkhasahagatānaṃ,1
tiṇṇo,1
tisso,1
udāhu,1
udakagatā,1
udakaṃ,1
udake,1
vikkhambhanapasādo,1
udapāne,1
udayaṃ,1
vikkhambhanā,1
udayanti,1
uddhaccabhūmīti,1
uddhaccakukkuccaṃ,1
uddhaccakukkuccappahānena,1
uddhaccakukkuccassa,1
uddhaccañca,1
uddhambhāgiyāni,1
uddhambhāgiyo,1
uddhumātakasaññā,1
vikiriyamānā,1
uggahitaṃ,1
ugghaṭitaññussa,1
uḷārapaññaṃ,1
vīmaṃsā,1
viññāṇamiti,1
uda,1
ucchedena,1
vīmaṃsāya,1
vīmaṃsāsamādhinā,1
tividhadhātuyaṃ,1
tividhaṃ,1
tividhānaṃ,1
tividho,1
vīmaṃsapaññattiyā,1
tuṇhiko,1
ubhayaṃ,1
ubhayameva,1
ubhayāni,1
ubhayepi,1
ubhayesu,1
ubhopi,1
uccakulino,1
uccāsaddaṃ,1
uccate,1
ucchedadiṭṭhiṃ,1
ucchedadiṭṭhiyā,1
ucchedaṃ,1
ucchedavādī,1
ucchinnapaññattiyā,1
viññāṇañcāyatanaṃ,1
tatheva,1
tathāyeva,1
tadanudhammatāya,1
tadanuparivatti,1
tadanuparivattinī,1
tadanuparivattino,1
tadanusārittāva,1
tadāpi,1
tadeva,1
tādisaṃ,1
vipallāsaṃ,1
tādiseyeva,1
tādisoyeva,1
tādīti,1
vipākoti,1
tadupagajjhāyino,1
tāhi,1
tajjā,1
vipākena,1
tajjātikā,1
vipākāya,1
tamābhibhūto,1
vipākapaññattiyā,1
tadanantare,1
tamādinnaṃ,1
vipallāsañca,1
tabbiññāṇaṃ,1
surūpāti,1
susamāraddhā,1
susamāraddhaṃ,1
susukhacchāyā,1
susuyyati,1
sutacāgaparibhāvitanti,1
sutadhammā,1
sutamayīpaññā,1
sutena,1
vipariṇāmaññathābhāvā,1
vipallāsopi,1
suttantaṃ,1
suttanti,1
vipallāsanikkhepapaññattiyā,1
suttena,1
suvaṇṇacampakapupphehi,1
suvaṇṇadubbaṇṇena,1
suvaṇṇaghaṭato,1
suvaṇṇaghaṭikadaliyo,1
suvaṇṇavaṇṇo,1
tā,1
vipallāsāni,1
uḷārassa,1
tamaparamo,1
tamesu,1
viññāṇanti,1
tarissanti,1
tarissatīti,1
taritukāmā,1
tasitaṃ,1
viññāṇanirodhā,1
viññāṇañcāyatanasaññā,1
viññāṇañcāyatanasahagatāya,1
tassaṃ,1
tassaṅguno,1
tassapi,1
tassatthāya,1
tassāyaṃ,1
tassevaṃ,1
tathāgataṃ,1
tathāgatassa,1
tathāgato,1
tathārūpā,1
tathārūpaṃ,1
tathārūpena,1
tathāsamāhito,1
tarati,1
vipākanti,1
tappoṇatā,1
tappaccayāni,1
tameti,1
vipākahānāya,1
tamopanandhakāro,1
vinodaṃ,1
tamopi,1
viññattampi,1
viññātaṃ,1
taṃyeva,1
viññāṇaṭṭhitīsu,1
viññāṇaṭṭhitipahānā,1
taṇhakkhayaṃ,1
taṇhākkhayaṃ,1
taṇhaṃ,1
taṇhāmūlassa,1
viññāṇaṭṭhitiṃ,1
taṇhāpahānaṃ,1
viññāṇaṭṭhiti,1
tanujātaaṇḍajāpi,1
tanukañca,1
tapanīyaṃ,1
viññāṇasaccanti,1
tappoṇamānasaṃ,1
unnaḷabhāvaṃ,1
unnaḷānaṃ,1
upabhogaparibhogā,1
vatthukāmā,1
vatthukāmāpi,1
vatthukāmassa,1
vatthukāmesu,1
vatthukatā,1
vatthukataṃ,1
vatthuppattiyaṃ,1
vattissanti,1
viharissanti,1
vattissantīti,1
vayadhammasamuppādo,1
vāyamato,1
vāyamissanti,1
vāyamissantīti,1
vāyamituṃ,1
vedanākāyā,1
vedanākāyo,1
vedanākkhandhaṃ,1
vedanākkhandhe,1
vedanakkhayāpi,1
vedanaṃ,1
vatthu,1
vedanāpareto,1
vatthayugaṃ,1
vattabbo,1
vantā,1
vantikatāti,1
vānupassanāya,1
vānupassantānaṃ,1
vare,1
vāsanā,1
vāsanābhāgiyaṃ,1
vāsanābhāgiyañca,1
vasanaṭṭhānaṃ,1
vasena,1
vaseyyuṃ,1
vasissati,1
vātajavoti,1
vataṃ,1
vatamattenāti,1
vatassa,1
vatena,1
vihāritā,1
vāto,1
vattabbā,1
vattabbāni,1
vatthakaraṇḍako,1
vaṇṇoti,1
viharissāmi,1
vedanāpubbaṅgamāpi,1
vibhāvitampi,1
vibhūtena,1
vighāto,1
vicaraṇaṃ,1
vicārānaṃ,1
vicārārammaṇaṃ,1
vighātena,1
vicayena,1
vighātapariḷāhā,1
vicikicchānusayo,1
vicikicchāpariyuṭṭhānañca,1
vicikicchāpariyuṭṭhānassa,1
vicikicchāya,1
vicinati,1
viciniyati,1
vicittena,1
viciyantaṃ,1
viddhaṃsiyati,1
vidhāvanti,1
viditā,1
viditvā,1
vibhāvetuṃ,1
vedanāpi,1
vibhavataṇhā,1
vibhavaṃ,1
vedanīyasukhadukkhopagatā,1
vedayitaṃ,1
vedayitaparikkhāro,1
vedesi,1
vemati,1
vemattatā,1
vihārena,1
vepullatamāpajjati,1
veramaṇisattānaṃ,1
verambhavātasamuṭṭhitakiṃsukakiṃsukārakaṇikārapupphacuṇṇasamokiṇṇā,1
verāni,1
vesa,1
vevacanā,1
vevacanoti,1
veyyāvaccakiriyāyapi,1
vibhāgena,1
viharanti,1
vibhajjabyākaraṇiyo,1
viharāmīti,1
vihaññati,1
vibhattiyaṃ,1
vibhāvanā,1
suppaṭividdhehi,1
vaṇṇaṃ,1
valāhakassa,1
upapajjaaparāpariyavedanīyaṃ,1
upapajjamānā,1
upapajjati,1
upapannā,1
upapannoti,1
upaparikkhanti,1
upapattibhāvañca,1
upapattihetupaññattiyā,1
upapattiko,1
upari,1
uparimā,1
upāsakānañca,1
upasamādhiṭṭhānaṃ,1
upasamādhiṭṭhānassa,1
vijjā,1
upasamādhiṭṭhānena,1
upasaṅkamitvā,1
upaṭṭhānassa,1
upaṭṭhitaṃ,1
upāyena,1
upāyo,1
upanisāya,1
vihiṃsāvitakkapaṭivinodanādhippāyatā,1
vijjotamānā,1
upamāya,1
upacayāya,1
upacayo,1
upaccagā,1
upādānañca,1
upādānapaññattiyā,1
vikasitamiva,1
upādānehi,1
upādānekattāya,1
upādāyanto,1
upādāyānulomatā,1
upaddavoti,1
upadeso,1
upadhi,1
upādinnakkhandhā,1
vijjuppādo,1
upādiyanti,1
upagamiparissayo,1
upagamo,1
upakkilesehi,1
upamā,1
upamaṃ,1
upanisāsampattīhi,1
vāmahatthato,1
vihiṃsati,1
upekkhāpalipubbāparanimittāsayo,1
ussaṭā,1
uttamattho,1
uttari,1
uttiṇṇā,1
uttiṇṇo,1
vācācittenapi,1
vācākammaṃ,1
vācakattābhirati,1
vācaṃ,1
vacanaṃ,1
vacanāni,1
vacanapaññattiyā,1
vacanapathānaṃ,1
vacanapaṭiggahalakkhaṇā,1
vācasikañca,1
vācaso,1
vacīkammañca,1
vadāmīti,1
vadanti,1
vahantaṃ,1
vajjaṃ,1
ussāpetvā,1
upekkhameva,1
ussāhena,1
uppanno,1
upekkhāpāripūriṃ,1
upekkhāsahagatā,1
upekkhāsambojjhaṅgoti,1
upekkhāsampajaññaṃ,1
upekkhāsatipārisuddhi,1
vihiṃsasaññāya,1
upekkhāsatipārisuddhiṃ,1
upekkhāsukhaṃ,1
upekkhāsukhasahagatāya,1
upekkhāti,1
upekkhāya,1
upekkhindriyassa,1
uppādāyadiṭṭhi,1
uppādayissantīti,1
uppādeyya,1
vihiṃsāchando,1
uppajjate,1
uppajjeyya,1
uppajjeyyuṃ,1
uppalaṃ,1
uppannaṃ,1
uppilavataṃ,1
samanantarapaccayatāya,1
suppaṭividdhāsu,1
suppaṭividdhampi,1
saṃyojanappahānaṃ,1
saṃyojanasaṅgasattā,1
saṃyojanassa,1
vitakkayati,1
vitakkayanto,1
saṃyojanehi,1
saṃyojanīyā,1
saṃyuttā,1
sañchannaṃ,1
vitakke,1
saṇḍahati,1
sandissati,1
sandissayatāya,1
sanibbutoti,1
sañjānanto,1
vitakkavicāro,1
saṅkappanāya,1
saṅkappitanti,1
vitakkavicāresu,1
saṅkappo,1
sandhāya,1
saṃyojananti,1
saṃyojanaṃ,1
saṃyojanā,1
samugghātapasādo,1
samugghāteti,1
samūhananti,1
samūho,1
sāmukkaṃsikāya,1
samuppādāya,1
vītarāgoti,1
saṃvāraṇā,1
saṃvaraṇānaṃ,1
vītarāgānaṃ,1
saṃvattatīti,1
saṃvego,1
saṃvejaniye,1
saṃviggassa,1
vitaṇḍamānā,1
saṃviggo,1
saṃyamatoti,1
saṃyameti,1
saṃyamo,1
saṃyamopi,1
saṃyogī,1
saṅkhaṃ,1
saṅkhāpahāraṃ,1
vitakkāti,1
saṅkhārakkhandhapariyāpanno,1
saññāvipallāsassa,1
saññāvipallāso,1
saññāvitakko,1
saññāya,1
saññāyati,1
sannissayassa,1
sannissito,1
saññitaṃ,1
sannitvā,1
santā,1
santāpā,1
santāpānaṃ,1
santapāpapaṭinissaggā,1
santāpito,1
santāpo,1
santhāgārasālā,1
santhāgāre,1
saṇṭhānoti,1
santhataṃ,1
santīraṇaṃ,1
santo,1
saññāvipallāsappahānaṃ,1
samuggatatārakaṃ,1
saññāvipallāsaṃ,1
vighātā,1
saṅkhārakkhandhe,1
vitakkānaṃ,1
vitakkaṃ,1
vitakkajanitaṃ,1
saṅkhāraparetopi,1
saṅkhārāpi,1
saṅkhārapubbaṅgamāpi,1
saṅkhārasamannāgato,1
visujjhati,1
saṅkhāvitakkite,1
saṅkhepaniddesena,1
saṅkhobhataṃ,1
visodheti,1
saññādiṭṭhite,1
visiṭṭhapaññattiyā,1
saññākāyā,1
saññākāyo,1
saññaṃ,1
visesoti,1
saññānanti,1
saññāparetopi,1
saññāpubbaṅgamāpi,1
samudayoyaṃ,1
vīthikosallañca,1
samudayañca,1
samattā,1
samayaniddeso,1
samaye,1
samāye,1
vodānakosallaṃ,1
sambhārā,1
sambhavo,1
sambhavoti,1
sambhinnā,1
sambhoti,1
sāmiso,1
saṃkampati,1
saṃkilesabhāgiyena,1
saṃkilesapaññattiyā,1
saṃkilesappahānaṃ,1
saṃkilissantīti,1
sammāājīvassa,1
sammāājīvena,1
sammādiṭṭhi,1
sammajjāpetvā,1
sammākammantapaññattiyā,1
samathassa,1
sammākammantena,1
samathaṃ,1
samathā,1
samaññābale,1
samannāgatā,1
samannāgataṃ,1
samannāgato,1
samaññāyatanā,1
samantā,1
samantapāsādiko,1
vosaggo,1
samāpajja,1
samāpajjitānaṃ,1
samāpanno,1
samāpattīhi,1
vopasaggā,1
samāpattikosallaṃ,1
samāpattikosallañca,1
samāpattipajjanatā,1
samāpattivuṭṭhānakosallaṃ,1
vokirati,1
samāropanāti,1
vohārena,1
samāropayitabbā,1
samathabalena,1
saopammaṃ,1
sammāpaññāya,1
sammappadhānaṃ,1
vivattiyaṃ,1
saṃpasādaṃ,1
sampasīdati,1
sampaṭipajjanto,1
sampattesu,1
sampattikammadhamme,1
sampatto,1
sampayuttā,1
saṃsandananiddeso,1
saṃsaranto,1
saṃsārappahānanā,1
saṃsārena,1
saṃsedajā,1
samucchedo,1
samucchitabbo,1
samudācārasseti,1
samudāgamassa,1
samudāgamo,1
samudāgatā,1
samudāgatāni,1
samudayaṃ,1
sampajāyamānā,1
sammappadhānā,1
vivekā,1
vivekaninnassa,1
sammappadhānāni,1
sammappadhānesu,1
sammāsamādhinā,1
vivicceva,1
sammāsamādhino,1
vivicca,1
sammāsambuddhaṃ,1
sammāsaṅkappassa,1
sammāsaṅkappena,1
vivekapoṇassa,1
sammāsaṅkappo,1
sammāvācāpaññattiyā,1
sammāvāyāmassa,1
sammāvāyāmena,1
vivekapabbhārassa,1
sammāvimutti,1
sammukhaṃ,1
sammūḷhavidho,1
sammuṭṭhassatikassa,1
sampajānāti,1
sampajaññaṃ,1
vivekajaṃ,1
sappaccayā,1
sappaccayatāya,1
sappītikā,1
sotena,1
sova,1
vīriyena,1
soyaṃ,1
vīriyasambojjhaṅgo,1
vīriyasamādhinā,1
subhañca,1
subhanimittañca,1
subhanimittena,1
subhārammaṇapaccayo,1
vīriyagahitaṃyeva,1
subhāvitattā,1
subhāvitena,1
sucaritā,1
sucaritametaṃ,1
sucaritapaññattiyā,1
sucimpi,1
sucināpi,1
suciṇṇe,1
virajjati,1
suddhoyeva,1
sotehi,1
virahissanti,1
sotāpattiyaṅgāni,1
sotāpattaṅgamadukkhāyaṃ,1
vīriyindriyañca,1
sokaparidevadukkhadomanassupāyāsā,1
sokaparidevadukkhaṃ,1
somanassacittamupādānanti,1
somanassadomanassānaṃ,1
somanassamapi,1
somanassanekkhammassitā,1
somanassavicāro,1
somanassindriyapahānaṃ,1
somanassindriyapaṭipakkhena,1
somanassindriyassa,1
sopaniyāhārīni,1
sotāni,1
sotānugatādhammāti,1
sotānugatānaṃ,1
sotānugatāti,1
sotānugatāya,1
sotānugatehi,1
sotānugatesu,1
sotāpannā,1
sotāpannopi,1
sotāpattiphalena,1
siyā,1
sugatā,1
sugatiyo,1
sukhindriyapahānaṃ,1
vipassanāya,1
sukhindriyapaṭipakkhena,1
sukhindriyasomanassindriyānaṃ,1
sukhumakilesānaṃ,1
sukhumānaṃ,1
sukhumataresu,1
sukhumehi,1
sukhupekkhā,1
sukkaṃ,1
sukkapakkhe,1
sumuni,1
suṇadhammo,1
suṇasādhāraṇehi,1
suññatāya,1
supāramitā,1
suparicitā,1
vipassanānaṃ,1
viparītena,1
supati,1
viparītā,1
sukhāyanā,1
sugatakammatā,1
vippakasantaṃ,1
sukhavedanīyanti,1
sukatametaṃ,1
sukhā,1
sukhaavipākinī,1
sukhadukkhānukatañca,1
sukhadukkhasahagatā,1
sukhadukkhāya,1
virāgāya,1
virāganirodhāti,1
sukhamānitaṃ,1
sukhamāpannassa,1
sukhampi,1
vippayuttā,1
vippaṭijānāti,1
sukhanimittena,1
sukhapadaṭṭhānaṃ,1
vippamokkhamāhaṃsu,1
sukhasaññā,1
vippakiṇṇatārakaṃ,1
sukhasaññāya,1
sukhasātasamohitā,1
sukhavedanīyaṃ,1
sukhavedanīyassa,1
suppaṭividdhānaṃ,1
vīriyindriyassa,1
siñcamānā,1
satipārisuddhisahagatā,1
satisahagatāya,1
satisambojjhaṅgo,1
satisampajaññena,1
visesabhāgiyānañca,1
satoyevettha,1
sattahi,1
sattakkhattuparamo,1
sattārammaṇā,1
sattasu,1
sattavidhā,1
sattesu,1
satthadānaṃ,1
satthari,1
vīsativatthukāya,1
sattoti,1
sāvajjaṃ,1
sāvakā,1
sāvako,1
savananti,1
savanena,1
satipārisuddhi,1
vīsati,1
satindriyāni,1
satibalaṃ,1
sappītikāya,1
sarāgassa,1
sārattā,1
sārattacitto,1
sāriputtassa,1
sarīraṃ,1
sarīranti,1
sarīre,1
saritassa,1
sāsananti,1
sasatthārammaṇaṃ,1
sāsavo,1
visesena,1
sassatadiṭṭhiyā,1
sassataṃ,1
visesaṃ,1
sassatena,1
sasukhatāya,1
sātānaṃ,1
visesadhammānaṃ,1
sātāvīnaṃ,1
satimā,1
sitapaccayā,1
savati,1
savicāre,1
sīlabbatupādānaṃ,1
sīlabhāvanā,1
sīlakathaṃ,1
sīlakkhandhaṃ,1
sīlakkhandhena,1
virodhati,1
sīlamayikapuññakiriyavatthu,1
sīlameva,1
sīlamupādāya,1
sīlānaṃ,1
sīlaparibhāvitaṃ,1
sīlapāripūrī,1
sīlapāripūrimupādāya,1
sīlavantesu,1
sīlavatā,1
sīlavataṃ,1
virodhanaṃ,1
sīlavemattatāya,1
sīle,1
virocati,1
sīlo,1
virodho,1
visārado,1
sikkhāpadāni,1
sevito,1
savitakke,1
sayaṃ,1
sayameva,1
sayāpetha,1
sekkhabhāvanāya,1
sekkhabhūmi,1
sekkhabhūmiṃ,1
visajjanāni,1
sekkhabhūmiyaṃ,1
sekkhaṃ,1
sekkhānaṃ,1
sekkhāva,1
sekkhavimutti,1
sekkhāya,1
sekkhopi,1
selopamaṃ,1
selopamatāya,1
sesadhammānaṃ,1
seṭṭhajeṭṭhoti,1
seṭṭhoti,1
sevati,1
seyyathāpi,1
selopamanti,1
abbhuggataṃ,1
parivajjitatthaṃ,1
bhatiṃ,1
bhatiyeva,1
bhavahāritā,1
bhavameva,1
bhavamevābhinandanti,1
bhavamevābhinandati,1
bhāvanābhūmiyaṃ,1
bhāvanāhi,1
bhāvanākārena,1
bhāvanaṃ,1
bhāvanāmayīpaññā,1
bhāsoyeva,1
bhāvanānuyogamanuyutto,1
bhāvanāpi,1
bhāvanāsu,1
bhavantīti,1
bhavarāgassa,1
bhavarāgo,1
bhavarāgoti,1
bhavasandhābhiññā,1
bhavasandhānaṃ,1
bhavāsavassa,1
bhavassa,1
bhavatalākāsu,1
bhāvanāpāripūriṃ,1
bhāvayantassa,1
bhāsito,1
bhante,1
bahussutā,1
balabojjhaṅgavimokkhasamādhisamāpattīnaṃ,1
balametaṃ,1
balassa,1
bale,1
balena,1
bālo,1
bandhanāsaṅkhārānaṃ,1
bandhanato,1
bandhanti,1
bāvīsatindriyāni,1
bhāsitāni,1
bhaddikaṃ,1
bhaddikārāti,1
bhaddiko,1
bhagavati,1
bhagavatoti,1
bhāgiyañca,1
bhaṇāpemāti,1
bhaṇati,1
bhaṇeyya,1
bhaṇitaṃ,1
bhaṇitāni,1
bhaṇitāya,1
bhaddikañca,1
bāhussaccena,1
bhavena,1
bhavesu,1
bodhipakkhiyadhammā,1
bojjhaṅgānaṃ,1
bojjhaṅgassa,1
brahmacariyesanāya,1
brāhmaṇā,1
brāhmaṇassa,1
bravīti,1
brūhayati,1
buddhānussati,1
bujjhakāradhikaṃ,1
bujjhati,1
bodhagamanīyā,1
bujjhitabbaṃ,1
byākaraṇesu,1
byākaroti,1
byāpādakāyagantho,1
byāpādamupādāya,1
byāpādānupassissa,1
byāpādapariyuṭṭhānassa,1
byāpādasaññāya,1
byāpādavitakkapaṭivinodanādhippāyatā,1
byatto,1
cābhiramamānassa,1
cāgādhiṭṭhānaṃ,1
byākaraṇe,1
bhāvessanti,1
bījapaññattiyā,1
bhūmīhi,1
bhāvetabbaṃ,1
bhāvitacittanti,1
bhāvitacittena,1
bhāvitakusalatāva,1
bhāvitāni,1
bhāvitanti,1
bhavogho,1
bhayā,1
bhayānake,1
bhayato,1
bhāyi,1
bhūmippatto,1
bheriṃ,1
bhikkhave,1
bhikkhū,1
bhikkhūnañceva,1
bhikkhunoti,1
bhikkhusaṅghena,1
bhindanto,1
bhiyyo,1
bhiyyoso,1
bho,1
bhojāpetvā,1
bhūmigatā,1
bhijjati,1
cāgādhiṭṭhānassa,1
bahulīkatā,1
bāhiro,1
atthapaṭisambhidāyañca,1
atthappaṭisaṃveditā,1
aṭṭhārasa,1
aṭṭhārasannaṃ,1
aṭṭhāsi,1
aṭṭhasu,1
aṭṭhavidhaṃ,1
atthaviññatti,1
atthāya,1
atthikā,1
atthopi,1
aṭṭhannaṃ,1
aṭṭiyati,1
avakāso,1
āvaraṇaṃ,1
avasesasaññino,1
avasussanti,1
avasussati,1
āvaṭṭanassa,1
avattasantāsabhūmiparivajjayanto,1
āvaṭṭassa,1
aveccappasādā,1
aveccappasādesu,1
averā,1
avaguṇantaṃ,1
averābhichandakā,1
aṭṭhānisaṃsamattā,1
aṭṭhaṅgikaṃ,1
atapanīyaṃ,1
atikkamati,1
atimaññanto,1
atimaññissatīti,1
atītaṃ,1
atītavatthussa,1
atītena,1
ativassati,1
ativassiyanti,1
ativassiyati,1
atividhāvanto,1
aṭṭhaṅgikena,1
ativiya,1
attabyāpādāya,1
attadiṭṭhiyā,1
attahitāya,1
aṭṭakā,1
attanimittena,1
attānupassī,1
attasaccaṃ,1
attasaññānupacittaṃ,1
attavādupādānaṃ,1
atthaṅgamā,1
aṭṭhaṅgasammattāni,1
attabhāvavatthuṃ,1
bahulādhivacanena,1
averena,1
avicārā,1
avitakkāya,1
avitakke,1
avītarāgassa,1
avītarāgo,1
avītikkantā,1
avitiṇṇā,1
avūḷho,1
āvutaṃ,1
ayamassa,1
ayamekatā,1
āyasmatā,1
avitakkā,1
āyatanānaṃ,1
āyatiṃ,1
ayonisomanasikāro,1
āyūhanā,1
āyūhanto,1
āyūhati,1
bahiddhāsaṃyojanañca,1
bāhikā,1
bāhirakāni,1
bāhirako,1
bāhirāni,1
bāhirasaṃyojanaṃ,1
āyatanavavatthānena,1
āvibhavanti,1
avītacchando,1
avippaṭisārīpāripūrī,1
avicāre,1
avicāreyeva,1
aviddhaṃsiyanti,1
avihiṃsāvitakkabhāvanā,1
avihiṃsāvitakkaṃ,1
avijjāmūlā,1
avijjañca,1
avijjānirodhā,1
avijjāpahānena,1
avijjāpaññattiyā,1
avijjāpariyuṭṭhānañca,1
avippaṭisāropi,1
avijjāpariyuṭṭhānassa,1
avijjāto,1
avijjāvirāgañca,1
avijjogho,1
avikkhepo,1
avilapati,1
aviparītā,1
avippaṭisārapaccayā,1
avippaṭisārato,1
avippaṭisāratthāni,1
avippaṭisārī,1
avippaṭisārino,1
avijjāsavassa,1
cāgaṃ,1
cāgasaṃhitena,1
cāgassa,1
devo,1
dhaje,1
dhammabhūtā,1
dhammacārī,1
dhammacārino,1
dhammadānaṃ,1
dhammadesanaṃ,1
dhammadesanāya,1
dhammadesanāyapi,1
dhammadhātupariyāpannāti,1
dhammakāyotiyeva,1
devabhūtassa,1
dhammanandiyā,1
dhammānudhammāya,1
dhammānupassanā,1
dhammānusamāpattikā,1
dhammānusārino,1
dhammānussaritabbā,1
dhammānussati,1
dhammapaṭisambhidāyañca,1
dhammappaṭisaṃveditā,1
dhammarāgena,1
dhammasaññā,1
dhammataṇhā,1
dhammānudhammapaṭipatti,1
dhammavādino,1
devā,1
desitabbaṃ,1
dandhābhiññā,1
dāne,1
dānena,1
dārake,1
daraṇitabbaṃ,1
dasabalaṃ,1
dasannaṃ,1
dasavatthukā,1
dasavatthukāni,1
dasavidhāti,1
dassanabhūmiṃ,1
desitassa,1
dassanabhūmiyā,1
dassanappahātabbānaṃ,1
dassanappahātabbāni,1
dassanappahātabbo,1
dassanīyo,1
dassanti,1
dassayitabbaṃ,1
daṭṭhabbaṃ,1
desanāhārena,1
desanāhetūni,1
desanamāha,1
desanāpaccayā,1
dassanamaggena,1
daṇḍakadīpikā,1
dhammavicayasambojjhaṅgo,1
dhammāyatanāni,1
diṭṭhekaṭṭhānañca,1
diṭṭheyeva,1
diṭṭhianusayo,1
diṭṭhibhāgiyanti,1
diṭṭhigatānaṃ,1
diṭṭhijo,1
diṭṭhikā,1
diṭṭhipakkhe,1
diṭṭhippahānaṃ,1
diṭṭhippahānāya,1
diṭṭhirāgo,1
diṭṭhekaṭṭhā,1
diṭṭhisaṃyojanassa,1
diṭṭhivasena,1
diṭṭhivipallāsaṃ,1
diṭṭhivipallāsappahānaṃ,1
diṭṭhivipallāsassa,1
diṭṭhivipallāso,1
diṭṭhivitakko,1
diṭṭhiyāpi,1
diṭṭhiyo,1
diṭṭhogamanakindriyaṃ,1
diṭṭhogho,1
diṭṭhupādānaṃ,1
diṭṭhīsu,1
dhammavinayo,1
diṭṭhāsavassa,1
diṭṭhapadassa,1
dhammāyatanapariyāpannā,1
dhammāyatanesu,1
dhammena,1
dhammesūti,1
dhanāni,1
dhāranti,1
dhāreti,1
dhātuvavatthānena,1
dhātuyo,1
dhāvarā,1
dibbā,1
diṭṭhāsavā,1
dibbacakkhuno,1
dinne,1
dīpamālāhi,1
dīpeti,1
disābhāgā,1
dissati,1
diṭṭhadhammāpi,1
diṭṭhadhammasukhavihārañca,1
diṭṭhadhammasukhavihāro,1
diṭṭhadhammikaṃ,1
diṭṭhaṃ,1
diṭṭhampi,1
dibbesu,1
daṇḍadānaṃ,1
dānassa,1
dānanti,1
cetanākāyo,1
cetanānaṃ,1
cetanāpariyuṭṭhānaṃ,1
cetanāpariyuṭṭhānassa,1
cetanāpi,1
cetanāya,1
cetāni,1
cetasikabandhanaṃ,1
cetasikāpi,1
cetasikassa,1
cetasikehi,1
cetanākāyā,1
cetasikesu,1
cetayitaṃ,1
cete,1
cetitā,1
ceto,1
cetovimutti,1
cetovimuttimohakkhayena,1
chabbaṇṇabuddharasmiyo,1
chabbidhā,1
chādeti,1
chaḷindriyaṃ,1
chandā,1
cetayissanti,1
chandarāgavināsāya,1
cetanākammaṃ,1
cāyaṃ,1
cāgoyiṭṭhānaṃ,1
cakkaṃ,1
cakkhunā,1
cakkhuno,1
cakkhusamathapathaṃ,1
cakkhussa,1
calanā,1
cando,1
caññepi,1
carāpetvā,1
carati,1
ceso,1
carimhāti,1
cariyati,1
cattāropi,1
catubbidhaṃ,1
catubbidhāya,1
catubbidho,1
catubyūhoti,1
catunnañca,1
catuoghaṃ,1
caturaṅgikaṃ,1
catutthapadena,1
catutthassa,1
carissatīti,1
chandarāgavinayamāhāti,1
chandarāgavinayapaññattiyā,1
chandarāgavinayo,1
cittasaṃkilesā,1
cittasannissaye,1
cittasāsavatāya,1
cittasatataṃ,1
cittasito,1
cittavipallāsaṃ,1
cittavipallāsappahānanti,1
cittavipallāsassa,1
cittavipallāso,1
cittavitakko,1
cittavodānā,1
cittasamādhinā,1
cittehi,1
cīyanti,1
dadatopi,1
dadatoti,1
dahare,1
dahati,1
dakkhiṇahatthato,1
dakkhiṇato,1
damo,1
dānakathaṃ,1
dānamayaṃ,1
dānāni,1
cittekaggataṃ,1
cittasallīyanā,1
cittapubbaṅgamā,1
cittānupassissa,1
chandasamādhinā,1
chandasamudānitā,1
chando,1
channanti,1
channena,1
chaṭṭhitena,1
chattiṃsesu,1
chaviññāṇakāyā,1
chedanaṃ,1
chedanīyaṃ,1
chetvāti,1
chindeyya,1
chinnāni,1
cintāmayīpaññā,1
cintāya,1
cittabhāvanā,1
cittabhāvanaṃ,1
cittabhāvanaṃyeva,1
cittabhāvanāyañca,1
cittabhūtā,1
cittacetasikasahagatā,1
cittakammaṃ,1
cittañca,1
cittāni,1
cittānupassanāya,1
asukkaṃ,1
asukassa,1
asucināpi,1
asucimpi,1
akusalato,1
akusalavipallāsānaṃ,1
ālambanirodhasamādhi,1
alobhoyeva,1
ālokaṃ,1
amanāpikehipi,1
amanasikārā,1
amanasikārena,1
amanasikāro,1
amanasikatvā,1
āmasati,1
akusalapasuteva,1
amhākaṃ,1
amhehi,1
āmisadānaṃ,1
āmisaṃ,1
amissīkatanti,1
anabhāvaṃgatena,1
anabhihārakkhamaṃ,1
anabhinīhārabalaṃ,1
anabhinīhārakkhamova,1
anabhirataṃ,1
anabhisaṅkhārānaṃ,1
anadhivasiyantaṃ,1
amhākampi,1
anadhivassanatāya,1
akusalakammapathe,1
akusalakammaṃ,1
ajjhattasaṃyojanaṃ,1
ajjhattasaṃyojanañca,1
ajjhattikabāhiresu,1
ajjhāvasito,1
ajjhosānagataṃ,1
ajjhosanno,1
ajjhupekkhā,1
akammassa,1
akammayuttā,1
akaṇhaṃ,1
ākaṅkheyya,1
akusalakammapathā,1
ākaṅkhiyanti,1
akāpurisā,1
akāpurisasevitena,1
akāpurisasevito,1
akaraṇīyo,1
ākāro,1
akhaṇḍassa,1
ākiñcaññāsamāpattikā,1
ākiñcaññāyatanaṃ,1
akiriyadiṭṭhi,1
akkhāti,1
akusalacittaṃ,1
akappiyassa,1
ajjhattapasādo,1
anādīnavadassī,1
anāgataṃ,1
anāvilasaṅkappadutiyajjhānapaññattiyā,1
anāvilasaṅkappitā,1
anāvilatā,1
anavivaṭaṃ,1
aṇḍagatā,1
aṇḍakā,1
andhakāre,1
andhakāro,1
anekajjhābhūmīsu,1
anekaṃ,1
anekavidhāni,1
anāvilamanā,1
āneñjamayā,1
āneñjasaññino,1
ānetvā,1
aṅgā,1
aṅgānaṃ,1
aṅgena,1
anibbiddhattaṃ,1
aniccānupassanāya,1
aniccasaññā,1
anicce,1
animittaṃ,1
animittena,1
āneñjamayānaṃ,1
anāgāmiphalañca,1
anāvilacittasaṅkappo,1
anavamaggo,1
anāgatavatthumhi,1
anamataggasaṃsārasamāpannānaṃ,1
ānanda,1
anaññā,1
anaññātaññassāmītindriyaṃ,1
anaññatāti,1
ānantarikā,1
ānantariyānaṃ,1
ānantariyasamādhīnaṃ,1
ānantariyenapi,1
anāpajjāsattaṃ,1
anāvattikanti,1
ānāpānassatiyā,1
anapekkhino,1
anariyaṃ,1
anariyo,1
anāthā,1
anattani,1
anattasaññā,1
anattato,1
anatthaṃ,1
anatthikatā,1
anavajjaṃ,1
anavajjanti,1
anapaṇataṃ,1
ajjhattabahiddhā,1
ajjhattā,1
ajjhāpannā,1
abhisamparāyaṃ,1
abhisamparāye,1
abhisaṅkhāro,1
abhivaḍḍheti,1
ābhogo,1
abyāpādadhātu,1
abyāpādamāno,1
abyāpādasaññā,1
abyāpādassaṅgamāno,1
abyāpādatāya,1
abyāpādāvikkhambhanabahiddhā,1
abhisambhunāti,1
abyāpādavitakkabhāvanā,1
abyāpajjaṃ,1
abyāpajjatāya,1
abyāpajjena,1
abyatto,1
acari,1
ācayagāminiṃ,1
ācayagāmino,1
accantaṃ,1
accāraddhavīriyaṃ,1
acchannena,1
acchanti,1
abyāpādavitakkaṃ,1
acetanā,1
abhisamāhāro,1
abhipatthitaṃ,1
abhabbatā,1
abhabbo,1
abhāsittha,1
abhāvitā,1
abhāvitattā,1
abhayadānena,1
abhaye,1
abhibhūmiāyatanasahagatā,1
abhijjhābyāpādo,1
abhijjhākāyagantho,1
abhijjhitassa,1
abhirūpo,1
abhikaṅkhati,1
abhilapati,1
abhimānikā,1
abhinandati,1
abhinīhārakosallaṃ,1
abhinīhārasahagatā,1
abhinisābhūmi,1
abhinivese,1
abhiniviṭṭhā,1
abhiññādukkhatāya,1
abhiññaṃ,1
abhiññānaṃ,1
abhikkhaṇaṃ,1
achannaṃ,1
adassanaṃ,1
ādāya,1
ādīnavehi,1
adiṭṭhamānaṃ,1
adosoyeva,1
adukkhamasukhā,1
adukkhamasukhaṃ,1
adukkhamasukhampi,1
aduṭṭhaṃ,1
āgacchantaṃ,1
āgamissatīti,1
āgāre,1
āgāresu,1
ādīnavato,1
āha,1
ahamasmīti,1
ahaṃkārassa,1
ahaṃkāre,1
āhārā,1
āhu,1
ajānanto,1
ajhāniyajhāniyajhāyīhi,1
ajhāniyajhāyino,1
ajhāniyajhāyitaṃ,1
ajigucchito,1
ajja,1
ahaṃ,1
ādīnavānupassino,1
ādīnavānupassanāya,1
ādīnavañca,1
addhāsu,1
aḍḍho,1
adesituṃ,1
adhigamanaṃ,1
adhigatapemassa,1
adhikaraṇaavūpasamo,1
adhimānaṃ,1
adhimattā,1
adhimattāni,1
adhimattataṃ,1
adhimattāya,1
adhimuttā,1
adhīnaṃ,1
ādhipaccaṃ,1
adhipaññādhammaṃ,1
adhipaññādhammavipassanāya,1
ādhipateyyapaccayatāya,1
adhipaṭidesitā,1
adhipāṭikaṅkhāti,1
adhiṭṭhānena,1
adhiṭṭhātabbaṃ,1
adhivāsiyati,1
adhivassanatāya,1
ādīnavadassī,1
ādīnavakosallaṃ,1
ānisaṃsā,1
divasaṃ,1
ānisaṃsadassāvitā,1
ānisaṃsopi,1
ārammaṇampi,1
ārammaṇānimittaggāho,1
ārammaṇiyaṃ,1
araññajjhāsayā,1
araññārāmā,1
ārati,1
ariyadhammānaṃ,1
ariyakantaṃ,1
ariyākārena,1
ariyamaggamāgamma,1
ariyamaggena,1
ārammaṇampetaṃ,1
ariyapuggalāni,1
ariyavohāro,1
arūpadhātu,1
arūpadhātuyaṃ,1
arūpassa,1
arūpavatiyo,1
asādhu,1
āsajja,1
asamāhitabhūmiyaṃ,1
asamanupassī,1
asamattho,1
asambodhokāsā,1
ariyasaccesu,1
asaṃhāriya,1
ārammaṇabhūtā,1
arahattañca,1
appaṭikūlā,1
appaṭikūlasamatā,1
appaṭikūlasaññino,1
appaṭiladdhapubbā,1
appaṭinisajja,1
appatirūpā,1
appaṭisambhāre,1
appaṭivedhena,1
appavattito,1
appeti,1
appetu,1
ārammaṇā,1
appicchatā,1
apunabbhavappahānāya,1
apunabbhavāti,1
apuññamayaṃ,1
apuññamayānaṃ,1
ārabhāmīti,1
ārabhitattā,1
arahantadhammā,1
arahantaṃ,1
arahanto,1
arahato,1
arahattadhammā,1
appiyavippayogopi,1
appassutaṃ,1
asaṃhāriyāya,1
asaṃsīdanañca,1
āsevati,1
āsīsati,1
āsitāya,1
asītianubyañjanabyāmappabhā,1
asītihatthamattaṃ,1
asmā,1
asmiṃ,1
asodhayaṃ,1
assā,1
assādañca,1
assādānupassissa,1
āsevanāya,1
assaddhā,1
assaddhāya,1
assaddhiyañca,1
assaddhiyena,1
assādiyākindriyaṃ,1
assāpattimanasikaronto,1
assatiasampajaññaṃ,1
assavanena,1
assuto,1
asubhasaññā,1
asubhasaññābhāvanā,1
asubhato,1
assaddhānaṃ,1
asampajāno,1
asekkhe,1
asekkhassa,1
asamucchinnena,1
asamuggahitanimittā,1
asamugghātapaññattiyā,1
asamūhataṃ,1
asamūhatena,1
asaṃvarānaṃ,1
āsannapaṭipakkho,1
asaññāyatanaṃ,1
asantuṭṭhitā,1
asapattā,1
āsavakkhayaṃ,1
asekkhavimutti,1
āsavasamudayo,1
āsavāti,1
āsave,1
āsayaṃ,1
asekkhabhāgiyaṃ,1
asekkhabhāgiyañca,1
asekkhabhāgiyāni,1
asekkhabhūmi,1
asekkhabhūmiyaṃ,1
asekkhamaggaṃ,1
asekkhānaṃ,1
asekkhapaññattiyā,1
āsavatāya,1
appasannā,1
appasakkhayena,1
appasaddakāmā,1
anudayamettājhānakalānudanukalāya,1
anudhāvanti,1
anudhitāni,1
anugāminī,1
anugatāti,1
anumodatopi,1
anunayassa,1
anunayattaṃ,1
anuññattā,1
anupādāya,1
anupādisesañca,1
anubyañjanaso,1
anupādisesanibbānadhātuṃ,1
anupālati,1
anupālayanto,1
anupassanāsahagatā,1
anupassati,1
anupassatīti,1
anupekkhitesu,1
anuppādadhammo,1
anupubbadhammassa,1
anusāsanapaññattiyā,1
anusayapaṭighapahānaṃ,1
anusayappahānā,1
anupādisesāpi,1
anusayasamugghātaṃ,1
anubhinnā,1
antogāme,1
ānitaṃ,1
aniṭṭhavipākā,1
aniṭṭhavipākaṃ,1
aniyamītipemena,1
aññacittaṃ,1
aññaṃ,1
aññamaññaṃ,1
aññāṇanirodho,1
aññāṇanti,1
aññāṇato,1
aññāṇino,1
antogāmeva,1
aññānuminitabbaṃ,1
aññatarassa,1
aññātāvino,1
aññathā,1
aññathāti,1
aññatra,1
aññepi,1
aññesampi,1
aññesañca,1
aññindriyaṃ,1
anomaddiyataṃ,1
anomagatitāya,1
aññataraṃ,1
anusayasaṃyojanassa,1
anusayavasena,1
anusenti,1
aparipuṇṇañca,1
apariyantadiṭṭhi,1
aparopettha,1
apassavatā,1
āpāthaṃ,1
apaṭisaṅkhāya,1
apekkhā,1
apekkhāti,1
apilāpanatā,1
appaccayā,1
appaccayo,1
apariññā,1
appahānaṃ,1
appahīnabhūmiyañca,1
appahīyanti,1
appakena,1
appamādassa,1
appamādavihārī,1
appamādena,1
appamāṇā,1
appamāṇasahagatā,1
appamattoti,1
appanā,1
appaṇihitena,1
appahānamāha,1
aparihānadhammatā,1
aparidāhanāya,1
aparibhāvitehi,1
anusotagāminīti,1
anusotagāminiyā,1
anusotagāmino,1
anusotaṃ,1
anussarati,1
anutaṃ,1
anuttaraṃ,1
anuṭṭhitā,1
anuṭṭhitaṃ,1
anuvattanakāni,1
anuvattati,1
anuvicarati,1
anuviddhānaṃ,1
anuviddhāpanasaddhāya,1
anuvidhāni,1
anvayena,1
anvetīti,1
apacayāya,1
apadānatanti,1
āpajjati,1
aparāmasanto,1
aparāmaṭṭhaṃ,1
aparamhi,1
aparantadiṭṭhi,1
aparantaṃ,1
ānisaṃsapaññattiyā,1
domanassantaṃ,1
domanassapaccatthiko,1
domanassapadaṭṭhānaṃ,1
nibbāyitukāmā,1
nibbedhabhāgiyasuttaṃ,1
nibbedhabhāgiyena,1
nibbedhagāminā,1
nibbedhassa,1
nibbedhikānañca,1
nibbedho,1
nibbidānupassanā,1
nibbidāsahagatena,1
nibbindatīti,1
nibbutassa,1
nibbattīti,1
nibbuti,1
niccaṃ,1
niccanimittena,1
niccanti,1
niccasaññitānañca,1
niccesupi,1
nicchandassa,1
nidānaṃ,1
niddesanā,1
niddhānapaññattiyā,1
niddisitabbo,1
niddiṭṭhānena,1
nīcakulino,1
niddiṭṭhaupādānamāha,1
nibbattijhāne,1
nibbattati,1
nayasaññā,1
nayati,1
nāyūhati,1
nāyujjatīti,1
nekkhammābhinīhatā,1
nekkhammābhirato,1
nekkhammadhātu,1
nekkhammañca,1
nekkhammappattā,1
nekkhammasukhampi,1
nekkhammasukhena,1
nibbatti,1
nekkhammavitakkaṃ,1
nesaṃ,1
nibbādhikaṃ,1
nibbānadhātuṃ,1
nibbānadhātuyo,1
nibbānanti,1
nibbānapaññattiyā,1
nibbānasacchikaṃ,1
nibbāne,1
nibbānena,1
nibbāpeti,1
nibbattaṃ,1
nekkhamme,1
nayanaupadhīsu,1
nijjhānakkhantiyā,1
nikantīti,1
nissaraṇañca,1
nissāyamānaṃ,1
nissaye,1
niṭṭhaṃ,1
niṭṭhāpetvā,1
nīvaraṇābhibhūto,1
nivāraṇaṃ,1
nīvaraṇānaṃ,1
nīvaraṇanti,1
nīvaraṇapakkhopakileso,1
nīvaraṇappahānaṃ,1
nissaraṇakosallaṃ,1
nīvaraṇappahānāya,1
nivāreti,1
nivattanā,1
nivatteti,1
nivatti,1
nivattinayo,1
niveso,1
nivutaṃ,1
niyamo,1
niyojetīti,1
niyuttaṃ,1
niyuttatthamabhilabbhanti,1
nīvaraṇo,1
nikanti,1
nissando,1
nisajjapaññatti,1
nikkhamitukāmatā,1
nikkhantasuvaṇṇarasadhārāhi,1
nikkhīpante,1
nikkhipetvā,1
nikkhittaṃ,1
nikkhitte,1
nimittaggahaṇaanubyañjanaggahaṇavinodanaṃ,1
nimittaggāhitā,1
nimittānaṃ,1
nimittāni,1
nimittāsu,1
nisinno,1
nimittāyanā,1
niparicito,1
nirāmisena,1
nirodhabhāvanāya,1
nirodhañca,1
nirodhasamāpattito,1
nirodhasamāpattiyā,1
nirodhāya,1
niruddho,1
nirujjhanti,1
nirūpaṃ,1
niruttipaṭisambhidāyañca,1
nimmitā,1
natthikā,1
nātivassantīti,1
nāsīsate,1
manoviññāṇadhātuyā,1
manoviññāṇaṃ,1
manussā,1
manussabhūtā,1
manussakā,1
mānussakā,1
manussāti,1
maraṇabhāvañca,1
maraṇakālasamaye,1
mātāpitusambhūtaṃ,1
mattāya,1
manoviññāṇadhātuṃ,1
mattenapi,1
mayā,1
mayampi,1
medaṃ,1
mettacitto,1
mettānupassiya,1
mettāsevanā,1
mettāya,1
micchādiṭṭhikassa,1
micchādiṭṭhisahagataṃ,1
micchaggate,1
micchāpaṭipatti,1
mātuyā,1
micchattānaṃ,1
manoti,1
manosamphassajaṃ,1
manasāyeva,1
manasikārena,1
manasikaronto,1
manasikāroti,1
manasikarotīti,1
manasikātabbanti,1
manasikātabbo,1
manassa,1
mānavidhā,1
manāyatanañca,1
manāyatane,1
manosucaritaṃ,1
maṇḍanakajātikena,1
maññe,1
manocittaṃ,1
manodhātu,1
manojavā,1
manokammāti,1
manomayā,1
manopasādo,1
manopavicārānaṃ,1
manopavicāresu,1
manopubbaṅgamāti,1
manosampasādanatāya,1
maṅgalaṃ,1
micchattāni,1
milāyanti,1
milāyati,1
nāgacchanti,1
nagaraṃ,1
nagaravīthiyopi,1
nāgatanti,1
nāhaṃ,1
nakkhamati,1
nāmāhaṃ,1
nāmarūpanirodhā,1
nāmarūpanirodho,1
nāmarūpapaccayā,1
nānākāraṇaṃ,1
nādhivassitā,1
ñāṇappaṭilābho,1
ñāṇasamudāgamo,1
nandūpasecanaṃ,1
nānugacchati,1
nānupakampatīti,1
ñāṇuppādā,1
nānussati,1
nāparaṃ,1
nāpi,1
nappajānanti,1
nappaṭipajjati,1
nāsīsanaṃ,1
nānāraṅgānaṃ,1
nādhivāsiyati,1
nābhinandati,1
nābhidhaṃsitāti,1
minikimatthassamīti,1
mīyati,1
mocayitthāti,1
mohacaritassa,1
mohajehi,1
mohajoti,1
mohapakkho,1
mohasantāpo,1
mohassāpi,1
mohena,1
mokkho,1
mucchito,1
mudindriyehi,1
muditābhāvanā,1
mudukā,1
mudumajjhādhimattaṃ,1
mudumajjhādhimattehi,1
mudupaññā,1
mudutā,1
mūlāni,1
mūlapasādo,1
mūḷhoti,1
muṇḍo,1
muni,1
muttamattā,1
niyyānikaṃ,1
mānasaṃyojanassa,1
nopalimpati,1
odahati,1
paññāpāripūrimantehi,1
paññapento,1
paññapeyya,1
paññappabhā,1
paññāti,1
paññattāni,1
paññattāti,1
paññattiṃ,1
paññāvasena,1
paññavato,1
paññāvimuttiyā,1
paññaṃ,1
paññāyapi,1
paññindriyanti,1
paññindriyena,1
pāpakā,1
pāpakasakammasavipākaṃ,1
pāpako,1
pāpamittapaccayo,1
pāpamittasaṃsaggena,1
pāpamittasaṃsevano,1
pāpamittatā,1
pāpamittupasevena,1
pāpassa,1
paññāyato,1
parabhaṇḍapaccayo,1
paññāhi,1
paññādhiṭṭhānassa,1
pañcakkhandhānaṃ,1
pañcakkhandhe,1
pañcamaṃ,1
pañcaṅgasamannāgataṃ,1
pañcaṅgavippahīnaṃ,1
pañcaṅgikena,1
pañcānisaṃsāti,1
pañcanīvaraṇikaṃ,1
pañcannampi,1
pañcapi,1
pañcasatāni,1
paññādhiṭṭhānena,1
pañcasatena,1
pañcavidho,1
pañcupādānakkhandhā,1
paṇḍito,1
paṇḍitoti,1
pañho,1
paṇītattaṃ,1
paṇītesu,1
paññābalaṃ,1
paññābhāvanā,1
paññācakkhuno,1
paññādhiṭṭhānaṃ,1
pañcavidhā,1
pañcakāmaguṇā,1
parabhūmiyaṃ,1
parajjato,1
pariguhanāya,1
parihānīti,1
parihāyanti,1
pariḷāhā,1
pariḷāhe,1
pariḷāhena,1
pariḷāheti,1
pariḷāhoti,1
parimutto,1
parinibbāyati,1
parinibbāyī,1
pariggahituṃ,1
parinibbāyissanti,1
pariññātatthaṃ,1
paripañhayati,1
paripucchati,1
paripuṇṇā,1
pāripūreti,1
pāripūrimantehi,1
paripūrissati,1
parisamantato,1
parissayapahānāya,1
parisuddhājīvo,1
pārisuddhiṃ,1
pariññā,1
parahitāni,1
pariggahesu,1
pariggahā,1
paralokasmiṃ,1
paramā,1
paramāpi,1
parāmasantassa,1
parāmasato,1
paramatthamajjhattaṃ,1
paramattho,1
pāramippattassa,1
pāraṅgatassa,1
paratoghosena,1
parāvidhānabhāgiyā,1
pariggahassa,1
parāyanoyeva,1
paribbajantīti,1
paribhāvanā,1
paribhāvayanti,1
paribhāvitā,1
paribhāvitāni,1
paribhogena,1
pāricchattako,1
paricitehi,1
paricitesu,1
paridahanti,1
pariḍayhantassa,1
paribbajanti,1
pañcādinā,1
pāṇātipātassa,1
pāṇātipātā,1
paccayena,1
paccayopi,1
paccayoti,1
paccekabuddhā,1
paccessati,1
pacchā,1
pacchānutāpitā,1
pacchi,1
pacchimakāyato,1
pacchimake,1
paccupaṭṭhitaṃ,1
paccayavasena,1
paccuppannā,1
padahati,1
padaṃ,1
padamanveti,1
pādatalehi,1
padaṭṭhānāni,1
pade,1
padhānā,1
padhānaṃ,1
padiṭṭhaṃ,1
padumaṃ,1
padumavanaṃ,1
pādā,1
paduṭṭhena,1
paccayatāya,1
paccayanti,1
odhiso,1
oghā,1
ojahi,1
okappanato,1
okappeti,1
okkamati,1
oḷārikaṃ,1
oḷārikamhi,1
oḷārikatā,1
onamati,1
orambhāgiyaṃ,1
paccayasaññā,1
orambhāgiyānaṃ,1
orambhāgiyauddhambhāgiyā,1
otiṇṇaṃ,1
pabbajjitā,1
pabhātā,1
pabhūti,1
paccate,1
paccavekkhaṇā,1
paccavekkhaṇaṃ,1
paccavekkhaṇāya,1
paccavekkhanto,1
paccayamhi,1
orambhāgiyāni,1
paggāhino,1
paggahitattā,1
pahānañca,1
pakkosāmi,1
pāko,1
paliko,1
palirodhamappalirodhalokasannivāse,1
pamādaṃ,1
pamādassa,1
pamādavattati,1
pamādavihārī,1
pamādo,1
pamattā,1
pamattānaṃ,1
pakkhopakileso,1
pāmojjachandikā,1
pāmojjanti,1
pāmojjapaccayā,1
pāmojjapaññattiyā,1
pāmojjapītipassaddhīti,1
pāmojjena,1
pāṇā,1
panāha,1
paṇāmetvā,1
pāṇānaṃ,1
panassanti,1
panassāti,1
pāmojjañca,1
pakkhigāmikoti,1
pakkhī,1
pakkhe,1
pahānatthaṃ,1
pahātabbaṃ,1
pahatasaññā,1
pahāyāti,1
pahīnāsu,1
pahīnāti,1
pahīnattā,1
pahīne,1
pahīyante,1
pajahānaṃ,1
pajahanti,1
pajahitā,1
pajahitvā,1
pajānanā,1
pajānātīti,1
pajāni,1
pakappeti,1
pakappitā,1
pakappitanti,1
pakareyya,1
pakāseti,1
pakatiyā,1
pakkameyya,1
pakkhānaṃ,1
pakkhapaṭipakkhanidassanatthaṃ,1
nūna,1
parivattanāya,1
mānasaṃyojanaṃ,1
mānānusayo,1
gihī,1
gilānassa,1
gocarā,1
gocarakosallaṃ,1
gomagge,1
guṇānukampanatāya,1
guṇaparisuddhiniṭṭhāgamanalakkhaṇā,1
guṇe,1
guṇo,1
hārabhāgiyo,1
hatthaṃ,1
ghaṭituṃ,1
hatthinā,1
hetukā,1
hetumhi,1
hetupaccayopi,1
hetuto,1
hīnagamivakammaṃ,1
hīnappaṇītānañca,1
hiriyatāya,1
hissa,1
icchanti,1
idamavoca,1
idañca,1
heṭṭhā,1
idāni,1
ghaṭeti,1
ghanapathaviyaṃ,1
gahapatiputtassa,1
gahapatiputtopamatāya,1
gahetvā,1
gahitāni,1
gahitāya,1
gahitesu,1
gāḷhabandhanena,1
gāmako,1
gambhīre,1
gamissanti,1
gamito,1
ghaṭentassa,1
gaṇḍabhūtaṃ,1
gandhaparivāto,1
gandhesu,1
gaṇḍo,1
ganthā,1
garahito,1
gataṃ,1
gatipateyyabhūmi,1
gatisahitā,1
gavesanā,1
gavesanti,1
gavesī,1
gaṇḍāpi,1
gahapatiputta,1
idappaccayatāya,1
idhekacco,1
jātu,1
jeṭṭhānaṃ,1
jhānabalaṃ,1
jhānabale,1
jhānānaṃ,1
jhānañca,1
jhānaṅgā,1
jhānaṅgadhammaṃ,1
jhānaṅgadhammatā,1
jhānaṅgasamāyuttā,1
jhānanibbattitāya,1
jāto,1
jhānanimittasaññā,1
jhānapāramitā,1
jhānaparihāni,1
jhānapaṭipakkho,1
jhānappahānā,1
jhānasahajāti,1
jhānasamādhānaṃ,1
jhānasamāpattīsu,1
jhānasambhārā,1
jhānasamudāgamo,1
jhānavisesā,1
jhānavisesakosallaṃ,1
jhānantarikakosallaṃ,1
idhalokaṃ,1
jātamūlampi,1
jarāmaraṇañca,1
imā,1
imañca,1
imatthamāsevati,1
imesu,1
imissā,1
imissāya,1
indriyabhāvanaṃ,1
indriyaṃ,1
indriyavavatthānena,1
indriyotaraṇo,1
iriyantassa,1
jarāmaraṇanti,1
iriyanti,1
itissā,1
itthattāyāti,1
itthī,1
itthindriyaṃ,1
itthindriyassa,1
jallasahagataṃ,1
jānāmīti,1
janapadacārikaṃ,1
janassa,1
janitaṃ,1
jānitvāva,1
īti,1
gaganatale,1
gaganatalaṃ,1
gadhito,1
dukkhasamudayo,1
dukkhasaññī,1
dukkhatāhi,1
dukkhatāsu,1
dukkhavedanīyaṃ,1
dukkhe,1
dukkhindriyaṃ,1
dukkhindriyañca,1
dukkhindriyapaṭipakkhena,1
dukkhopaniyaṃ,1
duppaññaṃ,1
dukkhāpaṭipadā,1
durāgatānaṃ,1
duruttānaṃ,1
dūsetīti,1
dussatīti,1
dussīlo,1
dussīlyaṃ,1
dūtaṃ,1
dutiyajjhānassa,1
dutiyena,1
duṭṭhātipi,1
duṭṭhena,1
duvidhāni,1
dūrato,1
duyhati,1
dukkhānuparivattitaṃ,1
dukkhameva,1
domanassindriyañca,1
domanassindriyapaṭipakkhena,1
dosacaritassa,1
dosajaṃ,1
dosajehi,1
dosakataṃ,1
dosamohacaritassa,1
dosamohacarito,1
dosañca,1
dosapakkho,1
dosasantāpo,1
dukkhanirodhamāha,1
dosassa,1
dosena,1
duccaritadhammena,1
duccaritaṃ,1
duggatoti,1
dukkarā,1
dukkaraṃ,1
dukkhahetu,1
dukkhahetuniddeso,1
dukkhakkhandhassa,1
dukkhamanattāti,1
dukkhamassānugāminī,1
dosāti,1
dvārena,1
dvattiṃsacakkavattīnaṃ,1
dvattiṃsacandānaṃ,1
esanā,1
esanidhamidaṃ,1
esānisaṃso,1
esāpi,1
eseva,1
esohamasmi,1
etamatthaṃ,1
etāniyeva,1
etasmiṃyeva,1
etassa,1
etehi,1
ekodibhūtasamādhissa,1
etissā,1
ettāvatā,1
evamāhaṃsu,1
evamassa,1
evametassa,1
evamindriyādikhandhadhātuāyatanesu,1
evaṃvidhaṃ,1
evañcassa,1
evarūpāhi,1
evarūpassa,1
gabbhagatā,1
gacchatīti,1
ettako,1
ekodibhāvaṃ,1
eko,1
ekenevākārena,1
dvattiṃsadevarājānaṃ,1
dvattiṃsamahābrahmānaṃ,1
dvattiṃsasūriyānaṃ,1
dvattiṃsavaralakkhaṇasamujjalaṃ,1
dvīhākārehi,1
dvimūlāni,1
dvīsu,1
ekā,1
ekabījako,1
ekabodhipakkhiye,1
ekādivacanaṃ,1
ekagāthāya,1
ekaggatāya,1
ekamante,1
ekamekasmiṃ,1
ekamekassa,1
ekaṃsabyākaraṇīyo,1
ekaṃso,1
ekanti,1
ekarattiṃ,1
ekasaṭṭhi,1
ekasaṭṭhiyā,1
ekato,1
ekattāyaṃ,1
ekattena,1
jhānena,1
manāpikehipi,1
jhānopanisā,1
jigucchappahāya,1
koṭṭhāso,1
kukkuccañca,1
kukkuccānupacittaṃ,1
kukkurā,1
kulesu,1
kumāre,1
kumudaṃ,1
kuppanīye,1
kuppati,1
kuppatīti,1
kusalābhichandakā,1
kosissanti,1
kusaladhammavipākapaññattiyā,1
kusalahetu,1
kusalakammapathānaṃ,1
kusalakammapathapaññattiyā,1
kusalākusalā,1
kusalākusalānañca,1
kusalamūlapubbayogāvacaropi,1
kusalamūlehi,1
kusalāni,1
kusalehi,1
kūṭeyya,1
kutoci,1
kusaladhammopapatti,1
labbhati,1
kosalle,1
kosajjabhūmīti,1
kilante,1
kilesabhāgiyapaññattaṃ,1
kilesagocara,1
kilesagocarapaññattiyā,1
kilesakāmāpi,1
kilesakāmehi,1
kilesapahānena,1
kilesapassaddhi,1
kilesasamudācārapaññattiyā,1
kilesasamuṭṭhānāya,1
kilesavasena,1
kosallattaṃ,1
kilese,1
kīḷitāpi,1
kimānisaṃsāni,1
kimatthiyāni,1
kiṃkāraṇā,1
kiṃkāraṇaṃ,1
kiñcipissa,1
kiriyā,1
kiriyaṃ,1
kittini,1
kolaṃkolo,1
kopaneyye,1
kilesehi,1
kilamati,1
lābhā,1
lacchamhāti,1
maggassa,1
mahābhikkhusaṅghaparivāro,1
mahābhogānaṃ,1
mahābhūtānaṃ,1
mahākammavibhaṅge,1
mahānāmena,1
mahāsambhārā,1
mahāsaṃvāsamappīḷite,1
mahato,1
majjhaindriyabhāvanā,1
majjhāni,1
maggasambhāro,1
majjhapaññatti,1
majjhimakehi,1
majjhimānaṃ,1
mākari,1
mallarājāno,1
mamaṃkārassa,1
mamaṃkāre,1
mamaṃkāro,1
mamanesohamasmineso,1
mamettha,1
maṃsacakkhuno,1
mānañca,1
majjhe,1
labhitvā,1
maggarūpimāha,1
magganiyā,1
lakkhaṇaṃ,1
lakkhaṇatā,1
lakkhaṇehi,1
lakkhaṇena,1
layaṃ,1
līyanā,1
lobhena,1
lokamimaṃ,1
lokañcāti,1
lokaniyyānāya,1
lokasaṃnivāse,1
maggaphalamāha,1
lokasannivāse,1
lokikaṃ,1
lokikānaṃ,1
lokuttaraṃ,1
mā,1
macchariyaṃ,1
macchariyañca,1
maccheraṃ,1
maggakathaṃ,1
maggaṃ,1
maggamitimāha,1
maggañca,1
lokasannivāso,1
kilamatho,1
kilamathā,1
kiccapaññattiyā,1
kāmarāgo,1
kāmasaṅgasattāti,1
kāmasaññā,1
kāmasaññāsahagatā,1
kāmasaññāya,1
kāmāsavassa,1
kāmāti,1
kāmavitakkabyāpādānañca,1
kāmavitakkavinodanādhippāyatā,1
kāmesanāya,1
kammakkhayāya,1
kāmarāgapariyuṭṭhāne,1
kammāni,1
kampamānaṃ,1
kāmupādānaṃ,1
kaṇhaṃ,1
kappetuṃ,1
kāpurisā,1
kāraṇehi,1
karaṇīyā,1
karissanti,1
karissantīti,1
kariyāti,1
karīyati,1
kāmogho,1
karontassa,1
kāmarāgapariyuṭṭhānassa,1
kāmarāgabyāpādaṃ,1
jigucchati,1
jīvaṃ,1
jotikusaladhammupapattipaññattiyā,1
jotitā,1
jotīti,1
jotivijjāya,1
kā,1
kadāsu,1
kalaṅkajjhāne,1
kalaṅkajjhāyino,1
kalaṅkaṃ,1
kāmarāgahetūnaṃ,1
kāle,1
kalyāṇamitte,1
kalyāṇasampavaṅkatā,1
kāmabhogino,1
kāmadhātusamatikkamanatāpi,1
kāmadhātuyaṃ,1
kāmaguṇā,1
kāmakammakilesānaṃ,1
kāmakaraṇīyo,1
kāmalokabhūmatā,1
kāmaṃ,1
kāmapariyuṭṭhānaṃ,1
kalyāṇamittaṃ,1
karuṇāsevanā,1
kasathamīti,1
kātabbā,1
kāyato,1
kāyenapi,1
kāyikā,1
kāyikacetasikañca,1
kāyikassa,1
kāyikasukhamānitaṃ,1
kāyiko,1
kāyikoyeva,1
kena,1
kenādhippāyena,1
kevalassa,1
kāyasaṅkhāre,1
khamati,1
khandhatā,1
khandhavavatthānena,1
khandhehi,1
khanti,1
khantī,1
khāyanti,1
khettavatthusmiṃ,1
khīraṃ,1
khīrapake,1
khiyanā,1
khobhenti,1
khaṇḍakādichinnakādino,1
kāyasaṅkhārānaṃ,1
kāyasammuṭṭhassatitāya,1
kāyapassambhanāyevā,1
katālikāya,1
kataṃ,1
katamāni,1
katassa,1
katattānaṃ,1
kathaṃkathā,1
kathāya,1
katheti,1
kattabbāni,1
katthaci,1
katthoti,1
kāyā,1
kāyabhāvanā,1
kāyabhāvanaṃ,1
kāyabhūmiṃ,1
kāyagatāsatiyā,1
kāyākammaniyatā,1
kāyakilamatho,1
kāyakilesamiddhañca,1
kāyakilesavatthuṃ,1
kāyamhi,1
kāyānupassanā,1
kāyānupassanāya,1
kāyānupassī,1
kāyapaccayā,1
jhāyīvasena,1
yuttivicayo,1
