vā,536
kho,311
nissaggiyaṃ,263
bhikkhū,200
cīvaraṃ,188
hoti,172
nāma,169
pācittiyaṃ,169
pana,164
na,158
te,154
atha,143
āpatti,131
bhikkhave,127
tena,125
so,113
bhante,107
dukkaṭassa,104
bhagavā,90
saṅghassa,88
me,88
samayena,87
upasaṅkamitvā,86
taṃ,81
āyasmā,79
pattaṃ,77
bhikkhu,75
evañca,73
kathañhi,72
āvuso,70
saccaṃ,64
yo,64
imaṃ,63
āyasmato,57
bhikkhunā,57
anāpatti,55
buddho,53
etamatthaṃ,52
nissajjitabbaṃ,51
vematiko,51
tvaṃ,48
ce,48
santhataṃ,48
sikkhāpadaṃ,47
etadavoca,46
bhagavato,46
bhikkhuṃ,45
vipācenti,44
khiyyanti,44
cetāpeti,44
ujjhāyanti,43
ārocesuṃ,43
upanando,42
aññātikāya,42
idaṃ,41
bhagavāti,39
bhikkhuno,38
eḷakalomāni,38
āyasmantaṃ,38
bhikkhūnaṃ,38
katvā,37
sakyaputto,37
ye,37
uddiseyyātha,36
ayaṃ,36
aññatra,36
kira,36
vatthabbaṃ,35
viharati,35
nissajjāmīti,34
tassa,33
cīvare,33
upanandaṃ,33
pubbe,33
pācittiyanti,33
imāhaṃ,32
tumhe,32
moghapurisā,32
chabbaggiyā,31
saṅgho,31
vigarahitvā,31
niṭṭhitaṃ,31
vijahitabbaṃ,31
appasannānaṃ,30
ādikammikassāti,30
tenupasaṅkami,30
netaṃ,30
vikappaṃ,30
hatthapāsā,30
anekapariyāyena,30
pasādāya,30
ca,30
ummattakassa,30
cīvarena,30
bhagavatā,29
pattena,29
puggalassa,29
bhikkhūti,29
nikkhipitvā,28
dammīti,28
sace,28
aññātikasaññī,28
moghapurisa,28
dadeyyāti,27
gaṇassa,27
patto,27
appavārito,27
appicchā,27
etasmiṃ,26
dadeyyunti,26
mayaṃ,25
karoti,25
evaṃ,25
ārāme,25
sāvatthiyaṃ,25
dhovāpeti,24
bahū,24
vigarahi,23
datvā,22
attano,22
jetavane,22
bhikkhuniyā,22
anāthapiṇḍikassa,22
sakyaputtaṃ,21
uppanne,21
tattha,21
suttaṃ,21
tasmiṃ,21
assosuṃ,21
parehi,20
samaṇā,20
maṃ,20
paṭiggahetvā,20
sakyaputtiyā,20
pariyosāpeti,20
purāṇacīvaraṃ,20
tesaṃ,20
vippakataṃ,20
attanā,20
gabbhe,20
vassikasāṭikacīvaraṃ,19
tato,19
eḷakalomānaṃ,19
puriso,19
manussā,19
itthannāmassa,19
aññataraṃ,18
uddissa,18
kathaṃ,18
patte,18
yena,18
nissaggiyena,18
suddhakāḷakānaṃ,18
āmantesi,17
gimhāne,17
karitvā,17
bhikkhusammutiyā,17
kataṃ,17
tāni,17
nikkhittaṃ,17
yasmiṃ,17
aññātake,17
iminā,17
cīvaracetāpannaṃ,16
sese,16
payoge,16
aññataro,16
rūpiyaṃ,16
rajāpeti,16
yāva,16
pilindavaccho,16
aññaṃ,16
dukkaṭaṃ,15
paṭilābhena,15
aññātako,15
ñātake,15
upananda,15
honti,15
sāmaṃ,15
manussānaṃ,15
ekamantaṃ,15
ticīvarena,15
amhākaṃ,14
khiyyantānaṃ,14
yenāyasmā,14
saṅghaṃ,14
dhammiṃ,14
ujjhāyantānaṃ,14
vipācentānaṃ,14
ekakulassa,14
paññattaṃ,14
bhikkhunī,14
mayā,14
no,14
navaṃ,14
gaṇhanti,14
nānākulassa,14
nisīdi,14
ayyo,13
imasmiṃ,13
atthe,13
dve,13
anujānāmi,13
pakaraṇe,13
dvāramūle,13
adhippeto,13
dūto,13
nidāne,13
cīvarānaṃ,13
yādiso,13
acchādessāmīti,12
rājā,12
upasena,12
yaṃ,12
ime,12
paṭibalena,12
ānando,12
gaccheyya,12
byattena,12
vattabbo,12
chabbaggiye,12
cīvarāni,12
ahaṃ,12
ekūpacāro,12
uttarāsaṅgaṃ,12
suṇātu,12
ayyaṃ,12
paribhuñjati,12
gimhānanti,12
atikkāmeti,12
ñātikāya,12
janapadacārikaṃ,12
viññāpetvā,11
evamassa,11
detha,11
ukkuṭikaṃ,11
ārocesi,11
saṅghena,11
akālacīvaraṃ,11
cīvarakālasamayaṃ,11
tantavāyehi,11
sakyaputtassa,11
upanandassa,11
panāti,11
nānappakārakaṃ,11
gilāno,11
dutiyampi,11
seso,11
ekaṃ,11
ekaṃsaṃ,11
santike,11
ayyassa,11
udāyī,11
añjaliṃ,11
koci,11
paggahetvā,11
uttari,11
abhivādetvā,11
aññassatthāya,11
vacanīyo,11
ādāya,11
nisīditvā,11
saddhiṃ,10
atirekasaññī,10
atirekacīvaraṃ,10
khamati,10
tantavāye,10
ūnakasaññī,10
ñātakasaññī,10
ṭhapetvā,10
sāvatthiyā,10
bhagavantaṃ,10
dhanena,10
seniyo,10
mattaṃ,10
bahuṃ,10
nānūpacāro,10
kathine,10
bhikkhuniyo,10
tassā,10
kārāpeti,10
viññāpeti,10
kupito,10
ito,10
aññātakaṃ,10
paṭilabhitvā,10
jānitvā,10
anattamano,10
maṃsaṃ,10
māgadho,10
dūtaṃ,10
nānāovarakā,9
agāraṃ,9
gaṇhāti,9
paṭhamaṃ,9
attho,9
āpajjati,9
desetabbā,9
accekacīvaraṃ,9
gharaṃ,9
kāretabbaṃ,9
codanāya,9
pariṇataṃ,9
vassikasāṭikāya,9
arūpiye,9
etadavocuṃ,9
nānāgabbhā,9
ṭhānena,9
itthannāmaṃ,9
vanditvā,9
uppajjati,9
bhikkhussa,9
gahapatikaṃ,9
mūlacīvare,9
ādiyitvā,9
nissajjitvā,9
pāde,9
paṭiggaṇhāti,9
vissajjeti,9
upāsako,9
bimbisāro,9
piṇḍāya,9
nissaggiyo,9
aññātakasaññī,9
vuḍḍhānaṃ,9
pattakallaṃ,9
paṭiggahetabbā,9
kātuṃ,9
aññena,9
odātānaṃ,9
āsane,8
vitthataṃ,8
ajjhāvasati,8
cetāpetvā,8
vuccati,8
evamāha,8
ākoṭāpeti,8
sā,8
appitaṃ,8
paccāsācīvaraṃ,8
jānāti,8
atikkantasaññī,8
tatiyampi,8
ghare,8
atthoti,8
vipāceti,8
amhākampi,8
channaṃ,8
pakkamituṃ,8
gocariyānaṃ,8
parikkhitto,8
agamāsi,8
vijaṭāpeti,8
āyataṃ,8
sakkoti,8
gahapatike,8
vissāsaṃ,8
mahāmatto,8
icchāma,8
paneva,8
tiṇṇaṃ,8
antaraghare,8
uppannaṃ,8
khiyyati,8
anatikkantasaññī,8
sāṭakaṃ,8
ujjhāyati,8
imāni,8
denti,8
pitito,8
aparikkhitto,8
dehīti,8
mātito,8
tulaṃ,8
yassa,8
sattamā,8
appamattakenapi,8
uppalavaṇṇā,8
pitāmahayugā,8
paṭikacceva,8
yadi,7
āṇāpeti,7
patirūpaṃ,7
gahapatikassa,7
ñātakānaṃ,7
āyasmantānaṃ,7
cīvaranti,7
passitvā,7
sakiṃ,7
āyasmatā,7
ārāmiko,7
parivattetvā,7
evarūpaṃ,7
cīvarehi,7
tatheva,7
ubbhataṃ,7
gahetvā,7
tibandhanaṃ,7
abandhanaṃ,7
avilutte,7
kosiyamissakaṃ,7
appatirūpaṃ,7
vinaṭṭhasaññī,7
gantvā,7
avissajjite,7
sāmantā,7
paṭiggaṇhāma,7
dvibandhanaṃ,7
anuvassaṃ,7
vinassati,7
viluttasaññī,7
naṭṭhasaññī,7
nivesanaṃ,7
kusalaṃ,7
dvinnaṃ,7
anaṭṭhe,7
avinaṭṭhe,7
itthannāmo,7
kissa,7
abandhanokāsaṃ,7
nassati,7
rūpiyasaṃvohāraṃ,7
ekabandhanaṃ,7
pavāritānaṃ,7
acchinditvā,7
pacchimaṃ,7
catutthaṃ,7
catubandhanaṃ,7
acchindati,7
sādhu,7
catubandhanokāsaṃ,7
seṭṭhiputtaṃ,7
aññātikā,7
pariṇāmeti,7
mayampi,7
evamāhaṃsu,7
iccetaṃ,7
kiṃ,7
vissajjitasaññī,7
abandhanena,7
dehi,7
ṭhātabbaṃ,7
viññattibahulā,6
āvusoti,6
nissaggiyāni,6
nāhaṃ,6
suvaṇṇamālā,6
anuññātaṃ,6
senāsanesu,6
sammannitabbo,6
avippavāsasammutiṃ,6
saṇhaṃ,6
suttena,6
dukkaṭānaṃ,6
hi,6
aññatarassa,6
dhārayāmīti,6
kārāpeyya,6
yācanabahulā,6
kathāya,6
pilindavacchaṃ,6
adaḍḍhe,6
yācati,6
aññātakassa,6
kātunti,6
pāhesi,6
bhaṇḍikābaddhāni,6
vippavasati,6
bhūmattharaṇaṃ,6
santhatasammutiṃ,6
saṅghikaṃ,6
māso,6
mahagghaṃ,6
kayavikkayaṃ,6
pajāpatiṃ,6
assosi,6
dhammiyā,6
purisassa,6
kālena,6
tuṇhī,6
ekabandhanena,6
daḍḍhasaññī,6
ḍayhati,6
kuto,6
eḷakalomehi,6
tiyojanaṃ,6
evametaṃ,6
rūpiye,6
dassatha,6
karonto,6
dassāmīti,6
rañño,6
dasāhānatikkante,6
ticīvaraṃ,6
sāriputto,6
pariyesati,6
pārivattakā,6
nikkhipitunti,6
dasāhātikkante,6
vadeyya,6
nivāseti,6
tatra,6
atikkāmayato,6
chabbassāni,6
anissajjitvā,6
samayā,6
adhiṭṭheti,6
nisinno,6
abhinipphādeti,6
atthi,6
abhinipphādeyya,6
tasmā,6
sappi,6
purāṇasanthatassa,6
aparikkhittaṃ,6
ubbhatasmiṃ,6
vihāre,6
āpajjissatīti,6
gahapati,6
gahapatānī,6
cīvaravaṃse,6
veyyāvaccakaroti,6
evañcidaṃ,6
tatiyaṃ,6
ānandassa,6
parikkhittañca,6
ñātikasaññī,6
ekena,6
katikanti,5
katikā,5
nivāsetvā,5
bhisiṃ,5
nānūpacāraṃ,5
santharitvā,5
orena,5
gahapatāniṃ,5
bibbohanaṃ,5
dasāhā,5
ekūpacāraṃ,5
dasamaṃ,5
nikkhipitabbaṃ,5
dātukāmo,5
nikkhipeyya,5
ekabandhanokāsaṃ,5
ñatti,5
dethāti,5
kārāpitaṃ,5
dvibandhanokāsaṃ,5
pubbaṇhasamayaṃ,5
paṭiggahetabbaṃ,5
dhāretabbaṃ,5
phāṇitaṃ,5
navamaṃ,5
kārāpenti,5
rūpiyasaññī,5
esā,5
etadahosi,5
katā,5
hatthato,5
bimbisārassa,5
santaṃ,5
ñāpetabbo,5
pacatha,5
jānaṃ,5
sāṇipākāraṃ,5
nissajjitabbo,5
nissaṭṭhacīvaraṃ,5
pacchā,5
saṅghāṭi,5
ñātakā,5
cetāpetvāti,5
paṃsukūliko,5
gāmo,5
kāci,5
gahapatiṃ,5
dissati,5
harati,5
bhikkhunīnaṃ,5
lābhaṃ,5
upādāya,5
atirekamāsaṃ,5
āgacchati,5
atirekamāse,5
atirekapattaṃ,5
atirekapatto,5
kiñci,5
avāyimaṃ,5
vāti,5
naggā,5
ajjaṇho,5
acchādehīti,5
kīvaciraṃ,5
āhiṇḍanto,5
yā,5
seyyathāpi,5
vipācentassa,5
tibandhanokāsaṃ,5
ujjhāyantassa,5
kāyaṃ,5
veyyāvaccakaraṃ,5
acchindāpeti,5
vikappanupagaṃ,5
telaṃ,5
vitthatañca,5
appitañca,5
madhu,5
vitānaṃ,5
māgadhassa,5
tuṇhassa,5
mahicchā,5
āyatañca,5
laddhaṃ,5
kosakārake,5
arūpiyasaññī,5
anadhiṭṭhite,5
yattha,5
sāvatthiṃ,5
bhagini,5
senāsanacārikaṃ,5
upāsakaṃ,5
anādiyitvā,5
khiyyantassa,5
ābhataṃ,5
yassāyasmato,5
adhiṭṭhitasaññī,5
atirekachārattaṃ,5
bhāseyya,5
antamaso,5
asantaṃ,5
tatuttari,5
bhaṇati,5
atirekaddhamāse,5
bhaṇḍaṃ,5
aruṇuggamane,5
yesaṃ,5
seniyassa,5
nakkhamati,5
tayā,5
asantuṭṭhā,5
temāsaṃ,4
kenaci,4
ārāmikakulaṃ,4
pañcamaṃ,4
dātabbo,4
naṭṭhaṃ,4
dātabbaṃ,4
pañca,4
viharanti,4
mahārāja,4
rājagahe,4
karotha,4
ārāmikassa,4
vilikhitamattenapi,4
kaccittha,4
thero,4
sabhāye,4
vikkāyikaṃ,4
dadeyya,4
thokaṃyeva,4
rūpiyachaḍḍako,4
asambaddho,4
vikappitasaññī,4
vikappeti,4
āgamehi,4
rodati,4
āgamehīti,4
ārammaṇaṃ,4
daḍḍhaṃ,4
asambaddhā,4
dasāhaparamaṃ,4
rūpiyachaḍḍakaṃ,4
bhikkhunīhi,4
punappunaṃ,4
puttadārāpissa,4
vaṅgantaputtaṃ,4
ante,4
kalyāṇakamyataṃ,4
kārāpessanti,4
dinnanti,4
pattacīvaraṃ,4
antaravāsakaṃ,4
pārivattakaṃ,4
paṭiviso,4
paṭissuṇāti,4
ussāpetvā,4
paṭisallīyituṃ,4
upanandena,4
upāsakena,4
pāsādikā,4
upasaṅkamati,4
dutiyaṃ,4
upasaṅkamitabbo,4
kāraṇā,4
aññassa,4
kappiyaṃ,4
aññampi,4
upasenaṃ,4
akataṃ,4
paññatte,4
kiñcimattaṃ,4
navanītaṃ,4
ahampi,4
apaññattaṃ,4
āhara,4
purisaṃ,4
natthi,4
paribbājako,4
tyāyaṃ,4
gacchāmi,4
deti,4
veyyāvaccakaro,4
udāyi,4
paribhuñjitabbaṃ,4
uddissāti,4
veḷuvane,4
parikkhāraṃ,4
dhārayitvā,4
khaṇḍena,4
ūnakachakkhattuṃ,4
piṇḍapātiko,4
ahosi,4
piṇḍapātanīhārakena,4
ūnakatikkhattuṃ,4
kārāpetvā,4
pavāsaṃ,4
codetvā,4
āraññiko,4
ayyena,4
kassimāni,4
bhinnena,4
acchinnaṃ,4
vuccamāno,4
āyasmanto,4
sikkhāpadesu,4
yāpeti,4
sayaṃ,4
hatthe,4
nu,4
adāsi,4
bhikkhussatthāya,4
sikkhamānāya,4
sāmaṇeriyā,4
yācitabbā,4
ādātabbā,4
chaḍḍeti,4
santhatāni,4
suvitacchitañca,4
nissajjitabbāni,4
brāhmaṇo,4
itthī,4
sāmīcīti,4
suvītañca,4
tahaṃ,4
labhetha,4
avikappite,4
seṭṭhiputto,4
santaruttarena,4
suppavāyitañca,4
samayo,4
āyasmantā,4
viyyati,4
addasā,4
suvilekhitañca,4
siyā,4
odātaṃ,4
imesaṃ,4
cīvarānīti,4
nissaṭṭhapatto,4
viññāpessanti,4
jiṇṇāya,4
sākete,4
samādāya,4
sakaṃ,4
nissaṭṭhaṃ,4
cīvaratthikena,4
atirekachakkhattuṃ,4
sopi,4
ayye,4
sugatavidatthiṃ,4
acchādessāmāti,4
viññāpenti,4
sakkomi,4
katākataṃ,4
sukarā,4
imehi,4
atirekatiyojanaṃ,4
cīvaracetāpannena,4
pakkāmi,4
sāriputtassa,4
yathāpaññattesu,4
kosiyakārake,4
attanāpi,4
atirekatikkhattuṃ,4
sakyaputtena,4
nissayaṃ,4
viññāpetunti,4
vassāvāsikaṃ,3
hotīti,3
accekacīvare,3
eso,3
akatena,3
yācitabbo,3
parisaṃ,3
yācitvā,3
kismiṃ,3
nivāsetabbaṃ,3
parisuddhā,3
anatthate,3
abandhanokāsena,3
pāteti,3
māsātikkante,3
māsānatikkante,3
yathāsukhaṃ,3
pāsādo,3
abhirūpā,3
ekādase,3
anādā,3
anaccekacīvare,3
uppajjeyya,3
amukassa,3
amukasmiṃ,3
niṭṭhitacīvarasmiṃ,3
ekarattampi,3
ekasāṭakaṃ,3
niṭṭhitacīvarasminti,3
kīdisaṃ,3
pariṇate,3
uppanno,3
icchatāvuso,3
uttarāsaṅgena,3
kīdisena,3
vācaṃ,3
yāni,3
vacanena,3
vacanīyā,3
paṃsukūlaṃ,3
evarūpāya,3
māḷo,3
padakkhiṇaṃ,3
vihāro,3
gahapatiko,3
āgato,3
paññāsaṃ,3
vippavutthe,3
nisinnaṃ,3
kulaputtānaṃ,3
mahāpuññosi,3
pañcannaṃ,3
kukkuccāyantā,3
pañcahaṅgehi,3
vippavaseyya,3
gāhetabbo,3
panāyasmato,3
kahaṃ,3
gāmaṃ,3
viññāpeyya,3
pahiṇissāmi,3
viññāpesuṃ,3
gaṇato,3
viññāpessantīti,3
vināhīti,3
andhavanaṃ,3
paṃsukūlikā,3
gato,3
gantuṃ,3
kacci,3
vinaṭṭhaṃ,3
viharissanti,3
hammiyaṃ,3
acchinnacīvarassa,3
jāneyya,3
vāyāpesuṃ,3
yopanāti,3
acchādessatīti,3
okāse,3
omako,3
evamassu,3
āhiṇḍantā,3
āhariyyatūti,3
vutto,3
jānāhi,3
vāyāpite,3
acchādetukāmo,3
acchādetuṃ,3
paribhuttanti,3
vatvā,3
nikkhittānīti,3
paribhuñjatu,3
paccayo,3
kalandakanivāpe,3
viya,3
paribbājakena,3
nippīḷiyamāno,3
gacchanto,3
jānanti,3
vihāracārikaṃ,3
āhaṃsu,3
paccupaṭṭhitena,3
nisīdanasanthataṃ,3
jānāsi,3
māgadhaṃ,3
vo,3
dvibandhanena,3
khettaṃ,3
rattiyā,3
cīvarañca,3
cīvaracetāpannanti,3
atirekatiyojane,3
aṭṭhamaṃ,3
tantavāyo,3
aṭṭhannaṃ,3
samādapesi,3
atthate,3
chaṭṭhaṃ,3
samannāgato,3
chārattaṃ,3
samantā,3
atthāvuso,3
chandāgatiṃ,3
aṭṭo,3
katākatena,3
avasiṭṭhaṃ,3
ñātako,3
avāyāpite,3
katena,3
tadupiyaṃ,3
cīvarapaccāsā,3
tādisā,3
atirekachāratte,3
tassuddānaṃ,3
tiṇaṇḍupakaṃ,3
dasāhātikkantaṃ,3
karissanti,3
kayiramānaṃ,3
aṅgajātaṃ,3
karohi,3
rukkhamūlaṃ,3
naṭṭhacīvarassa,3
ārāmo,3
dantakaṭṭhampi,3
mohāgatiṃ,3
āraññakesu,3
āraññikā,3
kayavikkaye,3
sabbeheva,3
cuṇṇapiṇḍopi,3
ñātito,3
sāditabbaṃ,3
cīvarenāti,3
sahatthā,3
muttā,3
cīvarāsā,3
dasāhātikkanto,3
chabbaggiyānaṃ,3
sammannati,3
nappahoti,3
nakayavikkaye,3
bimbisāraṃ,3
bhaṇe,3
bhāsamānassa,3
seniyaṃ,3
naṃ,3
bhinnapattassa,3
nanu,3
bhavissatīti,3
bhikkhusammutiyāti,3
bhayāgatiṃ,3
bhikkhusammutiṃ,3
sattho,3
bhikkhuparisāya,3
sattamaṃ,3
sattāhātikkante,3
katthaci,3
sattāhānatikkante,3
bhikkhūhi,3
satiyā,3
bhadantā,3
cetiyassa,3
byañjanaṃ,3
saññatto,3
sammanneyya,3
sammatena,3
sammato,3
avippavutthe,3
sammuti,3
sampahaṃsesi,3
suvaṇṇaṃ,3
avutto,3
samuttejesi,3
sandassesi,3
sundarataranti,3
sundarā,3
ayyā,3
saṅghamajjhe,3
catukkhattuṃ,3
catubhāgaṃ,3
catubandhanokāsena,3
saṅghāṭiṃ,3
saṅghato,3
bāhullāya,3
saññāpetvā,3
bandhitvā,3
ārāmikaṃ,3
bhavissati,3
dassāma,3
pattā,3
mātikānaṃ,3
nayime,3
antepure,3
mātikāya,3
bhikkhuniṃ,3
antoārāme,3
upacchinnā,3
pāvisi,3
undūrehipi,3
dasikasuttampi,3
antodhaññakaraṇe,3
ūnakatiyojane,3
antokhette,3
pilindavacchassa,3
ūnakamāse,3
piṇḍacāriko,3
piṇḍapātikā,3
dhāretabboti,3
dissanti,3
ūnakaddhamāse,3
antarā,3
divasaṃ,3
upaseno,3
niddisi,3
dvattikkhattuṃ,3
kappiyanti,3
upasaṅkamitvāti,3
aññātakā,3
upasaṅkamatu,3
aññātakoti,3
upasaṅkamantūti,3
upasampanne,3
paṭiggaṇhātu,3
aññatarāya,3
upasampannā,3
dukkaṭassāti,3
aññe,3
paṭikkhittaṃ,3
paṭipajjitabbanti,3
dosāgatiṃ,3
paṭissuṇitvā,3
disvāna,3
dhāretabbanti,3
ūnassa,3
ūnakachāratte,3
āpajjeyyāti,3
desāpetabboti,3
āpannaṃ,3
apariṇate,3
tumhākaṃ,3
khādanaṃ,3
appagghaṃ,3
āpajjeyya,3
dātuṃ,3
tiṭṭhanti,3
appavāritoti,3
rājānaṃ,3
dassanīyā,3
dassanāya,3
naṭṭhapattassa,3
mittato,3
dātukāmosi,3
purato,3
āpajjissasi,3
deva,3
ukkaṭṭho,3
dhaññakaraṇaṃ,3
udosito,3
uddesaṃ,3
udāyissa,3
pucchāmi,3
udāyiṃ,3
anupasampanne,3
nāvā,3
ubhatosaṅghe,3
negamena,2
manussehi,2
mahagghatthiko,2
naṭṭhacīvaro,2
ñātikā,2
labheyya,2
nikkhipati,2
majjhimo,2
maṇi,2
māsaparamaṃ,2
nikkhipa,2
nayimesaṃ,2
niddisitabbo,2
naṭṭhāni,2
mahārājāti,2
negamassa,2
maññamānena,2
nissaṃsayaṃ,2
nāgamessatīti,2
mālākite,2
nissaggiyā,2
nikkhipitabbanti,2
mahāpajāpatiṃ,2
nimittaṃ,2
nisīdanaṃ,2
nakayavikkayasaññī,2
nesaṃ,2
mā,2
nikkhipeyyāti,2
lohamāsako,2
manāpāni,2
mayāpi,2
mahāpajāpati,2
leṇaṃ,2
nigrodhārāme,2
sambahulā,2
nivatthampi,2
ṭhitakova,2
tibandhanena,2
tiṃsa,2
tiṇena,2
tīṇi,2
tiṭṭhante,2
tiṭṭhantīti,2
tiyojanaparamaṃ,2
tule,2
tuṇhībhūtena,2
ṭhapito,2
tvampi,2
ubhova,2
ukkaḍḍhiyyati,2
ūnakachabbassāni,2
ūnapañcabandhanena,2
upādāyāti,2
upakkhaṭaṃ,2
upakkhaṭāni,2
upāli,2
upanikkhittaṃ,2
upasampādemi,2
ubhinnaṃ,2
tehi,2
tathārūpesu,2
tantavāyehīti,2
santharitabbaṃ,2
sapadānaṃ,2
sapariso,2
sāretabbo,2
sāsaṅkaṃ,2
satiyāpi,2
sattabbhantarā,2
sattāhaparamaṃ,2
satthe,2
satthuvaṇṇo,2
sāyaṃ,2
senāya,2
sesakaṃ,2
seyyathidaṃ,2
sīse,2
sohaṃ,2
soyeva,2
suddhaṃ,2
sugatavidatthi,2
suṇantu,2
tā,2
tamahaṃ,2
tantavāyassa,2
upasampannasaññī,2
upassayaṃ,2
upaṭṭhahissāmāti,2
upaṭṭhahissantīti,2
vijaṭāpentipi,2
vijaṭentiyo,2
vinassāti,2
viññāpessatha,2
viññāpetha,2
viññāpethāti,2
viññāpetuṃ,2
viññāpitaṃ,2
vippavaseyyāti,2
vippavasitabbaṃ,2
vippavasitabbanti,2
vippavutthasaññī,2
vissajjetvā,2
vītaṃ,2
vītepi,2
vivaritvā,2
vohāraṃ,2
vutte,2
yācāmīti,2
yadāyasmantānaṃ,2
yāpanīyaṃ,2
yatassa,2
yathāpaṭiyattaṃ,2
viharanto,2
santappito,2
viharantena,2
vesāliyaṃ,2
upaṭṭhāko,2
upaṭṭhākoti,2
upavassaṃ,2
uppalavaṇṇaṃ,2
uppalavaṇṇāya,2
uttarattharaṇaṃ,2
uṭṭhāyāsanā,2
vadāmi,2
vadanti,2
vakkhanti,2
vaṅgantaputto,2
varoti,2
vassaṃ,2
vassānaṃ,2
vassānassa,2
vassikasāṭikā,2
vata,2
vattissāmāti,2
vāyāpessantīti,2
vāyāpeti,2
vāyāpetvā,2
vāyāpeyya,2
vāyāpitasaññī,2
vihāracīvaraṃ,2
nissaṭṭho,2
santā,2
sannicayaṃ,2
paññapessāma,2
paññapetabbaṃ,2
paññāyissati,2
paṇṇena,2
paraṃ,2
paribbājakā,2
paribhogena,2
paribhuñjissāmīti,2
paribhuñjitabbāni,2
pariṇatasaññī,2
panāvuso,2
paripucchaṃ,2
parisāya,2
pārivattakacīvaraṃ,2
parivattehi,2
pārupitvā,2
pārutampi,2
pāsādikaṃ,2
pasāressantīti,2
pātetabbaṃ,2
paṭibaddhaṃ,2
paṭicchādetvā,2
parisā,2
panānanda,2
paṃsukūlikoti,2
paṃsukūlānīti,2
orenaddhamāso,2
ovarake,2
pabbajito,2
pabbhāraṃ,2
paccāsāya,2
paccāsāyāti,2
paccekacīvaracetāpannehi,2
paccuddharati,2
paccuddhaṭasaññī,2
paccupaṭṭhitehi,2
paccūsasamayaṃ,2
paccuṭṭhāya,2
pācittiyā,2
pādaṃ,2
padātabbo,2
pāhesuṃ,2
pāhetabbo,2
pahiṇeyya,2
pahiṇittha,2
pakkamissāmāti,2
pakkamissāmi,2
pakkamissāmīti,2
pakkamissatīti,2
paṭiggahesīti,2
paṭiggahessasi,2
paṭiggahessatīti,2
paṭiggahetabbāni,2
riñcanti,2
rukkhamūle,2
rūpiyachaḍḍakassa,2
sabhāyaṃ,2
sacīvarabhattaṃ,2
sādhatthiko,2
sādiyeyya,2
sādiyeyyāti,2
sakāya,2
sakkā,2
sakkesu,2
samādapito,2
sāmanti,2
samāpajjeyya,2
samāpajjeyyāti,2
samāpajjiṃ,2
samaye,2
sambahule,2
sampahaṃsito,2
samucchindissāma,2
samucchinditabbaṃ,2
samuttejito,2
sandassito,2
rattiyo,2
sannidhikārakaṃ,2
rāji,2
rajāpeyya,2
paṭiggahetuṃ,2
paṭiggaṇheyya,2
paṭisāyanīyāni,2
paṭiyattaṃ,2
paṭo,2
pattacīvaramādāya,2
pattaggāhāpakaṃ,2
pattaggāhāpako,2
pattapariyanto,2
paṭṭo,2
paviṭṭho,2
pesakārehi,2
pilindagāmakaṃ,2
pilindagāmake,2
pilindavacchena,2
pucchiyamāno,2
pūgo,2
pūretvā,2
purisā,2
purisānaṃ,2
rājabhoggo,2
rajantiyo,2
rajāpentipi,2
rajāti,2
mālaṃ,2
yuñjantāyasmanto,2
avuttā,2
āgantabbaṃ,2
duccoḷā,2
kapilavatthusmiṃ,2
dasāhaparamanti,2
dasāhaparamatā,2
bahutaraṃ,2
aññātikāti,2
kāmabhoginoti,2
āgatā,2
āgatāti,2
āraññakāni,2
gahessāmīti,2
bahūhi,2
bandhāpitanti,2
kāḷakaṃ,2
aññatarasmiṃ,2
dātabbā,2
kahāpaṇo,2
divāvihāraṃ,2
kahāpaṇaṃ,2
ahañcamhi,2
aññātakānaṃ,2
ahañcimaṃ,2
jatumāsako,2
jātiyā,2
demi,2
gāmake,2
āharati,2
baddhoti,2
bhadanto,2
āgacchissatīti,2
bhāgā,2
gacchāvuso,2
dānaṃ,2
ārāmikiniṃ,2
katabhaṇḍaṃ,2
ārāmikoti,2
dārakā,2
dārakassa,2
karissāmi,2
dārake,2
dārako,2
kārayamānenāti,2
kārayamānena,2
kārāpeyyāti,2
āgacchantu,2
gotamiṃ,2
dārikā,2
dārikāya,2
dārumāsako,2
kārāpethāti,2
kārāpessatha,2
bhāge,2
kārāpessantīti,2
kārāpento,2
antarāmagge,2
dujjānaṃ,2
āgacchatu,2
duggatassa,2
karaṇaṃ,2
ārāmūpacāre,2
āharāti,2
gacchati,2
jānāmi,2
dethāvuso,2
dhāreyya,2
akālacīvarāni,2
avacāsi,2
ākaṅkhamānena,2
ākaṅkhamānenāti,2
āmisaṃ,2
gihī,2
dhovāti,2
dhovati,2
hatthesu,2
dhovantiyo,2
gilānānaṃ,2
atthaṃ,2
ajjhokāso,2
dhovāpentipi,2
gilānassa,2
gilānena,2
amhehi,2
hareyya,2
gocariyānanti,2
dhovāpessatīti,2
alabhanto,2
alaṅkāraṃ,2
dhovāpeyya,2
hāraketi,2
hārake,2
alaṅkate,2
handa,2
haritabbāni,2
ajjhoharitabbaṃ,2
dhovissāmīti,2
dhāretuṃ,2
gamissāmīti,2
iṅgha,2
āharīti,2
animittaṃ,2
imānāhaṃ,2
dinno,2
dinnaṃ,2
dhammā,2
avissajjetvā,2
ājīvakā,2
idañca,2
dinnā,2
avippavutthasaññī,2
asante,2
gantabbaṃ,2
icchamānena,2
gantukāmo,2
asantepi,2
dhāressantīti,2
hotūti,2
dhāressatha,2
hotu,2
anaccekacīvarasaññī,2
dhāretabbo,2
avidūre,2
ajjhāvasanti,2
dhārethāti,2
hiraññaṃ,2
avāyāpitasaññī,2
jānāhīti,2
adhisīlaṃ,2
bhaṇḍikaṃ,2
dajjehi,2
accekaṃ,2
acchādetha,2
anubhoti,2
bhisicchavi,2
chaḍḍehīti,2
chaḍḍitāchaḍḍitañca,2
ehāvuso,2
appaccuddhaṭe,2
kilamantīti,2
kilamanti,2
etaṃ,2
chakkhattuṃ,2
chakkhattuparamaṃ,2
khuddake,2
acchannopi,2
appakilamathena,2
gacchanti,2
antoudosite,2
khippameva,2
khamanīyaṃ,2
evāhaṃ,2
antopāsāde,2
khajjanti,2
bhikkhūpi,2
acchinnacīvarakā,2
bhikkhunopaneva,2
antonivesane,2
accekacīvarasaññī,2
anudhammatā,2
anuññātā,2
api,2
anupasampannassa,2
anupasampannasaññī,2
anupadajjeyyāmāti,2
ekatoupasampannāya,2
ābhatāti,2
anupadajjeyya,2
catubandhanena,2
kumbhakāro,2
abhihaṭṭhuṃ,2
cāti,2
abhikkhaṇaṃ,2
kulūpako,2
ekadesaṃ,2
antonāvāya,2
kule,2
cassa,2
āpajjasīti,2
caramāno,2
aparibhuttaṃ,2
abhogena,2
anuññātanti,2
ekenāti,2
cetiye,2
kosambiyaṃ,2
apariṇatasaññī,2
apāsādikaṃ,2
apatto,2
kocideva,2
kulassa,2
appeva,2
antovihāre,2
corā,2
cīvarapiṇḍapātasenāsanagilānappaccayabhesajjaparikkhārā,2
antohammiye,2
evarūpena,2
bhesajjāni,2
antogāme,2
codetabbo,2
antodasāhaṃ,2
ārāmikasatāni,2
antochāyāya,2
bhesajjaṃ,2
coragāmaṇiko,2
addasa,2
bhedanāya,2
bhavissasi,2
antoaṭṭe,2
addhamāso,2
gacchantassa,2
addhānaṃ,2
katikāya,2
dutiyā,2
corehi,2
katihipi,2
corikāya,2
adese,2
kathineti,2
adhicittaṃ,2
dūtena,2
ācikkhitabbaṃ,2
kayavikkayasaññī,2
gotamī,2
acchinnacīvaro,2
dvaṅgulā,2
antomāḷe,2
kāyikena,2
kyāhaṃ,2
bhikkhuṃpaneva,2
cīvaracetāpannenāti,2
cīvaracetāpannāni,2
evañcetaṃ,2
āpādemāti,1
tiṭṭhamāno,1
therassa,1
āraññikaṅgaṃ,1
tāvakālikaṃ,1
ārocenti,1
ti,1
āroceti,1
tyāhaṃ,1
tveva,1
tāvatakaṃ,1
tāva,1
ārāmikiniyā,1
ṭhitaṃ,1
tatuttarisikkhāpadaṃ,1
anuyuñjiyamānā,1
tatoce,1
ātāpiniyo,1
ubbhatasmiṃkathineti,1
tīhuppanne,1
ārāmikenāti,1
tikkhattuṃ,1
tibandhano,1
tattakaṃ,1
āpadāsu,1
tatthāyaṃ,1
tatthāyasmante,1
ṭhapiyyati,1
ārāmikinī,1
ārāmaṃ,1
āsumbhasīti,1
āsumbhi,1
āpajjīti,1
tilatelaṃ,1
tayo,1
tiṃse,1
tulā,1
āroceyyāthāti,1
tenāhaṃ,1
tīṇeva,1
ṭhitokāso,1
apica,1
ārāmikanti,1
terase,1
tiyojanaparamatā,1
ārāmikagāmakotipi,1
aruṇuggamanā,1
tenupasaṅkamiṃsu,1
ṭhito,1
tene,1
assa,1
āraññakaṃ,1
tevīse,1
asuci,1
thirabhāvāya,1
ṭhānaṃ,1
tuyheva,1
assaddhassa,1
appasannassa,1
tuṇhībhūto,1
thokataraṃ,1
aparopi,1
appamattā,1
apattakassa,1
appamādo,1
thavikāyopi,1
ṭhitā,1
titthiyāti,1
asuciṃ,1
araññe,1
kutoti,1
tatiyo,1
bhessajjānīti,1
bhijjati,1
bhijjeyya,1
bhikkhuninti,1
satiṃ,1
bhikkhunīsu,1
sattāhaparamatā,1
sāsapatelaṃ,1
sāsaṅkasammatāni,1
bhikkhusaṅghaṃ,1
bhikkhussāti,1
sārayamāno,1
sāratto,1
sarājikāya,1
sāsaṅkasikkhāpadaṃ,1
sattāhātikkantaṃ,1
bhesajjasikkhāpadaṃ,1
sattāhuppanne,1
bhattā,1
senāsanānīti,1
senāsanāni,1
senāsanaṃ,1
bhattampi,1
bhattavetanāhāro,1
bhattavissaggaṃ,1
bhattena,1
bhātuno,1
bhaveyyaṃ,1
sattavīse,1
sattarase,1
sattame,1
sattamāse,1
bhesajjānaṃ,1
bhikkhūsu,1
sappaṭibhayāni,1
sappaṭibhayaṃ,1
sāpi,1
carahi,1
carati,1
saññāṇaṃ,1
carissanti,1
caritvā,1
saṅghikena,1
cattena,1
saṅghāṭiyā,1
catubandhano,1
catūhuppanne,1
saṅghātaṃ,1
saṅghasuṭṭhutāya,1
catukkhattuṃpañcakkhattuṃ,1
saṅghaphāsutāya,1
saṅghanavakā,1
buddhānaṃ,1
bhāsitabbo,1
sannipātāpetvā,1
brāhmaṇaṃ,1
bhinnā,1
bhinnasaññī,1
bhinno,1
santhatasammutiyā,1
santhatasammuti,1
bhojanīyaṃ,1
bhojetvā,1
santhatā,1
bhumattharaṇaṃ,1
bhuñjati,1
bhuñjitabbo,1
santaruttaraparamaṃtena,1
santaruttaraparamaṃ,1
bhuttokāso,1
bimbisāroti,1
sannipatitabbaṃ,1
atikkāmenti,1
bhāsati,1
bhañjati,1
tañceti,1
tañce,1
āvāsaṃ,1
avaseso,1
tadubhayaṃ,1
avikappitaṃ,1
taññeva,1
tadahuppanne,1
avikappito,1
avippavāsasammuti,1
avippavāsasammutiyā,1
suvaṇṇanti,1
suvaṇṇamālāya,1
avissajjetvāti,1
tadaheva,1
tantavāyaṃ,1
aṭṭhavīse,1
atthavase,1
atikkāmentīti,1
atikkāmessanti,1
tatiyakathinasikkhāpadaṃ,1
atikkāmessantīti,1
atikkāmitaṃ,1
tathā,1
atikkāmitāni,1
atirekachabbassāni,1
attamanā,1
aṭṭhāhuppanne,1
tāsaṃ,1
tante,1
aṭṭhame,1
aṭṭhārase,1
aṭṭhāsi,1
suvaṇṇā,1
anuyuñjitvā,1
suttaviññattisikkhāpadaṃ,1
suttāni,1
bāhullikā,1
sodhāpeti,1
sodhāpemi,1
bandhanokāso,1
sīsūpagaṃ,1
bandhāpesi,1
sibbetuṃ,1
bhagavantānaṃ,1
bhagavāpi,1
bhagavatāvuso,1
seṭṭhiputtena,1
bhaṇḍe,1
bhaṅgaṃ,1
sesā,1
sesa,1
soḷase,1
bhanteti,1
bahukehi,1
suddhadvebhāgā,1
aya,1
suttā,1
surattaṃ,1
ayañca,1
suparikammakataṃ,1
āyasmāpi,1
āyoge,1
ayopatto,1
ayyānaṃ,1
sukaraṃ,1
ayyasseveso,1
sugatavidatthinti,1
bahidvārakoṭṭhake,1
bahitiyojanaṃ,1
suddhakāḷakasikkhāpadaṃ,1
bahukampi,1
ubhinnanti,1
anto,1
anuyuñjāhīti,1
viññāpentīti,1
adhiṭṭheyya,1
viññāpemāti,1
vinesīti,1
vinesi,1
vinemīti,1
adhiṭṭhitapattaṃ,1
ādissa,1
vinasseyya,1
āgacchanti,1
vinassantipi,1
vināpeti,1
āgacchasīti,1
vinā,1
vimajjati,1
viññāpesīti,1
adhiṭṭhātabbo,1
adhiṭṭhātabbaṃ,1
viññāpessasi,1
vippavasanti,1
vippaṭisārissa,1
adātukāmena,1
vipācentīnaṃ,1
aḍḍhāḷhakodanaṃ,1
addhamāse,1
viññattiṃ,1
vimajjasīti,1
addhamāsoseso,1
addhānamaggappaṭipannassa,1
addhānamaggappaṭipannassāti,1
adhimucci,1
adhipaññaṃ,1
viññāpetabbo,1
adhipaññanti,1
viññāpessatīti,1
addhānamaggappaṭipannā,1
vimajjantaṃ,1
vimajjāmīti,1
viluttā,1
aggāḷave,1
vihārapālo,1
viharantoti,1
agghaṃ,1
viharantīti,1
agginā,1
āha,1
aggahesi,1
viharāma,1
vihārā,1
ahañhi,1
veyyāvaccampi,1
āharatha,1
āharayya,1
āharissāmīti,1
āharissasi,1
ahameva,1
vippavasantīti,1
āgatoti,1
viheṭhissanti,1
āgaccheyya,1
vikkayitañca,1
āgacchissanti,1
vikappeyya,1
agāmake,1
vikappetabbaṃ,1
āgantabbanti,1
āgatosīti,1
vijaṭitāni,1
āgantukehi,1
vijaṭehīti,1
vijaṭāpeyya,1
agāra,1
vijaṭāpethapīti,1
vijaṭāpessathapi,1
vijahitabbā,1
vijaṭetvā,1
ādātabbāti,1
vippavāsāya,1
vippavāsāyāti,1
abrahmacārinīti,1
yānikho,1
accayena,1
yāne,1
yānāhaṃ,1
yampi,1
accekacīvarāni,1
abrahmacārinī,1
yāhaṃ,1
accekacīvarānīti,1
yadidaṃ,1
accekacīvaranti,1
accekacīvarasikkhāpadaṃ,1
acchādehi,1
acchādethāti,1
acchādetukāmā,1
yāgupi,1
acchādetukāmāttha,1
abhivādentīti,1
abhippasannā,1
yopana,1
abandhano,1
yeva,1
abandhanokāso,1
abbhantaraṃ,1
abbhuggantvā,1
yehi,1
abhivādenti,1
yāvatakaṃ,1
yattakaṃyeva,1
yato,1
abhinipphāditaṃ,1
abhinne,1
yathānikkhittaṃ,1
yathānaggāva,1
yathābhataṃ,1
abhihariṃsu,1
vehāsaṃ,1
acchādetukāmātthāti,1
vutthavassā,1
acchinnakāraṇā,1
vissajjetabbo,1
vissajjetabbaṃ,1
vīse,1
visabhāge,1
vipulena,1
vipulaṃ,1
vissajjetvāti,1
ācikkhati,1
vippavasitvā,1
āciṇṇaṃ,1
acodiyamāno,1
vippavasissantīti,1
vippavasissanti,1
adaṃsu,1
adāsiṃ,1
vippavuṭṭhaṃ,1
vuṭṭhavassānaṃ,1
vissajjeyya,1
vissaritvā,1
vuṭṭhahitvā,1
acchādetukāmosi,1
vuḷhaṃ,1
acchādetukāmosīti,1
acchanti,1
acchindāpeyya,1
acchindāpeyyāti,1
acchinnacīvarake,1
acchindeyya,1
acchindi,1
acchindiṃsu,1
acchindissasi,1
acchindissatīti,1
acchindīti,1
vissasanto,1
acchinnacīvarakaṃ,1
acchindeyyāti,1
āharissatīti,1
vāyāpitaṃ,1
vāyāpeyyāti,1
upanijjhāyi,1
upanetvā,1
upanetabbaṃ,1
aññepi,1
aññesaṃ,1
antaravāsake,1
antaravāsakena,1
aññeneva,1
upālinā,1
antaravāsakenāti,1
upakkhaṭasikkhāpadaṃ,1
antaravāsakoti,1
antimaṃ,1
upajjhāyo,1
upagacchati,1
caturassaṃ,1
upāliṃ,1
antoaruṇe,1
upanikkhittaṃvā,1
aññātikāyo,1
āṇatto,1
aṅgajāte,1
upasenassa,1
aññacetiyassa,1
aññapuggalassa,1
aññasaṅghassa,1
aññātakāni,1
aññātikāyoti,1
aññātakāti,1
aññātaṃ,1
upasampannāya,1
aññatarena,1
aññātikāhi,1
upasampādessāmīti,1
aññātikānaṃ,1
upasampadaṃ,1
aññātakaviññattisikkhāpadaṃ,1
añātakasaññī,1
upacikāhi,1
ūnapañcabandhano,1
uggaṇhe,1
uggaṇhāpeyyāti,1
uggaṇhāpeyya,1
uggahetvā,1
uggahāpetvā,1
udositasikkhāpadaṃ,1
uddiṭṭhā,1
uggaṇheyya,1
anuññātāti,1
anuññāto,1
anuññātoti,1
udayo,1
udāyinā,1
udakena,1
udakaṃ,1
ucchumhā,1
anuññātāvuso,1
undūrehi,1
uggaṇheyyāti,1
anuddayatāya,1
ūnapañcabandhanasikkhāpadaṃ,1
ūnakatiyojanaṃ,1
antokoṭṭhāgārikā,1
ūnakamāso,1
antomāse,1
ūnakaddhamāso,1
ūnakachārattaṃ,1
uhadantipi,1
antosamaye,1
antosattāhaṃ,1
antotiyojane,1
ujjhitvā,1
ujjhitānīti,1
ujjhitāni,1
ujjhāyyanti,1
ujjhāyantīnaṃ,1
ummihantipi,1
ubho,1
upaṭṭhākāti,1
anadhiṭṭhito,1
ajjhāvasathe,1
ajjhogāhetvā,1
vassikasāṭikasikkhāpadaṃ,1
vassikasāṭikacīvaranti,1
vassikā,1
vassāni,1
akāmā,1
vātapānesu,1
vassānanti,1
vasitvā,1
vasātelaṃ,1
vāsādhippāyo,1
ākaṅkhamāno,1
varamaṃsāni,1
vantena,1
vaṇṇā,1
vassaṃvuṭṭhānaṃ,1
ākaṅkhamānoti,1
vattabbā,1
vaṭṭaṃ,1
āhatacitto,1
ajānantassa,1
vāyāpetukāmassa,1
ajikāsappi,1
vāyāpethāti,1
vāyāpessatha,1
ājīvassa,1
ajjhārāme,1
vāyāpemīti,1
vāyāpanacceko,1
vāyamamāno,1
ajja,1
vattitabbanti,1
vattitabbaṃ,1
ajjeva,1
ajjhācarati,1
vāyāpemāti,1
anapekkho,1
vaṅgantaputtassa,1
ākoṭāpeyya,1
amhākañca,1
amhe,1
uppannā,1
uppaṇḍiyamāno,1
uppaṇḍitoti,1
uppaṇḍesuṃ,1
aṃsabandhake,1
āmāyya,1
anabhiraddho,1
uppajjeyyunti,1
uppajjeyyuṃ,1
uppajjeyyāti,1
uppajjayyuṃ,1
anādāce,1
upāyena,1
anadhiṭṭhitaṃ,1
uppajjiṃsu,1
akatampi,1
ussavo,1
āmattikāpaṇaṃ,1
vakkhatha,1
ākoṭehīti,1
vadhitvā,1
vadeyyātha,1
ākoṭitā,1
vadetha,1
alābhā,1
āmāvuso,1
ālaggetvā,1
alaṅkāroti,1
vācā,1
alaṅkatā,1
uttarivāyamamāno,1
uttarimanussadhammaṃ,1
āḷaviyaṃ,1
āma,1
alaṃ,1
catuvīse,1
cīvaraacchindanasikkhāpadaṃ,1
sandassitā,1
otaranti,1
otāpenti,1
otāpente,1
hatthūpagaṃ,1
hetu,1
oṇojethāvuso,1
hiraññā,1
hatthiṃ,1
olīnavilīnāni,1
okiṇṇavikiṇṇā,1
ohiyyako,1
odātānanti,1
hiyyo,1
hotī,1
odahissāmīti,1
nocassa,1
okkamitvā,1
niviṭṭhokāso,1
ovassāpenti,1
ovassāpessatha,1
paccekacīvaracetāpannehīti,1
paccekacīvaracetāpannehiti,1
paccekacīvaracetāpannāni,1
harissatīti,1
paccassosi,1
haritabbānīti,1
hatā,1
ovassāpessantīti,1
paccāsā,1
hatthagataṃ,1
hatthapāse,1
pabbajitassa,1
pabbajitā,1
ovaṭṭikāya,1
ovassāpeti,1
ovassāpethāti,1
paccāharatipi,1
nivisi,1
icchāmahaṃ,1
nivatthāya,1
nissajjitabba,1
jātarūpaṃ,1
jātarūparajataṃ,1
nissaggiyaṃhotīti,1
jīnosīti,1
nissaggiyakaṇḍaṃ,1
jīvitaṃ,1
janapade,1
nisinnokāso,1
kahāpaṇena,1
nisīditabbaṃ,1
nisīdati,1
nisīdanasanthatasikkhāpadaṃ,1
nisīdanasanthataṃpana,1
kahāpaṇoti,1
nisīdanapaccattharaṇaṃ,1
kacche,1
jānāmīti,1
janā,1
itthiṃ,1
nivāseyya,1
icchamāno,1
icchasi,1
nivāsetha,1
nivāsetabbanti,1
nivāsessatha,1
nivāsessanti,1
nivāsenti,1
iddhānubhāvoti,1
iddhipāṭihāriyaṃ,1
niṭṭhitacīvarasmiṃbhikkhunā,1
idha,1
niṭṭhitā,1
nissāya,1
iminācīvaracetāpannenāti,1
nissaṭṭhapattaṃ,1
iṅghāvuso,1
paccekacīvarāni,1
kāḷakāni,1
haratūti,1
pacchato,1
panetaṃ,1
pāṇe,1
pañcavīse,1
pañcapi,1
pañcamāsā,1
gahessantīti,1
pañcakkhatuṃ,1
gahaṭṭho,1
pañcakkhattuṃ,1
gāhetabbā,1
pañcadhanusatikaṃ,1
gahetabbo,1
gāhitāgāhitañca,1
panāyasmanto,1
gāmasīmaṃ,1
gamissāmi,1
pañcāhuppanne,1
panāhaṃ,1
pāṇippahāraṃ,1
paññapessāmi,1
paribbājakārāmaṃ,1
paribbājakaṃ,1
parāmasi,1
pārājikapāḷi,1
parahatthagataṃ,1
parabhaṇḍaṃ,1
panthaṃ,1
gāhāpeti,1
gahapatānīnaṃ,1
gahapatāniyo,1
paññattāti,1
gahapatī,1
gahapatīnaṃ,1
pannarase,1
paṇṇapuṭaṃ,1
gahapatissa,1
gahapatāniyā,1
gaṇetvā,1
gaṇhāhīti,1
paṃsukūlikaṅgaṃ,1
gocaragāme,1
paggāhikasālaṃ,1
pādūpagaṃ,1
padīpe,1
gosappi,1
gotamake,1
pādāsi,1
gīvūpagaṃ,1
gotami,1
handimaṃ,1
paccuṭṭhāsi,1
hārako,1
haranto,1
harāpeti,1
pacchimo,1
haratipi,1
handāvusoti,1
gihissa,1
pahitattā,1
pahite,1
gaṇhātu,1
gaṇheyya,1
gaṇhi,1
pakkhipitvā,1
pakkhipi,1
pakke,1
pakkamissantīti,1
pakkamissanti,1
gatanti,1
gāviṃ,1
ghanakataṃ,1
ghaṭepi,1
pakkamati,1
pakkamantīti,1
pakkamanti,1
pakatiyāpi,1
gihīpi,1
pacchābhattaṃ,1
paribbājakassa,1
nippīḷiyamānā,1
kāḷavaṇṇe,1
khilajāto,1
khiyyantīnaṃ,1
khomaṃ,1
māsātikkantaṃ,1
māsaparamatā,1
khuddakā,1
maraṇanti,1
khāyitaṃ,1
kicchalābhā,1
maṅku,1
maṇī,1
kīḷanti,1
kissāyaṃ,1
maṃsena,1
maṃse,1
kītāni,1
kicchalābho,1
mama,1
mattikāpattoti,1
mātugāmoti,1
kayavikkayasikkhāpadaṃ,1
mukhena,1
muggarappahāraṃ,1
mucci,1
kayiramānāya,1
kayitañca,1
keci,1
mātugāmā,1
missitvā,1
kehici,1
mayi,1
mayhañca,1
kenacideva,1
mayanti,1
khādanīyaṃ,1
khādanīyampi,1
meyya,1
kittakena,1
kittako,1
kīva,1
kulaṃ,1
madhukatelaṃ,1
kumbhakārena,1
lūkhacīvarāti,1
lūkhacīvarā,1
lomāni,1
kupitoanattamanoti,1
maggena,1
lāmako,1
laggeti,1
laddhāti,1
kūṭāgārasālāyaṃ,1
laddhalābhāti,1
lābho,1
labhitvā,1
lābhī,1
lāmakaṃ,1
kukkuccāyanto,1
kosiyavaggo,1
mahāmattaṃ,1
ko,1
mālākitā,1
mālā,1
makkhikāmadhu,1
majjhanhike,1
mahiṃsasappi,1
kolambepi,1
mahāvane,1
kosalesu,1
koseyyaṃ,1
mahāpesakārasikkhāpadaṃ,1
kosiyā,1
kosiyaṃsunā,1
mahante,1
mahantā,1
kosiyasikkhāpadaṃ,1
mahāmattassa,1
muñcāpesi,1
nipannokāso,1
muttena,1
kāyabandhane,1
niccabhattiko,1
nibbattaṃ,1
karaṇīyaṃ,1
karaṇīyena,1
nayya,1
navo,1
kārāpetīti,1
kappiyakārakassa,1
kārāpetunti,1
navāhuppanne,1
navāhā,1
kāretabbanti,1
kāreti,1
karissāmāti,1
naṭṭhakāraṇā,1
karohīti,1
kārāpetvāti,1
karonti,1
kappati,1
nīharitvā,1
kāle,1
nikkhittāni,1
kālepi,1
kālo,1
nikkhipitabbo,1
kambalaṃ,1
kaṇṇakitāni,1
kappāso,1
nikkhipissati,1
nikkhipissanti,1
kaṇṇakitānīti,1
kappāsā,1
nikkhipantīti,1
nikkhipanti,1
kappāsikaṃ,1
nikkhamitvā,1
nikkhipissantīti,1
kassaci,1
ñātikāyo,1
katakammā,1
kattikapuṇṇamaṃ,1
nāḷikodanaṃ,1
kattikapuṇṇamanti,1
kattikatemāsikapuṇṇamaṃ,1
kattikatemāsikapuṇṇamanti,1
nahānaṃ,1
kattukāmo,1
kattikacorakā,1
nāha,1
naggena,1
kattukāmoti,1
kaṭūpagaṃ,1
nāgamessasi,1
nāgamesīti,1
nāgamaṃsu,1
nāgacchissanti,1
naggo,1
namhi,1
kattikacātumāsinī,1
kattikā,1
katākatampi,1
katampi,1
katāni,1
katepi,1
kathāsallāpaṃ,1
kathāyaṃ,1
nāssudha,1
nasseyya,1
kathinaṃ,1
nassantipi,1
kathinasikkhāpadaṃ,1
kathinavaggo,1
kathinuddhāradivasaṃ,1
nānūpacārā,1
nāñño,1
nānappakārakāti,1
kattha,1
myāyaṃ,1
cetāpehi,1
gacchantena,1
paribhogaṃ,1
raññā,1
rājūhi,1
rajjaṃ,1
rajataṃ,1
rājasikkhāpadaṃ,1
dasāhuppanne,1
dassāmāti,1
dasāhānāgatāya,1
rajāpethapi,1
dassāmi,1
dassanaṃ,1
dassati,1
rajanakāḷakaṃ,1
rājaṃ,1
dassatīti,1
dassitanti,1
rajāpessathapi,1
rājabhoggaṃ,1
raññopi,1
rattāni,1
sabbatthakaṃ,1
sabbasovaṇṇamayo,1
dānāhaṃ,1
rūpiyasikkhāpadaṃ,1
dānapañcamaṃ,1
rūpiyasaṃvohārasikkhāpadaṃ,1
dāni,1
rattaṃ,1
rūpiyappaṭiggāhakaṃ,1
rukkhe,1
rodatīti,1
dasa,1
dasāhānāgataṃ,1
dasāhānāgatanti,1
rattivippavutthaṃ,1
rattisatānīti,1
rūpiyacetāpakaṃ,1
puttadārassa,1
dāyakā,1
puttabhātukā,1
dhammanimantanāya,1
dhammo,1
piṇḍāyāti,1
piṇḍapāto,1
piṇḍapātikaṅgaṃ,1
piṇḍapātappaṭikkantā,1
piṇḍapātanīhārakenāti,1
pubbepi,1
piṇḍapātamattampīti,1
dhāvantiyā,1
pilindivaccho,1
dhītā,1
dhotaṃ,1
dhotāni,1
dhovanañca,1
pilindagāmakotipi,1
piṇḍapātamattampi,1
dhammanimantanāpi,1
pucchati,1
pucchi,1
ḍayhantipi,1
purise,1
demāti,1
dentīti,1
desāpessāmāti,1
desīti,1
devassāpi,1
purāṇasanthataṃ,1
purāṇadutiyikā,1
purāṇacīvarasikkhāpadaṃ,1
devāti,1
deyyadhammo,1
puna,1
dhammaṃ,1
pūgassa,1
pūgaṃ,1
dhammampi,1
dajjetha,1
dhovantiyā,1
dadeyyāsi,1
cuddase,1
cetessantīti,1
sambahulehi,1
cha,1
samayoti,1
chabbaggiyehi,1
chabbassaparamatā,1
chabbassasikkhāpadaṃ,1
sāmikā,1
samayāti,1
chabbīse,1
samāpajjissatīti,1
samāpajjissatha,1
samāpajjissasi,1
samāpajjissantīti,1
samāpajjissanti,1
chāhuppanne,1
samayaṃ,1
samāpajjathāti,1
sāmikassa,1
cetentīti,1
cetāpehīti,1
sāṇaṃ,1
cetāpemāti,1
samuttejitā,1
cetāpemīti,1
cetāpenti,1
cetāpessatīti,1
cetessanti,1
sampassantā,1
sampahaṃsitā,1
cetāpetukāmānaṃ,1
sampādetvā,1
cetāpetukāmassa,1
cetāpeyya,1
cetāpeyyāti,1
cetāpito,1
cetāpetha,1
samāpajjasīti,1
samāpajjanti,1
chapi,1
cīvarapiṇḍapātasenāsanagilānappaccayabhesajjaparikkhāranti,1
sajjeyya,1
sajjasīti,1
cīvarehīti,1
saha,1
codayamāno,1
sādiyati,1
sāketā,1
sāditabbanti,1
coragāmaṇikassa,1
saddhivihāriko,1
saddhivihārikaṃ,1
corānaṃ,1
saddhā,1
sadasaṃ,1
sacīvarabhikkhā,1
sāditabbāni,1
cīvarapaṭiggahaṇasikkhāpadaṃ,1
cīvarapaccāsāti,1
cīvarakārasamaye,1
samaṇo,1
chārattaparamaṃ,1
chārattaparamaṃtena,1
sāmaṇerassa,1
chārattaparamatā,1
chāyā,1
samādiyiṃsu,1
samādhimhā,1
chinditvā,1
ciraṃ,1
samādapitā,1
ciraṭṭhitiko,1
cirena,1
cittaṃ,1
cīvara,1
cīvarakālasamayo,1
cīvarakammaṃ,1
saccāhaṃ,1
paribhogajiṇṇaṃ,1
pihentā,1
pharati,1
ekato,1
pariyiṭṭhāya,1
pariyiṭṭhaṃ,1
pariyesitabbanti,1
pariyesitabbaṃ,1
pariyesissatha,1
pariyesissanti,1
pārupi,1
pariyeseyya,1
pariyesanti,1
parivisi,1
parivattitāti,1
ekavīse,1
parivattetha,1
parivattessati,1
ekenapi,1
pariyesatha,1
pārivattakāti,1
pārupituṃ,1
ekasāṭako,1
paṭapilotikānaṃ,1
paṭanti,1
paṭaṃ,1
paṭako,1
paṭakā,1
ehi,1
passissanti,1
ekatiṃse,1
passato,1
pasīdati,1
ekabandhano,1
ekādasamāse,1
pasādo,1
ekadese,1
ekāhaṃ,1
pāsādaṃ,1
passati,1
ekūnatiṃse,1
ekūnavīse,1
parittena,1
pariṇāmesunti,1
pariṇāmessatha,1
pariṇāmessantīti,1
evameva,1
evamevime,1
paridahitaṃ,1
pariccattoti,1
pariṇāmethāti,1
pariccatto,1
evarūpaṃvā,1
paribhuñjitabbānīti,1
evarūpesu,1
gabbhaṃ,1
gabbhinī,1
gabbhinīti,1
gaccha,1
pariccattaṃ,1
pariṇāmeyya,1
pariṇāmitaṃ,1
etissā,1
parittaṃ,1
parisuddhetthāyasmanto,1
ekūpacārā,1
parissāvane,1
parissāvanānipi,1
eḷakalomadhovāpanasikkhāpadaṃ,1
eḷakalomasikkhāpadaṃ,1
eraṇḍatelaṃ,1
pāripūriyāti,1
pāripūriyā,1
pāripūrīti,1
pāripūri,1
pāripūratthāya,1
paripātenti,1
ete,1
pariṇatasikkhāpadaṃ,1
eteneva,1
paṭena,1
phāsu,1
paṭenāti,1
dvīhuppanne,1
patthodanaṃ,1
pattenāti,1
pattavāṇijjaṃ,1
pattavaggo,1
pattatthavikāya,1
pattassa,1
pattasikkhāpadaṃ,1
dhovāpitāni,1
pattanti,1
dhovitvā,1
dhuttehi,1
pattaggāhāpakassa,1
dinnaṃyeva,1
dinne,1
dinnoti,1
pāṭiyekko,1
pattāni,1
disvā,1
dhovāpitaṃ,1
pavāḷo,1
phaliko,1
phalikā,1
dhovāpesīti,1
dhovāpessasi,1
dhovāpessathapi,1
pavisiṃsu,1
pavisanti,1
pavāḷā,1
pavāsato,1
pavāritena,1
pavāritā,1
pavāreyyāti,1
pavāreyya,1
pavāretvā,1
pavāraṇāya,1
pavāraṇā,1
dhovāpethapi,1
paṭivissake,1
disvānassa,1
paṭivisaṃ,1
paṭiggaho,1
paṭiggahitaṃ,1
dutiyassa,1
dutiyaupakkhaṭasikkhāpadaṃ,1
dutiyo,1
dvādase,1
paṭiggahessati,1
dūte,1
paṭiggahessantīti,1
paṭiggahesiṃ,1
dvebhāgasikkhāpadaṃ,1
paṭicca,1
dvepi,1
paṭibalā,1
dvibandhano,1
paṭhamo,1
dvāvīse,1
paṭiggaṇhanti,1
paṭiggaṇhantīti,1
paṭiggaṇhantiyo,1
paṭissuto,1
divāvihārāya,1
dubbalacīvaromhīti,1
paṭisaṅkhāraṃ,1
paṭisammodituṃ,1
paṭisāmeti,1
dubbaṇṇakaraṇāya,1
dubbaṇṇakaraṇāyāti,1
paṭipucchitvā,1
paṭipucchi,1
paṭimuñci,1
paṭimuñcāti,1
duggatānaṃ,1
dulladdhaṃ,1
dūrato,1
dussavāṇijjaṃ,1
dūtakena,1
dvikkhattuṃ,1
2,1
